+ /usr/bin/python3 scripts/build_backend.py --work /home/baidu/scrapanium-experiments/scrapanium-wss-recv-cold-20260924/build/wss-recv-coalescing/backend-work --prefix /home/baidu/scrapanium-experiments/scrapanium-wss-recv-cold-20260924/build/wss-recv-coalescing/backend-live --jobs 4
hint: Using 'master' as the name for the initial branch. This default branch name
hint: will change to "main" in Git 3.0. To configure the initial branch name
hint: to use in all of your new repositories, which will suppress this warning,
hint: call:
hint:
hint: 	git config --global init.defaultBranch <name>
hint:
hint: Names commonly chosen instead of 'master' are 'main', 'trunk' and
hint: 'development'. The just-created branch can be renamed via this command:
hint:
hint: 	git branch -m <name>
hint:
hint: Disable this message with "git config set advice.defaultBranchName false"
Initialized empty Git repository in /home/baidu/scrapanium-experiments/scrapanium-wss-recv-cold-20260924/build/wss-recv-coalescing/backend-work/source/.git/
From https://github.com/lexiforest/curl-impersonate
 * branch            6e8f87760a4dd96771e96fc9d55440dcd8845243 -> FETCH_HEAD
HEAD is now at 6e8f877 Permute extensions after order was set, close #306
patching file /home/baidu/scrapanium-experiments/scrapanium-wss-recv-cold-20260924/build/wss-recv-coalescing/backend-work/CMakeLists.txt
BUILD_DIR="/home/baidu/scrapanium-experiments/scrapanium-wss-recv-cold-20260924/build/wss-recv-coalescing/backend-work/build" \
JOBS="4" \
LIBIDN2_VERSION="2.3.7" \
LIBIDN2_URL="https://ftp.gnu.org/gnu/libidn/libidn2-2.3.7.tar.gz" \
./scripts/build-libidn2.sh
configure: Libidn2 2.3.7 libidn2 2.3.7 0x02030007 4:0:4 0
checking for a BSD-compatible install... /usr/bin/install -c
checking whether build environment is sane... yes
checking for a race-free mkdir -p... /usr/bin/mkdir -p
checking for gawk... gawk
checking whether make sets $(MAKE)... yes
checking whether make supports nested variables... yes
checking whether make supports nested variables... (cached) yes
checking for gcc... /usr/bin/clang
checking whether the C compiler works... yes
checking for C compiler default output file name... a.out
checking for suffix of executables... 
checking whether we are cross compiling... no
checking for suffix of object files... o
checking whether the compiler supports GNU C... yes
checking whether /usr/bin/clang accepts -g... yes
checking for /usr/bin/clang option to enable C11 features... none needed
checking whether /usr/bin/clang understands -c and -o together... yes
checking whether the compiler is clang... yes
checking for compiler option needed when checking for declarations... -Werror=implicit-function-declaration
checking whether make supports the include directive... yes (GNU style)
checking dependency style of /usr/bin/clang... gcc3
checking for stdio.h... yes
checking for stdlib.h... yes
checking for string.h... yes
checking for inttypes.h... yes
checking for stdint.h... yes
checking for strings.h... yes
checking for sys/stat.h... yes
checking for sys/types.h... yes
checking for unistd.h... yes
checking for wchar.h... yes
checking for minix/config.h... no
checking for sys/socket.h... yes
checking for error.h... yes
checking for getopt.h... yes
checking for sys/cdefs.h... yes
checking for limits.h... yes
checking for sys/param.h... yes
checking for sys/time.h... yes
checking for stdbool.h... yes
checking for stdckdint.h... yes
checking for iconv.h... yes
checking for features.h... yes
checking for crtdefs.h... no
checking whether it is safe to define __EXTENSIONS__... yes
checking whether _XOPEN_SOURCE should be defined... no
checking build system type... x86_64-pc-linux-gnu
checking host system type... x86_64-pc-linux-gnu
checking how to run the C preprocessor... /usr/bin/clang -E
checking for egrep -e... /usr/bin/grep -E
checking for Minix Amsterdam compiler... no
checking for ar... ar
checking for ranlib... ranlib
checking for /usr/bin/clang option to enable large file support... none needed
checking how to print strings... printf
checking for a sed that does not truncate output... /usr/bin/sed
checking for grep that handles long lines and -e... /usr/bin/grep
checking for egrep... /usr/bin/grep -E
checking for fgrep... /usr/bin/grep -F
checking for ld used by /usr/bin/clang... /usr/bin/ld
checking if the linker (/usr/bin/ld) is GNU ld... yes
checking for BSD- or MS-compatible name lister (nm)... /usr/bin/nm -B
checking the name lister (/usr/bin/nm -B) interface... BSD nm
checking whether ln -s works... yes
checking the maximum length of command line arguments... 1572864
checking how to convert x86_64-pc-linux-gnu file names to x86_64-pc-linux-gnu format... func_convert_file_noop
checking how to convert x86_64-pc-linux-gnu file names to toolchain format... func_convert_file_noop
checking for /usr/bin/ld option to reload object files... -r
checking for objdump... objdump
checking how to recognize dependent libraries... pass_all
checking for dlltool... no
checking how to associate runtime and link libraries... printf %s\n
checking for archiver @FILE support... @
checking for strip... strip
checking for ranlib... (cached) ranlib
checking command to parse /usr/bin/nm -B output from /usr/bin/clang object... ok
checking for sysroot... no
checking for a working dd... /usr/bin/dd
checking how to truncate binary pipes... /usr/bin/dd bs=4096 count=1
checking for mt... no
checking if : is a manifest tool... no
checking for dlfcn.h... yes
checking for objdir... .libs
checking if /usr/bin/clang supports -fno-rtti -fno-exceptions... yes
checking for /usr/bin/clang option to produce PIC... -fPIC -DPIC
checking if /usr/bin/clang PIC flag -fPIC -DPIC works... yes
checking if /usr/bin/clang static flag -static works... yes
checking if /usr/bin/clang supports -c -o file.o... yes
checking if /usr/bin/clang supports -c -o file.o... (cached) yes
checking whether the /usr/bin/clang linker (/usr/bin/ld -m elf_x86_64) supports shared libraries... yes
checking dynamic linker characteristics... GNU/Linux ld.so
checking how to hardcode library paths into programs... immediate
checking whether stripping libraries is possible... yes
checking if libtool supports shared libraries... yes
checking whether to build shared libraries... no
checking whether to build static libraries... yes
checking for size_t... yes
checking for working alloca.h... yes
checking for alloca... yes
checking whether the preprocessor supports include_next... yes
checking whether source code line length is unlimited... yes
checking for _set_invalid_parameter_handler... no
checking for fcntl... yes
checking for symlink... yes
checking for getdtablesize... yes
checking for getexecname... no
checking for lstat... yes
checking for complete errno.h... yes
checking for /usr/bin/clang options needed to detect all undeclared functions... none needed
checking for error... yes
checking whether error_at_line is declared... yes
checking for error_at_line... yes
checking for working error function... yes
checking whether strerror_r is declared... yes
checking whether strerror_r returns char *... yes
checking whether ctype.h defines __header_inline... no
checking for working fcntl.h... yes
checking for pid_t... yes
checking for mode_t... yes
checking whether stat file-mode macros are broken... no
checking for C/C++ restrict keyword... __restrict__
checking for nlink_t... yes
checking whether getdelim is declared... yes
checking whether getdtablesize is declared... yes
checking whether getline is declared... yes
checking for getopt.h... (cached) yes
checking for getopt_long_only... yes
checking whether getopt is POSIX compatible... yes
checking for working GNU getopt function... yes
checking for working GNU getopt_long function... yes
checking for inline... inline
checking whether limits.h has WORD_BIT, BOOL_WIDTH etc.... yes
checking whether limits.h has SSIZE_MAX... yes
checking for GNU libc compatible malloc... yes
checking whether the compiler produces multi-arch binaries... no
checking for O_CLOEXEC... yes
checking for promoted mode_t type... mode_t
checking for wchar_t... yes
checking for good max_align_t... yes
checking whether NULL can be used in arbitrary expressions... yes
checking for unreachable... no
checking for wint_t... yes
checking whether wint_t is large enough... yes
checking whether stdint.h conforms to C99... yes
checking whether stdint.h works without ISO C predefines... yes
checking whether stdint.h has UINTMAX_WIDTH etc.... yes
checking whether fcloseall is declared... yes
checking whether getw is declared... yes
checking whether putw is declared... yes
checking which flavor of printf attribute matches inttypes macros... system
checking for nl_langinfo and CODESET... yes
checking for a french Unicode locale... none
checking whether ecvt is declared... yes
checking whether fcvt is declared... yes
checking whether gcvt is declared... yes
checking whether MB_CUR_MAX is correct... guessing yes
checking whether strerror(0) succeeds... yes
checking for struct timespec in <time.h>... yes
checking for TIME_UTC in <time.h>... yes
checking whether execvpe is declared... yes
checking for valgrind... no
checking for C compiler option to allow warnings... -Wno-error
checking for C++ compiler option to allow warnings... -Wno-error
checking for alloca as a compiler built-in... yes
checking for static_assert... no
checking whether // is distinct from /... no
checking whether dup2 works... yes
checking whether fcntl handles F_DUPFD correctly... yes
checking whether fcntl understands F_DUPFD_CLOEXEC... needs runtime check
checking for getdelim... yes
checking for working getdelim function... yes
checking whether getdtablesize works... yes
checking for getline... yes
checking for working getline function... yes
checking for getprogname... no
checking whether program_invocation_name is declared... yes
checking whether program_invocation_name is declared... (cached) yes
checking whether program_invocation_short_name is declared... yes
checking whether __argv is declared... no
checking whether the compiler generally respects inline... yes
checking if gcc/ld supports -Wl,--output-def... not needed, shared libraries are disabled
checking if LD -Wl,--version-script works... yes
checking whether the -Werror option is usable... yes
checking for simple visibility declarations... yes
checking whether the compiler supports the __inline keyword... yes
checking whether open recognizes a trailing slash... yes
checking whether program_invocation_name is declared... (cached) yes
checking whether program_invocation_short_name is declared... (cached) yes
checking for rawmemchr... yes
checking for ssize_t... yes
checking whether stat handles trailing slashes on files... yes
checking for struct stat.st_atim.tv_nsec... yes
checking whether struct stat.st_atim is of type struct timespec... yes
checking for struct stat.st_birthtimespec.tv_nsec... no
checking for struct stat.st_birthtimensec... no
checking for struct stat.st_birthtim.tv_nsec... no
checking for va_copy... yes
checking for bool, true, false... no
checking for strchrnul... yes
checking whether strchrnul works... yes
checking for working strerror function... yes
checking for strverscmp... yes
checking whether strverscmp works... yes
checking for variable-length arrays... yes
checking for ld... /usr/bin/ld -m elf_x86_64
checking if the linker (/usr/bin/ld -m elf_x86_64) is GNU ld... yes
checking for shared library run path origin... done
checking 32-bit host C ABI... no
checking for ELF binary format... yes
checking for the common suffixes of directories in the library search path... lib,lib,lib64
checking for iconv... yes
checking for working iconv... yes
checking whether iconv is compatible with its POSIX signature... yes
checking whether included libunistring is requested... yes
checking whether <wchar.h> uses 'inline' correctly... yes
checking whether wcsdup is declared... yes
checking whether free is known to preserve errno... yes
checking whether the compiler generally respects inline... (cached) yes
checking whether to use the included libunistring... yes
checking for ssize_t... (cached) yes
checking for bool, true, false... (cached) no
checking for pkg-config... /usr/bin/pkg-config
checking pkg-config is at least version 0.9.0... yes
checking for gtk-doc... no
configure: WARNING:
  You will not be able to create source packages with 'make dist'
  because gtk-doc >= 1.14 is not found.
checking for gtkdoc-check... no
checking for gtkdoc-check... no
checking for gtkdoc-rebase... no
checking for gtkdoc-mkpdf... no
checking whether to build gtk-doc documentation... no
checking for GTKDOC_DEPS... no
checking whether NLS is requested... no
checking for msgfmt... no
checking for gmsgfmt... :
checking for xgettext... no
checking for msgmerge... no
checking for CFPreferencesCopyAppValue... no
checking for CFLocaleCopyCurrent... no
checking whether to use NLS... no
checking whether to build with code coverage support... no
checking whether C compiler handles -Werror -Wunknown-warning-option... yes
checking whether -Wno-missing-field-initializers is needed... no
checking whether -Wuninitialized is supported... yes
checking whether C compiler handles -fanalyzer... no
checking whether C compiler handles -fstrict-flex-arrays... no
checking whether C compiler handles -Wall... yes
checking whether C compiler handles -Warith-conversion... no
checking whether C compiler handles -Wcast-align=strict... no
checking whether C compiler handles -Wdate-time... yes
checking whether C compiler handles -Wdisabled-optimization... yes
checking whether C compiler handles -Wdouble-promotion... yes
checking whether C compiler handles -Wduplicated-branches... no
checking whether C compiler handles -Wduplicated-cond... no
checking whether C compiler handles -Wextra... yes
checking whether C compiler handles -Wformat-signedness... yes
checking whether C compiler handles -Winit-self... yes
checking whether C compiler handles -Winvalid-pch... yes
checking whether C compiler handles -Wlogical-op... no
checking whether C compiler handles -Wmissing-declarations... yes
checking whether C compiler handles -Wmissing-include-dirs... yes
checking whether C compiler handles -Wmissing-prototypes... yes
checking whether C compiler handles -Wnested-externs... yes
checking whether C compiler handles -Wnull-dereference... yes
checking whether C compiler handles -Wold-style-definition... yes
checking whether C compiler handles -Wopenmp-simd... no
checking whether C compiler handles -Woverlength-strings... yes
checking whether C compiler handles -Wpacked... yes
checking whether C compiler handles -Wpointer-arith... yes
checking whether C compiler handles -Wshadow... yes
checking whether C compiler handles -Wstack-protector... yes
checking whether C compiler handles -Wstrict-flex-arrays... no
checking whether C compiler handles -Wstrict-prototypes... yes
checking whether C compiler handles -Wsuggest-attribute=cold... no
checking whether C compiler handles -Wsuggest-attribute=format... no
checking whether C compiler handles -Wsuggest-attribute=malloc... no
checking whether C compiler handles -Wsuggest-attribute=noreturn... no
checking whether C compiler handles -Wsuggest-final-methods... no
checking whether C compiler handles -Wsuggest-final-types... no
checking whether C compiler handles -Wsync-nand... no
checking whether C compiler handles -Wtrampolines... no
checking whether C compiler handles -Wuninitialized... yes
checking whether C compiler handles -Wunknown-pragmas... yes
checking whether C compiler handles -Wunsafe-loop-optimizations... no
checking whether C compiler handles -Wunused-macros... no
checking whether C compiler handles -Wvariadic-macros... yes
checking whether C compiler handles -Wvector-operation-performance... no
checking whether C compiler handles -Wvla... yes
checking whether C compiler handles -Wwrite-strings... yes
checking whether C compiler handles -Warray-bounds=2... no
checking whether C compiler handles -Wattribute-alias=2... no
checking whether C compiler handles -Wbidi-chars=any,ucn... no
checking whether C compiler handles -Wformat-overflow=2... no
checking whether C compiler handles -Wformat=2... yes
checking whether C compiler handles -Wformat-truncation=2... no
checking whether C compiler handles -Wimplicit-fallthrough=5... no
checking whether C compiler handles -Wshift-overflow=2... no
checking whether C compiler handles -Wuse-after-free=3... no
checking whether C compiler handles -Wunused-const-variable=2... no
checking whether C compiler handles -Wvla-larger-than=4031... no
checking whether C compiler handles -Wno-analyzer-malloc-leak... no
checking whether C compiler handles -Wno-sign-compare... yes
checking that generated files are newer than configure... done
configure: creating ./config.status
config.status: creating doc/Makefile
config.status: creating doc/reference/Makefile
config.status: creating doc/reference/version.xml
config.status: creating Makefile
config.status: creating examples/Makefile
config.status: creating lib/idn2.h
config.status: creating lib/Makefile
config.status: creating unistring/Makefile
config.status: creating gl/Makefile
config.status: creating libidn2.pc
config.status: creating po/Makefile.in
config.status: creating src/Makefile
config.status: creating tests/Makefile
config.status: creating fuzz/Makefile
config.status: creating config.h
config.status: linking /home/baidu/scrapanium-experiments/scrapanium-wss-recv-cold-20260924/build/wss-recv-coalescing/backend-work/build/deps/src/libidn2/GNUmakefile to GNUmakefile
config.status: executing depfiles commands
config.status: executing libtool commands
config.status: executing po-directories commands
config.status: creating po/POTFILES
config.status: creating po/Makefile
configure: summary of main build options:

  Version:            2.3.7
  Libtool version     4:0:4
  DLL version:        0
  Header version:     major 2 minor 3 patch 7 number 0x02030007
  Build system:       x86_64-pc-linux-gnu
  Host/Target system: x86_64-pc-linux-gnu
  Install prefix:     /home/baidu/scrapanium-experiments/scrapanium-wss-recv-cold-20260924/build/wss-recv-coalescing/backend-work/build/deps/install
  Compiler:           /usr/bin/clang
  CFLAGS:             -g -O2
  CPPFLAGS:           
  LDFLAGS:            
  Library types:      Shared=no, Static=yes

  Warning flags:      
      WERROR_CFLAGS:  
WERROR_TESTS_CFLAGS:  
        WARN_CFLAGS:   -Wall -Wdate-time -Wdisabled-optimization -Wdouble-promotion -Wextra -Wformat-signedness -Winit-self -Winvalid-pch -Wmissing-declarations -Wmissing-include-dirs -Wmissing-prototypes -Wnested-externs -Wnull-dereference -Wold-style-definition -Woverlength-strings -Wpacked -Wpointer-arith -Wshadow -Wstack-protector -Wstrict-prototypes -Wuninitialized -Wunknown-pragmas -Wvariadic-macros -Wvla -Wwrite-strings -Wformat=2 -Wno-sign-compare

  Documentation:      yes

  nl_langinfo:        yes
  Libiconv:           yes, in libc
         LTLIBICONV:  
  Libunistring:       
            VERSION:  
     LTLIBUNISTRING:  

  Version script:     yes

  Valgrind:              

gmake[1]: Entering directory '/home/baidu/scrapanium-experiments/scrapanium-wss-recv-cold-20260924/build/wss-recv-coalescing/backend-work/build/deps/build/libidn2'
gmake  all-recursive
gmake[2]: Entering directory '/home/baidu/scrapanium-experiments/scrapanium-wss-recv-cold-20260924/build/wss-recv-coalescing/backend-work/build/deps/build/libidn2'
Making all in gl
gmake[3]: Entering directory '/home/baidu/scrapanium-experiments/scrapanium-wss-recv-cold-20260924/build/wss-recv-coalescing/backend-work/build/deps/build/libidn2/gl'
  GEN      alloca.h
  GEN      assert.h
  GEN      error.h
  GEN      fcntl.h
  GEN      limits.h
  GEN      stddef.h
  GEN      stdio.h
  GEN      stdlib.h
  GEN      string.h
  GEN      sys/stat.h
  GEN      sys/types.h
  GEN      time.h
  GEN      unistd.h
gmake  all-recursive
gmake[4]: Entering directory '/home/baidu/scrapanium-experiments/scrapanium-wss-recv-cold-20260924/build/wss-recv-coalescing/backend-work/build/deps/build/libidn2/gl'
gmake[5]: Entering directory '/home/baidu/scrapanium-experiments/scrapanium-wss-recv-cold-20260924/build/wss-recv-coalescing/backend-work/build/deps/build/libidn2/gl'
  CC       libgnu_la-basename-lgpl.lo
  CC       libgnu_la-cloexec.lo
  CC       libgnu_la-fcntl.lo
  CC       libgnu_la-fd-hook.lo
  CC       libgnu_la-getprogname.lo
  CC       libgnu_la-malloca.lo
  CC       libgnu_la-progname.lo
  CC       libgnu_la-stat-time.lo
  CC       libgnu_la-unistd.lo
  CC       libgnu_la-version-etc.lo
  CCLD     libgnu.la
gmake[5]: Leaving directory '/home/baidu/scrapanium-experiments/scrapanium-wss-recv-cold-20260924/build/wss-recv-coalescing/backend-work/build/deps/build/libidn2/gl'
gmake[4]: Leaving directory '/home/baidu/scrapanium-experiments/scrapanium-wss-recv-cold-20260924/build/wss-recv-coalescing/backend-work/build/deps/build/libidn2/gl'
gmake[3]: Leaving directory '/home/baidu/scrapanium-experiments/scrapanium-wss-recv-cold-20260924/build/wss-recv-coalescing/backend-work/build/deps/build/libidn2/gl'
Making all in unistring
gmake[3]: Entering directory '/home/baidu/scrapanium-experiments/scrapanium-wss-recv-cold-20260924/build/wss-recv-coalescing/backend-work/build/deps/build/libidn2/unistring'
  GEN      iconv.h
  GEN      inttypes.h
  GEN      limits.h
  GEN      stddef.h
  GEN      stdlib.h
  GEN      string.h
  GEN      sys/types.h
  GEN      uniconv.h
  GEN      unictype.h
  GEN      uninorm.h
  GEN      unistd.h
  GEN      unistr.h
  GEN      unitypes.h
  GEN      wchar.h
gmake  all-am
gmake[4]: Entering directory '/home/baidu/scrapanium-experiments/scrapanium-wss-recv-cold-20260924/build/wss-recv-coalescing/backend-work/build/deps/build/libidn2/unistring'
  CC       libunistring_la-c-ctype.lo
  CC       libunistring_la-c-strcasecmp.lo
  CC       libunistring_la-c-strncasecmp.lo
  CC       libunistring_la-localcharset.lo
  CC       libunistring_la-striconveh.lo
  CC       libunistring_la-striconveha.lo
  CC       libunistring_la-unistd.lo
  CC       uniconv/libunistring_la-u8-conv-from-enc.lo
  CC       uniconv/libunistring_la-u8-strconv-from-enc.lo
  CC       uniconv/libunistring_la-u8-strconv-from-locale.lo
  CC       uniconv/libunistring_la-u8-strconv-to-enc.lo
  CC       uniconv/libunistring_la-u8-strconv-to-locale.lo
  CC       unictype/libunistring_la-bidi_of.lo
  CC       unictype/libunistring_la-categ_M.lo
  CC       unictype/libunistring_la-categ_none.lo
  CC       unictype/libunistring_la-categ_of.lo
  CC       unictype/libunistring_la-categ_test.lo
  CC       unictype/libunistring_la-combiningclass.lo
  CC       unictype/libunistring_la-joiningtype_of.lo
  CC       unictype/libunistring_la-scripts.lo
  CC       uninorm/libunistring_la-canonical-decomposition.lo
  CC       uninorm/libunistring_la-composition.lo
  CC       uninorm/libunistring_la-decompose-internal.lo
  CC       uninorm/libunistring_la-decomposition-table.lo
In file included from /home/baidu/scrapanium-experiments/scrapanium-wss-recv-cold-20260924/build/wss-recv-coalescing/backend-work/build/deps/src/libidn2/unistring/unictype/scripts.c:26:
./unictype/scripts_byname.gperf:75:7: warning: unannotated fall-through between switch labels [-Wimplicit-fallthrough]
   75 |       case 7:
      |       ^
./unictype/scripts_byname.gperf:75:7: note: insert '__attribute__((fallthrough));' to silence this warning
   75 |       case 7:
      |       ^
      |       __attribute__((fallthrough)); 
./unictype/scripts_byname.gperf:75:7: note: insert 'break;' to avoid fall-through
   75 |       case 7:
      |       ^
      |       break; 
./unictype/scripts_byname.gperf:80:7: warning: unannotated fall-through between switch labels [-Wimplicit-fallthrough]
   80 |       case 4:
      |       ^
./unictype/scripts_byname.gperf:80:7: note: insert '__attribute__((fallthrough));' to silence this warning
   80 |       case 4:
      |       ^
      |       __attribute__((fallthrough)); 
./unictype/scripts_byname.gperf:80:7: note: insert 'break;' to avoid fall-through
   80 |       case 4:
      |       ^
      |       break; 
./unictype/scripts_byname.gperf:84:7: warning: unannotated fall-through between switch labels [-Wimplicit-fallthrough]
   84 |       case 2:
      |       ^
./unictype/scripts_byname.gperf:84:7: note: insert '__attribute__((fallthrough));' to silence this warning
   84 |       case 2:
      |       ^
      |       __attribute__((fallthrough)); 
./unictype/scripts_byname.gperf:84:7: note: insert 'break;' to avoid fall-through
   84 |       case 2:
      |       ^
      |       break; 
  CC       uninorm/libunistring_la-nfc.lo
3 warnings generated.
  CC       uninorm/libunistring_la-nfd.lo
  CC       uninorm/libunistring_la-u32-normalize.lo
  CC       unistr/libunistring_la-u32-cmp.lo
  CC       unistr/libunistring_la-u32-cpy.lo
  CC       unistr/libunistring_la-u32-cpy-alloc.lo
  CC       unistr/libunistring_la-u32-mbtouc-unsafe.lo
  CC       unistr/libunistring_la-u32-strlen.lo
  CC       unistr/libunistring_la-u32-to-u8.lo
  CC       unistr/libunistring_la-u32-uctomb.lo
  CC       unistr/libunistring_la-u8-check.lo
  CC       unistr/libunistring_la-u8-mblen.lo
  CC       unistr/libunistring_la-u8-mbtouc.lo
  CC       unistr/libunistring_la-u8-mbtouc-aux.lo
  CC       unistr/libunistring_la-u8-mbtouc-unsafe.lo
  CC       unistr/libunistring_la-u8-mbtouc-unsafe-aux.lo
  CC       unistr/libunistring_la-u8-mbtoucr.lo
  CC       unistr/libunistring_la-u8-prev.lo
  CC       unistr/libunistring_la-u8-strlen.lo
  CC       unistr/libunistring_la-u8-to-u32.lo
  CC       unistr/libunistring_la-u8-uctomb.lo
  CC       unistr/libunistring_la-u8-uctomb-aux.lo
  CCLD     libunistring.la
gmake[4]: Leaving directory '/home/baidu/scrapanium-experiments/scrapanium-wss-recv-cold-20260924/build/wss-recv-coalescing/backend-work/build/deps/build/libidn2/unistring'
gmake[3]: Leaving directory '/home/baidu/scrapanium-experiments/scrapanium-wss-recv-cold-20260924/build/wss-recv-coalescing/backend-work/build/deps/build/libidn2/unistring'
Making all in lib
gmake[3]: Entering directory '/home/baidu/scrapanium-experiments/scrapanium-wss-recv-cold-20260924/build/wss-recv-coalescing/backend-work/build/deps/build/libidn2/lib'
gmake  all-am
gmake[4]: Entering directory '/home/baidu/scrapanium-experiments/scrapanium-wss-recv-cold-20260924/build/wss-recv-coalescing/backend-work/build/deps/build/libidn2/lib'
  CC       idna.lo
  CC       lookup.lo
  CC       decode.lo
  CC       register.lo
  CC       bidi.lo
  CC       version.lo
  CC       error.lo
  CC       punycode.lo
  CC       free.lo
  CC       data.lo
  CC       tr46map.lo
  CC       tables.lo
  CC       context.lo
  CCLD     libidn2.la
gmake[4]: Leaving directory '/home/baidu/scrapanium-experiments/scrapanium-wss-recv-cold-20260924/build/wss-recv-coalescing/backend-work/build/deps/build/libidn2/lib'
gmake[3]: Leaving directory '/home/baidu/scrapanium-experiments/scrapanium-wss-recv-cold-20260924/build/wss-recv-coalescing/backend-work/build/deps/build/libidn2/lib'
Making all in src
gmake[3]: Entering directory '/home/baidu/scrapanium-experiments/scrapanium-wss-recv-cold-20260924/build/wss-recv-coalescing/backend-work/build/deps/build/libidn2/src'
gmake  all-am
gmake[4]: Entering directory '/home/baidu/scrapanium-experiments/scrapanium-wss-recv-cold-20260924/build/wss-recv-coalescing/backend-work/build/deps/build/libidn2/src'
  CC       idn2.o
  CC       libidn2_cmd_la-idn2_cmd.lo
/home/baidu/scrapanium-experiments/scrapanium-wss-recv-cold-20260924/build/wss-recv-coalescing/backend-work/build/deps/src/libidn2/src/idn2.c:57:22: warning: format string is not a string literal [-Wformat-nonliteral]
   57 |     fprintf (stderr, _("Try `%s --help' for more information.\n"),
      |                      ^~~~~~~~~~~~~~~~~~~~~~~~~~~~~~~~~~~~~~~~~~~~
/home/baidu/scrapanium-experiments/scrapanium-wss-recv-cold-20260924/build/wss-recv-coalescing/backend-work/build/deps/src/libidn2/src/idn2.c:38:19: note: expanded from macro '_'
   38 | #define _(String) dgettext (PACKAGE, String)
      |                   ^~~~~~~~~~~~~~~~~~~~~~~~~~
/home/baidu/scrapanium-experiments/scrapanium-wss-recv-cold-20260924/build/wss-recv-coalescing/backend-work/build/deps/src/libidn2/gl/gettext.h:70:38: note: expanded from macro 'dgettext'
   70 | # define dgettext(Domainname, Msgid) ((void) (Domainname), gettext (Msgid))
      |                                      ^~~~~~~~~~~~~~~~~~~~~~~~~~~~~~~~~~~~~
/home/baidu/scrapanium-experiments/scrapanium-wss-recv-cold-20260924/build/wss-recv-coalescing/backend-work/build/deps/src/libidn2/src/idn2.c:61:15: warning: format string is not a string literal [-Wformat-nonliteral]
   61 |       printf (_("\
      |               ^~~~
   62 | Usage: %s [OPTION]... [STRINGS]...\n\
      | ~~~~~~~~~~~~~~~~~~~~~~~~~~~~~~~~~~~~~
   63 | "), program_name);
      | ~~
/home/baidu/scrapanium-experiments/scrapanium-wss-recv-cold-20260924/build/wss-recv-coalescing/backend-work/build/deps/src/libidn2/src/idn2.c:38:19: note: expanded from macro '_'
   38 | #define _(String) dgettext (PACKAGE, String)
      |                   ^~~~~~~~~~~~~~~~~~~~~~~~~~
/home/baidu/scrapanium-experiments/scrapanium-wss-recv-cold-20260924/build/wss-recv-coalescing/backend-work/build/deps/src/libidn2/gl/gettext.h:70:38: note: expanded from macro 'dgettext'
   70 | # define dgettext(Domainname, Msgid) ((void) (Domainname), gettext (Msgid))
      |                                      ^~~~~~~~~~~~~~~~~~~~~~~~~~~~~~~~~~~~~
/home/baidu/scrapanium-experiments/scrapanium-wss-recv-cold-20260924/build/wss-recv-coalescing/backend-work/build/deps/src/libidn2/src/idn2.c:123:36: warning: format specifies type 'unsigned int' but the argument has type 'int' [-Wformat]
  122 |       fprintf (stderr, "UTF-8 %s[%lu] = 0x%02x\n",
      |                                           ~~~~
      |                                           %02x
  123 |                prefix, (unsigned long) i, u8[i] & 0xFF);
      |                                           ^~~~~~~~~~~~
/home/baidu/scrapanium-experiments/scrapanium-wss-recv-cold-20260924/build/wss-recv-coalescing/backend-work/build/deps/src/libidn2/src/idn2.c:207:22: warning: format string is not a string literal [-Wformat-nonliteral]
  207 |     fprintf (stderr, _("Charset: %s\n"), locale_charset ());
      |                      ^~~~~~~~~~~~~~~~~~
/home/baidu/scrapanium-experiments/scrapanium-wss-recv-cold-20260924/build/wss-recv-coalescing/backend-work/build/deps/src/libidn2/src/idn2.c:38:19: note: expanded from macro '_'
   38 | #define _(String) dgettext (PACKAGE, String)
      |                   ^~~~~~~~~~~~~~~~~~~~~~~~~~
/home/baidu/scrapanium-experiments/scrapanium-wss-recv-cold-20260924/build/wss-recv-coalescing/backend-work/build/deps/src/libidn2/gl/gettext.h:70:38: note: expanded from macro 'dgettext'
   70 | # define dgettext(Domainname, Msgid) ((void) (Domainname), gettext (Msgid))
      |                                      ^~~~~~~~~~~~~~~~~~~~~~~~~~~~~~~~~~~~~
4 warnings generated.
  CCLD     libidn2_cmd.la
  CCLD     idn2
gmake[4]: Leaving directory '/home/baidu/scrapanium-experiments/scrapanium-wss-recv-cold-20260924/build/wss-recv-coalescing/backend-work/build/deps/build/libidn2/src'
gmake[3]: Leaving directory '/home/baidu/scrapanium-experiments/scrapanium-wss-recv-cold-20260924/build/wss-recv-coalescing/backend-work/build/deps/build/libidn2/src'
Making all in examples
gmake[3]: Entering directory '/home/baidu/scrapanium-experiments/scrapanium-wss-recv-cold-20260924/build/wss-recv-coalescing/backend-work/build/deps/build/libidn2/examples'
  CC       decode.o
  CC       lookup.o
  CC       register.o
  CC       example-toascii.o
  CC       example-tounicode.o
  CCLD     decode
  CCLD     example-toascii
  CCLD     lookup
  CCLD     register
  CCLD     example-tounicode
gmake[3]: Leaving directory '/home/baidu/scrapanium-experiments/scrapanium-wss-recv-cold-20260924/build/wss-recv-coalescing/backend-work/build/deps/build/libidn2/examples'
Making all in fuzz
gmake[3]: Entering directory '/home/baidu/scrapanium-experiments/scrapanium-wss-recv-cold-20260924/build/wss-recv-coalescing/backend-work/build/deps/build/libidn2/fuzz'
gmake[3]: Nothing to be done for 'all'.
gmake[3]: Leaving directory '/home/baidu/scrapanium-experiments/scrapanium-wss-recv-cold-20260924/build/wss-recv-coalescing/backend-work/build/deps/build/libidn2/fuzz'
Making all in po
gmake[3]: Entering directory '/home/baidu/scrapanium-experiments/scrapanium-wss-recv-cold-20260924/build/wss-recv-coalescing/backend-work/build/deps/build/libidn2/po'
gmake[3]: Nothing to be done for 'all'.
gmake[3]: Leaving directory '/home/baidu/scrapanium-experiments/scrapanium-wss-recv-cold-20260924/build/wss-recv-coalescing/backend-work/build/deps/build/libidn2/po'
Making all in doc
gmake[3]: Entering directory '/home/baidu/scrapanium-experiments/scrapanium-wss-recv-cold-20260924/build/wss-recv-coalescing/backend-work/build/deps/build/libidn2/doc'
gmake  all-recursive
gmake[4]: Entering directory '/home/baidu/scrapanium-experiments/scrapanium-wss-recv-cold-20260924/build/wss-recv-coalescing/backend-work/build/deps/build/libidn2/doc'
Making all in reference
gmake[5]: Entering directory '/home/baidu/scrapanium-experiments/scrapanium-wss-recv-cold-20260924/build/wss-recv-coalescing/backend-work/build/deps/build/libidn2/doc/reference'
gmake[5]: Nothing to be done for 'all'.
gmake[5]: Leaving directory '/home/baidu/scrapanium-experiments/scrapanium-wss-recv-cold-20260924/build/wss-recv-coalescing/backend-work/build/deps/build/libidn2/doc/reference'
gmake[5]: Entering directory '/home/baidu/scrapanium-experiments/scrapanium-wss-recv-cold-20260924/build/wss-recv-coalescing/backend-work/build/deps/build/libidn2/doc'
gmake[5]: Nothing to be done for 'all-am'.
gmake[5]: Leaving directory '/home/baidu/scrapanium-experiments/scrapanium-wss-recv-cold-20260924/build/wss-recv-coalescing/backend-work/build/deps/build/libidn2/doc'
gmake[4]: Leaving directory '/home/baidu/scrapanium-experiments/scrapanium-wss-recv-cold-20260924/build/wss-recv-coalescing/backend-work/build/deps/build/libidn2/doc'
gmake[3]: Leaving directory '/home/baidu/scrapanium-experiments/scrapanium-wss-recv-cold-20260924/build/wss-recv-coalescing/backend-work/build/deps/build/libidn2/doc'
Making all in tests
gmake[3]: Entering directory '/home/baidu/scrapanium-experiments/scrapanium-wss-recv-cold-20260924/build/wss-recv-coalescing/backend-work/build/deps/build/libidn2/tests'
gmake  all-am
gmake[4]: Entering directory '/home/baidu/scrapanium-experiments/scrapanium-wss-recv-cold-20260924/build/wss-recv-coalescing/backend-work/build/deps/build/libidn2/tests'
gmake[4]: Nothing to be done for 'all-am'.
gmake[4]: Leaving directory '/home/baidu/scrapanium-experiments/scrapanium-wss-recv-cold-20260924/build/wss-recv-coalescing/backend-work/build/deps/build/libidn2/tests'
gmake[3]: Leaving directory '/home/baidu/scrapanium-experiments/scrapanium-wss-recv-cold-20260924/build/wss-recv-coalescing/backend-work/build/deps/build/libidn2/tests'
gmake[3]: Entering directory '/home/baidu/scrapanium-experiments/scrapanium-wss-recv-cold-20260924/build/wss-recv-coalescing/backend-work/build/deps/build/libidn2'
gmake[3]: Leaving directory '/home/baidu/scrapanium-experiments/scrapanium-wss-recv-cold-20260924/build/wss-recv-coalescing/backend-work/build/deps/build/libidn2'
gmake[2]: Leaving directory '/home/baidu/scrapanium-experiments/scrapanium-wss-recv-cold-20260924/build/wss-recv-coalescing/backend-work/build/deps/build/libidn2'
gmake[1]: Leaving directory '/home/baidu/scrapanium-experiments/scrapanium-wss-recv-cold-20260924/build/wss-recv-coalescing/backend-work/build/deps/build/libidn2'
gmake[1]: Entering directory '/home/baidu/scrapanium-experiments/scrapanium-wss-recv-cold-20260924/build/wss-recv-coalescing/backend-work/build/deps/build/libidn2'
gmake  install-recursive
gmake[2]: Entering directory '/home/baidu/scrapanium-experiments/scrapanium-wss-recv-cold-20260924/build/wss-recv-coalescing/backend-work/build/deps/build/libidn2'
Making install in gl
gmake[3]: Entering directory '/home/baidu/scrapanium-experiments/scrapanium-wss-recv-cold-20260924/build/wss-recv-coalescing/backend-work/build/deps/build/libidn2/gl'
gmake  install-recursive
gmake[4]: Entering directory '/home/baidu/scrapanium-experiments/scrapanium-wss-recv-cold-20260924/build/wss-recv-coalescing/backend-work/build/deps/build/libidn2/gl'
gmake[5]: Entering directory '/home/baidu/scrapanium-experiments/scrapanium-wss-recv-cold-20260924/build/wss-recv-coalescing/backend-work/build/deps/build/libidn2/gl'
gmake[6]: Entering directory '/home/baidu/scrapanium-experiments/scrapanium-wss-recv-cold-20260924/build/wss-recv-coalescing/backend-work/build/deps/build/libidn2/gl'
gmake[6]: Nothing to be done for 'install-exec-am'.
gmake[6]: Nothing to be done for 'install-data-am'.
gmake[6]: Leaving directory '/home/baidu/scrapanium-experiments/scrapanium-wss-recv-cold-20260924/build/wss-recv-coalescing/backend-work/build/deps/build/libidn2/gl'
gmake[5]: Leaving directory '/home/baidu/scrapanium-experiments/scrapanium-wss-recv-cold-20260924/build/wss-recv-coalescing/backend-work/build/deps/build/libidn2/gl'
gmake[4]: Leaving directory '/home/baidu/scrapanium-experiments/scrapanium-wss-recv-cold-20260924/build/wss-recv-coalescing/backend-work/build/deps/build/libidn2/gl'
gmake[3]: Leaving directory '/home/baidu/scrapanium-experiments/scrapanium-wss-recv-cold-20260924/build/wss-recv-coalescing/backend-work/build/deps/build/libidn2/gl'
Making install in unistring
gmake[3]: Entering directory '/home/baidu/scrapanium-experiments/scrapanium-wss-recv-cold-20260924/build/wss-recv-coalescing/backend-work/build/deps/build/libidn2/unistring'
gmake  install-am
gmake[4]: Entering directory '/home/baidu/scrapanium-experiments/scrapanium-wss-recv-cold-20260924/build/wss-recv-coalescing/backend-work/build/deps/build/libidn2/unistring'
gmake[5]: Entering directory '/home/baidu/scrapanium-experiments/scrapanium-wss-recv-cold-20260924/build/wss-recv-coalescing/backend-work/build/deps/build/libidn2/unistring'
gmake[5]: Nothing to be done for 'install-exec-am'.
gmake[5]: Nothing to be done for 'install-data-am'.
gmake[5]: Leaving directory '/home/baidu/scrapanium-experiments/scrapanium-wss-recv-cold-20260924/build/wss-recv-coalescing/backend-work/build/deps/build/libidn2/unistring'
gmake[4]: Leaving directory '/home/baidu/scrapanium-experiments/scrapanium-wss-recv-cold-20260924/build/wss-recv-coalescing/backend-work/build/deps/build/libidn2/unistring'
gmake[3]: Leaving directory '/home/baidu/scrapanium-experiments/scrapanium-wss-recv-cold-20260924/build/wss-recv-coalescing/backend-work/build/deps/build/libidn2/unistring'
Making install in lib
gmake[3]: Entering directory '/home/baidu/scrapanium-experiments/scrapanium-wss-recv-cold-20260924/build/wss-recv-coalescing/backend-work/build/deps/build/libidn2/lib'
gmake  install-am
gmake[4]: Entering directory '/home/baidu/scrapanium-experiments/scrapanium-wss-recv-cold-20260924/build/wss-recv-coalescing/backend-work/build/deps/build/libidn2/lib'
gmake[5]: Entering directory '/home/baidu/scrapanium-experiments/scrapanium-wss-recv-cold-20260924/build/wss-recv-coalescing/backend-work/build/deps/build/libidn2/lib'
 /usr/bin/mkdir -p '/home/baidu/scrapanium-experiments/scrapanium-wss-recv-cold-20260924/build/wss-recv-coalescing/backend-work/build/deps/install/lib'
 /bin/bash ../libtool   --mode=install /usr/bin/install -c   libidn2.la '/home/baidu/scrapanium-experiments/scrapanium-wss-recv-cold-20260924/build/wss-recv-coalescing/backend-work/build/deps/install/lib'
libtool: install: /usr/bin/install -c .libs/libidn2.lai /home/baidu/scrapanium-experiments/scrapanium-wss-recv-cold-20260924/build/wss-recv-coalescing/backend-work/build/deps/install/lib/libidn2.la
libtool: install: /usr/bin/install -c .libs/libidn2.a /home/baidu/scrapanium-experiments/scrapanium-wss-recv-cold-20260924/build/wss-recv-coalescing/backend-work/build/deps/install/lib/libidn2.a
libtool: install: chmod 644 /home/baidu/scrapanium-experiments/scrapanium-wss-recv-cold-20260924/build/wss-recv-coalescing/backend-work/build/deps/install/lib/libidn2.a
libtool: install: ranlib /home/baidu/scrapanium-experiments/scrapanium-wss-recv-cold-20260924/build/wss-recv-coalescing/backend-work/build/deps/install/lib/libidn2.a
libtool: finish: PATH="/home/baidu/.local/bin:/usr/local/sbin:/usr/local/bin:/usr/sbin:/usr/bin:/sbin:/bin:/usr/games:/usr/local/games:/usr/lib/wsl/lib:/mnt/c/Users/Baidu/.cache/codex-runtimes/codex-primary-runtime/dependencies/native/powershell:/mnt/c/Users/Baidu/.codex/tmp/arg0/codex-arg0yBjFeo:/mnt/c/Users/Baidu/.cache/codex-runtimes/codex-primary-runtime/dependencies/native/libheif/libheif/bin:/mnt/c/Users/Baidu/.cache/codex-runtimes/codex-primary-runtime/dependencies/native/jxrlib/jxrlib/bin:/mnt/c/Users/Baidu/.cache/codex-runtimes/codex-primary-runtime/dependencies/native/poppler/Library/bin:/mnt/c/Users/Baidu/.cache/codex-runtimes/codex-primary-runtime/dependencies/bin/override:/mnt/c/WINDOWS/system32:/mnt/c/WINDOWS:/mnt/c/WINDOWS/System32/Wbem:/mnt/c/WINDOWS/System32/WindowsPowerShell/v1.0/:/mnt/c/WINDOWS/System32/OpenSSH/:/mnt/c/Program Files/Git/cmd:/mnt/c/Program Files/nodejs/:/mnt/c/Program Files/Arduino CLI/:/mnt/c/Users/Baidu/.cache/codex-runtimes/codex-primary-runtime/dependencies/native/powershell:/mnt/c/Users/Baidu/AppData/Local/Microsoft/WindowsApps:/mnt/c/Users/Baidu/AppData/Local/PowerToys/DSCModules/:/mnt/c/Users/Baidu/AppData/Local/Programs/cursor/resources/app/bin:/mnt/c/Users/Baidu/.local/bin:/mnt/c/Users/Baidu/AppData/Roaming/npm:/mnt/c/Users/Baidu/.cache/codex-runtimes/codex-primary-runtime/dependencies/bin/fallback:/mnt/c/Users/Baidu/.cache/codex-runtimes/codex-primary-runtime/dependencies/node/bin:/mnt/c/Users/Baidu/.cache/codex-runtimes/codex-primary-runtime/dependencies/native/git/cmd:/mnt/c/Users/Baidu/AppData/Local/OpenAI/Codex/bin/73fd6465d9c76545:/mnt/c/Users/Baidu/AppData/Local/OpenAI/Codex/bin/247581e40ee272fb:/snap/bin:/sbin" ldconfig -n /home/baidu/scrapanium-experiments/scrapanium-wss-recv-cold-20260924/build/wss-recv-coalescing/backend-work/build/deps/install/lib
----------------------------------------------------------------------
Libraries have been installed in:
   /home/baidu/scrapanium-experiments/scrapanium-wss-recv-cold-20260924/build/wss-recv-coalescing/backend-work/build/deps/install/lib

If you ever happen to want to link against installed libraries
in a given directory, LIBDIR, you must either use libtool, and
specify the full pathname of the library, or use the '-LLIBDIR'
flag during linking and do at least one of the following:
   - add LIBDIR to the 'LD_LIBRARY_PATH' environment variable
     during execution
   - add LIBDIR to the 'LD_RUN_PATH' environment variable
     during linking
   - use the '-Wl,-rpath -Wl,LIBDIR' linker flag
   - have your system administrator add LIBDIR to '/etc/ld.so.conf'

See any operating system documentation about shared libraries for
more information, such as the ld(1) and ld.so(8) manual pages.
----------------------------------------------------------------------
 /usr/bin/mkdir -p '/home/baidu/scrapanium-experiments/scrapanium-wss-recv-cold-20260924/build/wss-recv-coalescing/backend-work/build/deps/install/include'
 /usr/bin/install -c -m 644 idn2.h '/home/baidu/scrapanium-experiments/scrapanium-wss-recv-cold-20260924/build/wss-recv-coalescing/backend-work/build/deps/install/include'
gmake[5]: Leaving directory '/home/baidu/scrapanium-experiments/scrapanium-wss-recv-cold-20260924/build/wss-recv-coalescing/backend-work/build/deps/build/libidn2/lib'
gmake[4]: Leaving directory '/home/baidu/scrapanium-experiments/scrapanium-wss-recv-cold-20260924/build/wss-recv-coalescing/backend-work/build/deps/build/libidn2/lib'
gmake[3]: Leaving directory '/home/baidu/scrapanium-experiments/scrapanium-wss-recv-cold-20260924/build/wss-recv-coalescing/backend-work/build/deps/build/libidn2/lib'
Making install in src
gmake[3]: Entering directory '/home/baidu/scrapanium-experiments/scrapanium-wss-recv-cold-20260924/build/wss-recv-coalescing/backend-work/build/deps/build/libidn2/src'
gmake  install-am
gmake[4]: Entering directory '/home/baidu/scrapanium-experiments/scrapanium-wss-recv-cold-20260924/build/wss-recv-coalescing/backend-work/build/deps/build/libidn2/src'
gmake[5]: Entering directory '/home/baidu/scrapanium-experiments/scrapanium-wss-recv-cold-20260924/build/wss-recv-coalescing/backend-work/build/deps/build/libidn2/src'
 /usr/bin/mkdir -p '/home/baidu/scrapanium-experiments/scrapanium-wss-recv-cold-20260924/build/wss-recv-coalescing/backend-work/build/deps/install/bin'
  /bin/bash ../libtool   --mode=install /usr/bin/install -c idn2 '/home/baidu/scrapanium-experiments/scrapanium-wss-recv-cold-20260924/build/wss-recv-coalescing/backend-work/build/deps/install/bin'
libtool: install: /usr/bin/install -c idn2 /home/baidu/scrapanium-experiments/scrapanium-wss-recv-cold-20260924/build/wss-recv-coalescing/backend-work/build/deps/install/bin/idn2
gmake[5]: Nothing to be done for 'install-data-am'.
gmake[5]: Leaving directory '/home/baidu/scrapanium-experiments/scrapanium-wss-recv-cold-20260924/build/wss-recv-coalescing/backend-work/build/deps/build/libidn2/src'
gmake[4]: Leaving directory '/home/baidu/scrapanium-experiments/scrapanium-wss-recv-cold-20260924/build/wss-recv-coalescing/backend-work/build/deps/build/libidn2/src'
gmake[3]: Leaving directory '/home/baidu/scrapanium-experiments/scrapanium-wss-recv-cold-20260924/build/wss-recv-coalescing/backend-work/build/deps/build/libidn2/src'
Making install in examples
gmake[3]: Entering directory '/home/baidu/scrapanium-experiments/scrapanium-wss-recv-cold-20260924/build/wss-recv-coalescing/backend-work/build/deps/build/libidn2/examples'
gmake[4]: Entering directory '/home/baidu/scrapanium-experiments/scrapanium-wss-recv-cold-20260924/build/wss-recv-coalescing/backend-work/build/deps/build/libidn2/examples'
gmake[4]: Nothing to be done for 'install-exec-am'.
gmake[4]: Nothing to be done for 'install-data-am'.
gmake[4]: Leaving directory '/home/baidu/scrapanium-experiments/scrapanium-wss-recv-cold-20260924/build/wss-recv-coalescing/backend-work/build/deps/build/libidn2/examples'
gmake[3]: Leaving directory '/home/baidu/scrapanium-experiments/scrapanium-wss-recv-cold-20260924/build/wss-recv-coalescing/backend-work/build/deps/build/libidn2/examples'
Making install in fuzz
gmake[3]: Entering directory '/home/baidu/scrapanium-experiments/scrapanium-wss-recv-cold-20260924/build/wss-recv-coalescing/backend-work/build/deps/build/libidn2/fuzz'
gmake[4]: Entering directory '/home/baidu/scrapanium-experiments/scrapanium-wss-recv-cold-20260924/build/wss-recv-coalescing/backend-work/build/deps/build/libidn2/fuzz'
gmake[4]: Nothing to be done for 'install-exec-am'.
gmake[4]: Nothing to be done for 'install-data-am'.
gmake[4]: Leaving directory '/home/baidu/scrapanium-experiments/scrapanium-wss-recv-cold-20260924/build/wss-recv-coalescing/backend-work/build/deps/build/libidn2/fuzz'
gmake[3]: Leaving directory '/home/baidu/scrapanium-experiments/scrapanium-wss-recv-cold-20260924/build/wss-recv-coalescing/backend-work/build/deps/build/libidn2/fuzz'
Making install in po
gmake[3]: Entering directory '/home/baidu/scrapanium-experiments/scrapanium-wss-recv-cold-20260924/build/wss-recv-coalescing/backend-work/build/deps/build/libidn2/po'
if test "libidn2" = "gettext-tools"; then \
  /usr/bin/mkdir -p /home/baidu/scrapanium-experiments/scrapanium-wss-recv-cold-20260924/build/wss-recv-coalescing/backend-work/build/deps/install/share/gettext/po; \
  for file in Makefile.in.in remove-potcdate.sin quot.sed boldquot.sed en@quot.header en@boldquot.header insert-header.sin Rules-quot   Makevars.template; do \
    /usr/bin/install -c -m 644 /home/baidu/scrapanium-experiments/scrapanium-wss-recv-cold-20260924/build/wss-recv-coalescing/backend-work/build/deps/src/libidn2/po/$file \
		    /home/baidu/scrapanium-experiments/scrapanium-wss-recv-cold-20260924/build/wss-recv-coalescing/backend-work/build/deps/install/share/gettext/po/$file; \
  done; \
  for file in Makevars; do \
    rm -f /home/baidu/scrapanium-experiments/scrapanium-wss-recv-cold-20260924/build/wss-recv-coalescing/backend-work/build/deps/install/share/gettext/po/$file; \
  done; \
else \
  : ; \
fi
gmake[3]: Leaving directory '/home/baidu/scrapanium-experiments/scrapanium-wss-recv-cold-20260924/build/wss-recv-coalescing/backend-work/build/deps/build/libidn2/po'
Making install in doc
gmake[3]: Entering directory '/home/baidu/scrapanium-experiments/scrapanium-wss-recv-cold-20260924/build/wss-recv-coalescing/backend-work/build/deps/build/libidn2/doc'
gmake  install-recursive
gmake[4]: Entering directory '/home/baidu/scrapanium-experiments/scrapanium-wss-recv-cold-20260924/build/wss-recv-coalescing/backend-work/build/deps/build/libidn2/doc'
Making install in reference
gmake[5]: Entering directory '/home/baidu/scrapanium-experiments/scrapanium-wss-recv-cold-20260924/build/wss-recv-coalescing/backend-work/build/deps/build/libidn2/doc/reference'
gmake[6]: Entering directory '/home/baidu/scrapanium-experiments/scrapanium-wss-recv-cold-20260924/build/wss-recv-coalescing/backend-work/build/deps/build/libidn2/doc/reference'
gmake[6]: Nothing to be done for 'install-exec-am'.
Nothing to install
gmake[6]: Leaving directory '/home/baidu/scrapanium-experiments/scrapanium-wss-recv-cold-20260924/build/wss-recv-coalescing/backend-work/build/deps/build/libidn2/doc/reference'
gmake[5]: Leaving directory '/home/baidu/scrapanium-experiments/scrapanium-wss-recv-cold-20260924/build/wss-recv-coalescing/backend-work/build/deps/build/libidn2/doc/reference'
gmake[5]: Entering directory '/home/baidu/scrapanium-experiments/scrapanium-wss-recv-cold-20260924/build/wss-recv-coalescing/backend-work/build/deps/build/libidn2/doc'
gmake[6]: Entering directory '/home/baidu/scrapanium-experiments/scrapanium-wss-recv-cold-20260924/build/wss-recv-coalescing/backend-work/build/deps/build/libidn2/doc'
gmake[6]: Nothing to be done for 'install-exec-am'.
 /usr/bin/mkdir -p '/home/baidu/scrapanium-experiments/scrapanium-wss-recv-cold-20260924/build/wss-recv-coalescing/backend-work/build/deps/install/share/info'
 /usr/bin/install -c -m 644 /home/baidu/scrapanium-experiments/scrapanium-wss-recv-cold-20260924/build/wss-recv-coalescing/backend-work/build/deps/src/libidn2/doc/libidn2.info '/home/baidu/scrapanium-experiments/scrapanium-wss-recv-cold-20260924/build/wss-recv-coalescing/backend-work/build/deps/install/share/info'
 install-info --info-dir='/home/baidu/scrapanium-experiments/scrapanium-wss-recv-cold-20260924/build/wss-recv-coalescing/backend-work/build/deps/install/share/info' '/home/baidu/scrapanium-experiments/scrapanium-wss-recv-cold-20260924/build/wss-recv-coalescing/backend-work/build/deps/install/share/info/libidn2.info'
 /usr/bin/mkdir -p '/home/baidu/scrapanium-experiments/scrapanium-wss-recv-cold-20260924/build/wss-recv-coalescing/backend-work/build/deps/install/share/man/man1'
 /usr/bin/install -c -m 644 /home/baidu/scrapanium-experiments/scrapanium-wss-recv-cold-20260924/build/wss-recv-coalescing/backend-work/build/deps/src/libidn2/doc/idn2.1 '/home/baidu/scrapanium-experiments/scrapanium-wss-recv-cold-20260924/build/wss-recv-coalescing/backend-work/build/deps/install/share/man/man1'
 /usr/bin/mkdir -p '/home/baidu/scrapanium-experiments/scrapanium-wss-recv-cold-20260924/build/wss-recv-coalescing/backend-work/build/deps/install/share/man/man3'
 /usr/bin/install -c -m 644 /home/baidu/scrapanium-experiments/scrapanium-wss-recv-cold-20260924/build/wss-recv-coalescing/backend-work/build/deps/src/libidn2/doc/man/idn2_to_unicode_8z4z.3 /home/baidu/scrapanium-experiments/scrapanium-wss-recv-cold-20260924/build/wss-recv-coalescing/backend-work/build/deps/src/libidn2/doc/man/idn2_to_unicode_4z4z.3 /home/baidu/scrapanium-experiments/scrapanium-wss-recv-cold-20260924/build/wss-recv-coalescing/backend-work/build/deps/src/libidn2/doc/man/idn2_to_unicode_44i.3 /home/baidu/scrapanium-experiments/scrapanium-wss-recv-cold-20260924/build/wss-recv-coalescing/backend-work/build/deps/src/libidn2/doc/man/idn2_to_unicode_8z8z.3 /home/baidu/scrapanium-experiments/scrapanium-wss-recv-cold-20260924/build/wss-recv-coalescing/backend-work/build/deps/src/libidn2/doc/man/idn2_to_unicode_8zlz.3 /home/baidu/scrapanium-experiments/scrapanium-wss-recv-cold-20260924/build/wss-recv-coalescing/backend-work/build/deps/src/libidn2/doc/man/idn2_to_unicode_lzlz.3 /home/baidu/scrapanium-experiments/scrapanium-wss-recv-cold-20260924/build/wss-recv-coalescing/backend-work/build/deps/src/libidn2/doc/man/idn2_lookup_u8.3 /home/baidu/scrapanium-experiments/scrapanium-wss-recv-cold-20260924/build/wss-recv-coalescing/backend-work/build/deps/src/libidn2/doc/man/idn2_lookup_ul.3 /home/baidu/scrapanium-experiments/scrapanium-wss-recv-cold-20260924/build/wss-recv-coalescing/backend-work/build/deps/src/libidn2/doc/man/idn2_to_ascii_4i.3 /home/baidu/scrapanium-experiments/scrapanium-wss-recv-cold-20260924/build/wss-recv-coalescing/backend-work/build/deps/src/libidn2/doc/man/idn2_to_ascii_4i2.3 /home/baidu/scrapanium-experiments/scrapanium-wss-recv-cold-20260924/build/wss-recv-coalescing/backend-work/build/deps/src/libidn2/doc/man/idn2_to_ascii_4z.3 /home/baidu/scrapanium-experiments/scrapanium-wss-recv-cold-20260924/build/wss-recv-coalescing/backend-work/build/deps/src/libidn2/doc/man/idn2_to_ascii_8z.3 /home/baidu/scrapanium-experiments/scrapanium-wss-recv-cold-20260924/build/wss-recv-coalescing/backend-work/build/deps/src/libidn2/doc/man/idn2_to_ascii_lz.3 /home/baidu/scrapanium-experiments/scrapanium-wss-recv-cold-20260924/build/wss-recv-coalescing/backend-work/build/deps/src/libidn2/doc/man/idn2_register_u8.3 /home/baidu/scrapanium-experiments/scrapanium-wss-recv-cold-20260924/build/wss-recv-coalescing/backend-work/build/deps/src/libidn2/doc/man/idn2_register_ul.3 /home/baidu/scrapanium-experiments/scrapanium-wss-recv-cold-20260924/build/wss-recv-coalescing/backend-work/build/deps/src/libidn2/doc/man/idn2_strerror.3 /home/baidu/scrapanium-experiments/scrapanium-wss-recv-cold-20260924/build/wss-recv-coalescing/backend-work/build/deps/src/libidn2/doc/man/idn2_strerror_name.3 /home/baidu/scrapanium-experiments/scrapanium-wss-recv-cold-20260924/build/wss-recv-coalescing/backend-work/build/deps/src/libidn2/doc/man/idn2_check_version.3 /home/baidu/scrapanium-experiments/scrapanium-wss-recv-cold-20260924/build/wss-recv-coalescing/backend-work/build/deps/src/libidn2/doc/man/idn2_free.3 '/home/baidu/scrapanium-experiments/scrapanium-wss-recv-cold-20260924/build/wss-recv-coalescing/backend-work/build/deps/install/share/man/man3'
gmake[6]: Leaving directory '/home/baidu/scrapanium-experiments/scrapanium-wss-recv-cold-20260924/build/wss-recv-coalescing/backend-work/build/deps/build/libidn2/doc'
gmake[5]: Leaving directory '/home/baidu/scrapanium-experiments/scrapanium-wss-recv-cold-20260924/build/wss-recv-coalescing/backend-work/build/deps/build/libidn2/doc'
gmake[4]: Leaving directory '/home/baidu/scrapanium-experiments/scrapanium-wss-recv-cold-20260924/build/wss-recv-coalescing/backend-work/build/deps/build/libidn2/doc'
gmake[3]: Leaving directory '/home/baidu/scrapanium-experiments/scrapanium-wss-recv-cold-20260924/build/wss-recv-coalescing/backend-work/build/deps/build/libidn2/doc'
Making install in tests
gmake[3]: Entering directory '/home/baidu/scrapanium-experiments/scrapanium-wss-recv-cold-20260924/build/wss-recv-coalescing/backend-work/build/deps/build/libidn2/tests'
gmake  install-am
gmake[4]: Entering directory '/home/baidu/scrapanium-experiments/scrapanium-wss-recv-cold-20260924/build/wss-recv-coalescing/backend-work/build/deps/build/libidn2/tests'
gmake[5]: Entering directory '/home/baidu/scrapanium-experiments/scrapanium-wss-recv-cold-20260924/build/wss-recv-coalescing/backend-work/build/deps/build/libidn2/tests'
gmake[5]: Nothing to be done for 'install-exec-am'.
gmake[5]: Nothing to be done for 'install-data-am'.
gmake[5]: Leaving directory '/home/baidu/scrapanium-experiments/scrapanium-wss-recv-cold-20260924/build/wss-recv-coalescing/backend-work/build/deps/build/libidn2/tests'
gmake[4]: Leaving directory '/home/baidu/scrapanium-experiments/scrapanium-wss-recv-cold-20260924/build/wss-recv-coalescing/backend-work/build/deps/build/libidn2/tests'
gmake[3]: Leaving directory '/home/baidu/scrapanium-experiments/scrapanium-wss-recv-cold-20260924/build/wss-recv-coalescing/backend-work/build/deps/build/libidn2/tests'
gmake[3]: Entering directory '/home/baidu/scrapanium-experiments/scrapanium-wss-recv-cold-20260924/build/wss-recv-coalescing/backend-work/build/deps/build/libidn2'
gmake[4]: Entering directory '/home/baidu/scrapanium-experiments/scrapanium-wss-recv-cold-20260924/build/wss-recv-coalescing/backend-work/build/deps/build/libidn2'
gmake[4]: Nothing to be done for 'install-exec-am'.
 /usr/bin/mkdir -p '/home/baidu/scrapanium-experiments/scrapanium-wss-recv-cold-20260924/build/wss-recv-coalescing/backend-work/build/deps/install/lib/pkgconfig'
 /usr/bin/install -c -m 644 libidn2.pc '/home/baidu/scrapanium-experiments/scrapanium-wss-recv-cold-20260924/build/wss-recv-coalescing/backend-work/build/deps/install/lib/pkgconfig'
gmake[4]: Leaving directory '/home/baidu/scrapanium-experiments/scrapanium-wss-recv-cold-20260924/build/wss-recv-coalescing/backend-work/build/deps/build/libidn2'
gmake[3]: Leaving directory '/home/baidu/scrapanium-experiments/scrapanium-wss-recv-cold-20260924/build/wss-recv-coalescing/backend-work/build/deps/build/libidn2'
gmake[2]: Leaving directory '/home/baidu/scrapanium-experiments/scrapanium-wss-recv-cold-20260924/build/wss-recv-coalescing/backend-work/build/deps/build/libidn2'
gmake[1]: Leaving directory '/home/baidu/scrapanium-experiments/scrapanium-wss-recv-cold-20260924/build/wss-recv-coalescing/backend-work/build/deps/build/libidn2'
-- The C compiler identification is Clang 21.1.8
-- The CXX compiler identification is Clang 21.1.8
-- Detecting C compiler ABI info
-- Detecting C compiler ABI info - done
-- Check for working C compiler: /usr/bin/clang - skipped
-- Detecting C compile features
-- Detecting C compile features - done
-- Detecting CXX compiler ABI info
-- Detecting CXX compiler ABI info - done
-- Check for working CXX compiler: /usr/bin/clang++ - skipped
-- Detecting CXX compile features
-- Detecting CXX compile features - done
-- curl-impersonate version: 2.2.3-scrapanium.1
-- Configuring done (5.3s)
-- Generating done (0.0s)
-- Build files have been written to: /home/baidu/scrapanium-experiments/scrapanium-wss-recv-cold-20260924/build/wss-recv-coalescing/backend-work/build
[0/2] Re-checking globbed directories...
[1/74] Creating directories for 'boringssl'
[2/74] Performing download step (download, verify and extract) for 'boringssl'
-- Downloading...
   dst='/home/baidu/scrapanium-experiments/scrapanium-wss-recv-cold-20260924/build/wss-recv-coalescing/backend-work/build/boringssl-prefix/src/156c7b75ae9b8c3b3f847acf264f17594c3859fb.zip'
   timeout='none'
   inactivity timeout='none'
-- Using src='https://github.com/google/boringssl/archive/156c7b75ae9b8c3b3f847acf264f17594c3859fb.zip'
-- verifying file...
       file='/home/baidu/scrapanium-experiments/scrapanium-wss-recv-cold-20260924/build/wss-recv-coalescing/backend-work/build/boringssl-prefix/src/156c7b75ae9b8c3b3f847acf264f17594c3859fb.zip'
-- Downloading... done
-- extracting...
     src='/home/baidu/scrapanium-experiments/scrapanium-wss-recv-cold-20260924/build/wss-recv-coalescing/backend-work/build/boringssl-prefix/src/156c7b75ae9b8c3b3f847acf264f17594c3859fb.zip'
     dst='/home/baidu/scrapanium-experiments/scrapanium-wss-recv-cold-20260924/build/wss-recv-coalescing/backend-work/build/deps/src/boringssl'
-- extracting... [tar xf]
-- extracting... [analysis]
-- extracting... [rename]
-- extracting... [clean up]
-- extracting... done
[3/74] No update step for 'boringssl'
[4/74] Performing patch step for 'boringssl'
patching file CMakeLists.txt
patching file crypto/cipher/e_tls.cc
patching file crypto/fipsmodule/ec/p256_test.cc
patching file crypto/rand/windows.cc
patching file export.sh
patching file include/openssl/aead.h
patching file include/openssl/nid.h
patching file include/openssl/ssl.h
patching file include/openssl/target.h
patching file include/openssl/tls1.h
patching file ssl/extensions.cc
patching file ssl/handshake_client.cc
patching file ssl/internal.h
patching file ssl/ssl_cipher.cc
patching file ssl/ssl_key_share.cc
patching file ssl/ssl_lib.cc
patching file ssl/ssl_privkey.cc
patching file ssl/ssl_test.cc
[5/74] Performing configure step for 'boringssl'
-- The C compiler identification is Clang 21.1.8
-- Detecting C compiler ABI info
-- Detecting C compiler ABI info - done
-- Check for working C compiler: /usr/bin/clang - skipped
-- Detecting C compile features
-- Detecting C compile features - done
-- The CXX compiler identification is Clang 21.1.8
-- Detecting CXX compiler ABI info
-- Detecting CXX compiler ABI info - done
-- Check for working CXX compiler: /usr/bin/clang++ - skipped
-- Detecting CXX compile features
-- Detecting CXX compile features - done
-- The ASM compiler identification is Clang with GNU-like command-line
-- Found assembler: /usr/bin/clang
-- Performing Test CMAKE_HAVE_LIBC_PTHREAD
-- Performing Test CMAKE_HAVE_LIBC_PTHREAD - Success
-- Found Threads: TRUE
-- Configuring done (4.8s)
-- Generating done (0.0s)
-- Build files have been written to: /home/baidu/scrapanium-experiments/scrapanium-wss-recv-cold-20260924/build/wss-recv-coalescing/backend-work/build/deps/build/boringssl
[6/74] Performing build step for 'boringssl'
[1/407] Building ASM object CMakeFiles/fipsmodule.dir/gen/bcm/aes-gcm-avx2-x86_64-apple.S.o
[2/407] Building ASM object CMakeFiles/fipsmodule.dir/gen/bcm/aes-gcm-avx512-x86_64-apple.S.o
[3/407] Building ASM object CMakeFiles/fipsmodule.dir/gen/bcm/aes-gcm-avx2-x86_64-linux.S.o
[4/407] Building ASM object CMakeFiles/fipsmodule.dir/gen/bcm/aesni-gcm-x86_64-apple.S.o
[5/407] Building ASM object CMakeFiles/fipsmodule.dir/gen/bcm/aes-gcm-avx512-x86_64-linux.S.o
[6/407] Building ASM object CMakeFiles/fipsmodule.dir/gen/bcm/aesni-gcm-x86_64-linux.S.o
[7/407] Building ASM object CMakeFiles/fipsmodule.dir/gen/bcm/aesni-x86-apple.S.o
[8/407] Building ASM object CMakeFiles/fipsmodule.dir/gen/bcm/aesni-x86-linux.S.o
[9/407] Building ASM object CMakeFiles/fipsmodule.dir/gen/bcm/aesni-x86_64-apple.S.o
[10/407] Building ASM object CMakeFiles/fipsmodule.dir/gen/bcm/aesni-x86_64-linux.S.o
[11/407] Building ASM object CMakeFiles/fipsmodule.dir/gen/bcm/aesv8-armv7-linux.S.o
[12/407] Building ASM object CMakeFiles/fipsmodule.dir/gen/bcm/aesv8-armv8-apple.S.o
[13/407] Building ASM object CMakeFiles/fipsmodule.dir/gen/bcm/aesv8-gcm-armv8-apple.S.o
[14/407] Building ASM object CMakeFiles/fipsmodule.dir/gen/bcm/aesv8-armv8-linux.S.o
[15/407] Building ASM object CMakeFiles/fipsmodule.dir/gen/bcm/aesv8-armv8-win.S.o
[16/407] Building ASM object CMakeFiles/fipsmodule.dir/gen/bcm/aesv8-gcm-armv8-win.S.o
[17/407] Building ASM object CMakeFiles/fipsmodule.dir/gen/bcm/aesv8-gcm-armv8-linux.S.o
[18/407] Building ASM object CMakeFiles/fipsmodule.dir/gen/bcm/armv4-mont-linux.S.o
[19/407] Building ASM object CMakeFiles/fipsmodule.dir/gen/bcm/armv8-mont-apple.S.o
[20/407] Building ASM object CMakeFiles/fipsmodule.dir/gen/bcm/armv8-mont-linux.S.o
[21/407] Building ASM object CMakeFiles/fipsmodule.dir/gen/bcm/armv8-mont-win.S.o
[22/407] Building ASM object CMakeFiles/fipsmodule.dir/gen/bcm/bn-586-apple.S.o
[23/407] Building ASM object CMakeFiles/fipsmodule.dir/gen/bcm/bn-586-linux.S.o
[24/407] Building ASM object CMakeFiles/fipsmodule.dir/gen/bcm/bn-armv8-apple.S.o
[25/407] Building ASM object CMakeFiles/fipsmodule.dir/gen/bcm/bn-armv8-linux.S.o
[26/407] Building ASM object CMakeFiles/fipsmodule.dir/gen/bcm/bn-armv8-win.S.o
[27/407] Building ASM object CMakeFiles/fipsmodule.dir/gen/bcm/bsaes-armv7-linux.S.o
[28/407] Building ASM object CMakeFiles/fipsmodule.dir/gen/bcm/co-586-apple.S.o
[29/407] Building ASM object CMakeFiles/fipsmodule.dir/gen/bcm/co-586-linux.S.o
[30/407] Building ASM object CMakeFiles/fipsmodule.dir/gen/bcm/ghash-armv4-linux.S.o
[31/407] Building ASM object CMakeFiles/fipsmodule.dir/gen/bcm/ghash-neon-armv8-apple.S.o
[32/407] Building ASM object CMakeFiles/fipsmodule.dir/gen/bcm/ghash-neon-armv8-linux.S.o
[33/407] Building ASM object CMakeFiles/fipsmodule.dir/gen/bcm/ghash-neon-armv8-win.S.o
[34/407] Building ASM object CMakeFiles/fipsmodule.dir/gen/bcm/ghash-ssse3-x86-apple.S.o
[35/407] Building ASM object CMakeFiles/fipsmodule.dir/gen/bcm/ghash-ssse3-x86_64-apple.S.o
[36/407] Building ASM object CMakeFiles/fipsmodule.dir/gen/bcm/ghash-ssse3-x86-linux.S.o
[37/407] Building ASM object CMakeFiles/fipsmodule.dir/gen/bcm/ghash-x86-apple.S.o
[38/407] Building ASM object CMakeFiles/fipsmodule.dir/gen/bcm/ghash-ssse3-x86_64-linux.S.o
[39/407] Building ASM object CMakeFiles/fipsmodule.dir/gen/bcm/ghash-x86-linux.S.o
[40/407] Building ASM object CMakeFiles/fipsmodule.dir/gen/bcm/ghash-x86_64-apple.S.o
[41/407] Building ASM object CMakeFiles/fipsmodule.dir/gen/bcm/ghash-x86_64-linux.S.o
[42/407] Building ASM object CMakeFiles/fipsmodule.dir/gen/bcm/ghashv8-armv7-linux.S.o
[43/407] Building ASM object CMakeFiles/fipsmodule.dir/gen/bcm/ghashv8-armv8-apple.S.o
[44/407] Building ASM object CMakeFiles/fipsmodule.dir/gen/bcm/ghashv8-armv8-linux.S.o
[45/407] Building ASM object CMakeFiles/fipsmodule.dir/gen/bcm/ghashv8-armv8-win.S.o
[46/407] Building ASM object CMakeFiles/fipsmodule.dir/gen/bcm/p256-armv8-asm-apple.S.o
[47/407] Building ASM object CMakeFiles/fipsmodule.dir/gen/bcm/p256-armv8-asm-linux.S.o
[48/407] Building ASM object CMakeFiles/fipsmodule.dir/gen/bcm/p256-armv8-asm-win.S.o
[49/407] Building ASM object CMakeFiles/fipsmodule.dir/gen/bcm/p256-x86_64-asm-apple.S.o
[50/407] Building ASM object CMakeFiles/fipsmodule.dir/gen/bcm/p256-x86_64-asm-linux.S.o
[51/407] Building ASM object CMakeFiles/fipsmodule.dir/gen/bcm/p256_beeu-armv8-asm-apple.S.o
[52/407] Building ASM object CMakeFiles/fipsmodule.dir/gen/bcm/p256_beeu-armv8-asm-linux.S.o
[53/407] Building ASM object CMakeFiles/fipsmodule.dir/gen/bcm/p256_beeu-armv8-asm-win.S.o
[54/407] Building ASM object CMakeFiles/fipsmodule.dir/gen/bcm/p256_beeu-x86_64-asm-apple.S.o
[55/407] Building ASM object CMakeFiles/fipsmodule.dir/gen/bcm/rdrand-x86_64-apple.S.o
[56/407] Building ASM object CMakeFiles/fipsmodule.dir/gen/bcm/p256_beeu-x86_64-asm-linux.S.o
[57/407] Building ASM object CMakeFiles/fipsmodule.dir/gen/bcm/rdrand-x86_64-linux.S.o
[58/407] Building ASM object CMakeFiles/fipsmodule.dir/gen/bcm/rsaz-avx2-apple.S.o
[59/407] Building ASM object CMakeFiles/fipsmodule.dir/gen/bcm/rsaz-avx2-linux.S.o
[60/407] Building ASM object CMakeFiles/fipsmodule.dir/gen/bcm/sha1-586-apple.S.o
[61/407] Building ASM object CMakeFiles/fipsmodule.dir/gen/bcm/sha1-armv4-large-linux.S.o
[62/407] Building ASM object CMakeFiles/fipsmodule.dir/gen/bcm/sha1-586-linux.S.o
[63/407] Building ASM object CMakeFiles/fipsmodule.dir/gen/bcm/sha1-armv8-apple.S.o
[64/407] Building ASM object CMakeFiles/fipsmodule.dir/gen/bcm/sha1-armv8-linux.S.o
[65/407] Building ASM object CMakeFiles/fipsmodule.dir/gen/bcm/sha1-armv8-win.S.o
[66/407] Building ASM object CMakeFiles/fipsmodule.dir/gen/bcm/sha1-x86_64-apple.S.o
[67/407] Building ASM object CMakeFiles/fipsmodule.dir/gen/bcm/sha256-586-apple.S.o
[68/407] Building ASM object CMakeFiles/fipsmodule.dir/gen/bcm/sha1-x86_64-linux.S.o
[69/407] Building ASM object CMakeFiles/fipsmodule.dir/gen/bcm/sha256-586-linux.S.o
[70/407] Building ASM object CMakeFiles/fipsmodule.dir/gen/bcm/sha256-armv4-linux.S.o
[71/407] Building ASM object CMakeFiles/fipsmodule.dir/gen/bcm/sha256-armv8-apple.S.o
[72/407] Building ASM object CMakeFiles/fipsmodule.dir/gen/bcm/sha256-armv8-linux.S.o
[73/407] Building ASM object CMakeFiles/fipsmodule.dir/gen/bcm/sha256-armv8-win.S.o
[74/407] Building ASM object CMakeFiles/fipsmodule.dir/gen/bcm/sha256-x86_64-apple.S.o
[75/407] Building ASM object CMakeFiles/fipsmodule.dir/gen/bcm/sha256-x86_64-linux.S.o
[76/407] Building ASM object CMakeFiles/fipsmodule.dir/gen/bcm/sha512-586-apple.S.o
[77/407] Building ASM object CMakeFiles/fipsmodule.dir/gen/bcm/sha512-586-linux.S.o
[78/407] Building ASM object CMakeFiles/fipsmodule.dir/gen/bcm/sha512-armv4-linux.S.o
[79/407] Building ASM object CMakeFiles/fipsmodule.dir/gen/bcm/sha512-armv8-apple.S.o
[80/407] Building ASM object CMakeFiles/fipsmodule.dir/gen/bcm/sha512-armv8-linux.S.o
[81/407] Building ASM object CMakeFiles/fipsmodule.dir/gen/bcm/sha512-armv8-win.S.o
[82/407] Building ASM object CMakeFiles/fipsmodule.dir/gen/bcm/vpaes-armv7-linux.S.o
[83/407] Building ASM object CMakeFiles/fipsmodule.dir/gen/bcm/sha512-x86_64-apple.S.o
[84/407] Building ASM object CMakeFiles/fipsmodule.dir/gen/bcm/sha512-x86_64-linux.S.o
[85/407] Building ASM object CMakeFiles/fipsmodule.dir/gen/bcm/vpaes-armv8-apple.S.o
[86/407] Building ASM object CMakeFiles/fipsmodule.dir/gen/bcm/vpaes-armv8-linux.S.o
[87/407] Building ASM object CMakeFiles/fipsmodule.dir/gen/bcm/vpaes-armv8-win.S.o
[88/407] Building ASM object CMakeFiles/fipsmodule.dir/gen/bcm/vpaes-x86-apple.S.o
[89/407] Building ASM object CMakeFiles/fipsmodule.dir/gen/bcm/vpaes-x86-linux.S.o
[90/407] Building ASM object CMakeFiles/fipsmodule.dir/gen/bcm/vpaes-x86_64-apple.S.o
[91/407] Building ASM object CMakeFiles/fipsmodule.dir/gen/bcm/x86-mont-apple.S.o
[92/407] Building ASM object CMakeFiles/fipsmodule.dir/gen/bcm/vpaes-x86_64-linux.S.o
[93/407] Building ASM object CMakeFiles/fipsmodule.dir/gen/bcm/x86-mont-linux.S.o
[94/407] Building ASM object CMakeFiles/fipsmodule.dir/gen/bcm/x86_64-mont-apple.S.o
[95/407] Building ASM object CMakeFiles/fipsmodule.dir/gen/bcm/x86_64-mont-linux.S.o
[96/407] Building ASM object CMakeFiles/fipsmodule.dir/gen/bcm/x86_64-mont5-apple.S.o
[97/407] Building ASM object CMakeFiles/fipsmodule.dir/third_party/fiat/asm/fiat_p256_adx_mul.S.o
[98/407] Building ASM object CMakeFiles/fipsmodule.dir/gen/bcm/x86_64-mont5-linux.S.o
[99/407] Building ASM object CMakeFiles/fipsmodule.dir/third_party/fiat/asm/fiat_p256_adx_sqr.S.o
[100/407] Building CXX object CMakeFiles/crypto.dir/crypto/aes/aes.cc.o
[101/407] Building CXX object CMakeFiles/crypto.dir/crypto/asn1/a_bool.cc.o
[102/407] Building CXX object CMakeFiles/crypto.dir/crypto/asn1/a_bitstr.cc.o
[103/407] Building CXX object CMakeFiles/crypto.dir/crypto/asn1/a_d2i_fp.cc.o
[104/407] Building CXX object CMakeFiles/crypto.dir/crypto/asn1/a_dup.cc.o
[105/407] Building CXX object CMakeFiles/crypto.dir/crypto/asn1/a_i2d_fp.cc.o
[106/407] Building CXX object CMakeFiles/crypto.dir/crypto/asn1/a_gentm.cc.o
[107/407] Building CXX object CMakeFiles/crypto.dir/crypto/asn1/a_int.cc.o
[108/407] Building CXX object CMakeFiles/crypto.dir/crypto/asn1/a_mbstr.cc.o
[109/407] Building CXX object CMakeFiles/crypto.dir/crypto/asn1/a_object.cc.o
[110/407] Building CXX object CMakeFiles/crypto.dir/crypto/asn1/a_octet.cc.o
[111/407] Building CXX object CMakeFiles/crypto.dir/crypto/asn1/a_strex.cc.o
[112/407] Building CXX object CMakeFiles/crypto.dir/crypto/asn1/a_time.cc.o
[113/407] Building CXX object CMakeFiles/crypto.dir/crypto/asn1/a_strnid.cc.o
[114/407] Building CXX object CMakeFiles/crypto.dir/crypto/asn1/a_type.cc.o
[115/407] Building CXX object CMakeFiles/crypto.dir/crypto/asn1/a_utctm.cc.o
[116/407] Building CXX object CMakeFiles/crypto.dir/crypto/asn1/asn1_lib.cc.o
[117/407] Building CXX object CMakeFiles/crypto.dir/crypto/asn1/asn1_par.cc.o
[118/407] Building CXX object CMakeFiles/crypto.dir/crypto/asn1/asn_pack.cc.o
[119/407] Building CXX object CMakeFiles/crypto.dir/crypto/asn1/f_int.cc.o
[120/407] Building CXX object CMakeFiles/crypto.dir/crypto/asn1/f_string.cc.o
[121/407] Building CXX object CMakeFiles/crypto.dir/crypto/asn1/posix_time.cc.o
[122/407] Building CXX object CMakeFiles/crypto.dir/crypto/asn1/tasn_dec.cc.o
[123/407] Building CXX object CMakeFiles/crypto.dir/crypto/asn1/tasn_enc.cc.o
[124/407] Building CXX object CMakeFiles/crypto.dir/crypto/asn1/tasn_fre.cc.o
[125/407] Building CXX object CMakeFiles/crypto.dir/crypto/asn1/tasn_new.cc.o
[126/407] Building CXX object CMakeFiles/crypto.dir/crypto/asn1/tasn_typ.cc.o
[127/407] Building CXX object CMakeFiles/crypto.dir/crypto/asn1/tasn_utl.cc.o
[128/407] Building CXX object CMakeFiles/crypto.dir/crypto/base64/base64.cc.o
[129/407] Building CXX object CMakeFiles/crypto.dir/crypto/bio/bio_mem.cc.o
[130/407] Building CXX object CMakeFiles/crypto.dir/crypto/bio/bio.cc.o
[131/407] Building CXX object CMakeFiles/crypto.dir/crypto/bio/connect.cc.o
[132/407] Building CXX object CMakeFiles/crypto.dir/crypto/bio/errno.cc.o
[133/407] Building CXX object CMakeFiles/crypto.dir/crypto/bio/fd.cc.o
[134/407] Building CXX object CMakeFiles/crypto.dir/crypto/bio/file.cc.o
[135/407] Building CXX object CMakeFiles/crypto.dir/crypto/bio/hexdump.cc.o
[136/407] Building CXX object CMakeFiles/crypto.dir/crypto/bio/pair.cc.o
[137/407] Building CXX object CMakeFiles/crypto.dir/crypto/bio/printf.cc.o
[138/407] Building CXX object CMakeFiles/crypto.dir/crypto/bio/socket.cc.o
[139/407] Building CXX object CMakeFiles/crypto.dir/crypto/bio/socket_helper.cc.o
[140/407] Building CXX object CMakeFiles/crypto.dir/crypto/bn/bn_asn1.cc.o
[141/407] Building CXX object CMakeFiles/crypto.dir/crypto/blake2/blake2.cc.o
[142/407] Building CXX object CMakeFiles/crypto.dir/crypto/bn/convert.cc.o
[143/407] Building CXX object CMakeFiles/crypto.dir/crypto/bn/div.cc.o
[144/407] Building CXX object CMakeFiles/crypto.dir/crypto/bn/exponentiation.cc.o
[145/407] Building CXX object CMakeFiles/crypto.dir/crypto/bn/sqrt.cc.o
[146/407] Building CXX object CMakeFiles/crypto.dir/crypto/buf/buf.cc.o
[147/407] Building CXX object CMakeFiles/crypto.dir/crypto/bytestring/asn1_compat.cc.o
[148/407] Building CXX object CMakeFiles/crypto.dir/crypto/bytestring/ber.cc.o
[149/407] Building CXX object CMakeFiles/crypto.dir/crypto/bytestring/cbb.cc.o
[150/407] Building CXX object CMakeFiles/crypto.dir/crypto/bytestring/unicode.cc.o
[151/407] Building CXX object CMakeFiles/crypto.dir/crypto/bytestring/cbs.cc.o
[152/407] Building CXX object CMakeFiles/crypto.dir/crypto/cipher/derive_key.cc.o
[153/407] Building CXX object CMakeFiles/crypto.dir/crypto/chacha/chacha.cc.o
[154/407] Building CXX object CMakeFiles/crypto.dir/crypto/cipher/e_aesctrhmac.cc.o
[155/407] Building CXX object CMakeFiles/crypto.dir/crypto/cipher/e_aeseax.cc.o
[156/407] Building CXX object CMakeFiles/crypto.dir/crypto/cipher/e_chacha20poly1305.cc.o
[157/407] Building CXX object CMakeFiles/crypto.dir/crypto/cipher/e_des.cc.o
[158/407] Building CXX object CMakeFiles/crypto.dir/crypto/cipher/e_aesgcmsiv.cc.o
[159/407] Building CXX object CMakeFiles/crypto.dir/crypto/cipher/e_null.cc.o
[160/407] Building CXX object CMakeFiles/crypto.dir/crypto/cipher/e_rc2.cc.o
[161/407] Building CXX object CMakeFiles/crypto.dir/crypto/cipher/e_rc4.cc.o
[162/407] Building CXX object CMakeFiles/crypto.dir/crypto/cipher/get_cipher.cc.o
[163/407] Building CXX object CMakeFiles/crypto.dir/crypto/cipher/tls_cbc.cc.o
[164/407] Building CXX object CMakeFiles/crypto.dir/crypto/cipher/e_tls.cc.o
[165/407] Building CXX object CMakeFiles/crypto.dir/crypto/cms/cms.cc.o
[166/407] Building CXX object CMakeFiles/crypto.dir/crypto/cpu_aarch64_apple.cc.o
[167/407] Building CXX object CMakeFiles/crypto.dir/crypto/cpu_aarch64_fuchsia.cc.o
[168/407] Building CXX object CMakeFiles/crypto.dir/crypto/conf/conf.cc.o
[169/407] Building CXX object CMakeFiles/crypto.dir/crypto/cpu_aarch64_linux.cc.o
[170/407] Building CXX object CMakeFiles/crypto.dir/crypto/cpu_aarch64_openbsd.cc.o
[171/407] Building CXX object CMakeFiles/crypto.dir/crypto/cpu_aarch64_sysreg.cc.o
[172/407] Building CXX object CMakeFiles/crypto.dir/crypto/cpu_arm_freebsd.cc.o
[173/407] Building CXX object CMakeFiles/crypto.dir/crypto/cpu_aarch64_win.cc.o
[174/407] Building CXX object CMakeFiles/crypto.dir/crypto/cpu_arm_linux.cc.o
[175/407] Building CXX object CMakeFiles/crypto.dir/crypto/crypto.cc.o
[176/407] Building CXX object CMakeFiles/crypto.dir/crypto/cpu_intel.cc.o
[177/407] Building CXX object CMakeFiles/crypto.dir/crypto/curve25519/spake25519.cc.o
[178/407] Building CXX object CMakeFiles/crypto.dir/crypto/curve25519/curve25519_64_adx.cc.o
[179/407] Building CXX object CMakeFiles/crypto.dir/crypto/des/des.cc.o
[180/407] Building CXX object CMakeFiles/crypto.dir/crypto/dh/dh_asn1.cc.o
[181/407] Building CXX object CMakeFiles/crypto.dir/crypto/dh/params.cc.o
[182/407] Building CXX object CMakeFiles/crypto.dir/crypto/digest/digest_extra.cc.o
[183/407] Building CXX object CMakeFiles/crypto.dir/crypto/curve25519/curve25519.cc.o
[184/407] Building CXX object CMakeFiles/crypto.dir/crypto/dsa/dsa.cc.o
[185/407] Building CXX object CMakeFiles/crypto.dir/crypto/dsa/dsa_asn1.cc.o
[186/407] Building CXX object CMakeFiles/crypto.dir/crypto/ec/ec_derive.cc.o
[187/407] Building CXX object CMakeFiles/crypto.dir/crypto/ec/ec_asn1.cc.o
[188/407] Building CXX object CMakeFiles/crypto.dir/crypto/ec/hash_to_curve.cc.o
[189/407] Building CXX object CMakeFiles/crypto.dir/crypto/ecdh/ecdh.cc.o
[190/407] Building CXX object CMakeFiles/crypto.dir/crypto/ecdsa/ecdsa_asn1.cc.o
[191/407] Building CXX object CMakeFiles/crypto.dir/crypto/ecdsa/ecdsa_p1363.cc.o
[192/407] Building CXX object CMakeFiles/crypto.dir/crypto/engine/engine.cc.o
[193/407] Building CXX object CMakeFiles/crypto.dir/crypto/err/err.cc.o
[194/407] Building CXX object CMakeFiles/crypto.dir/crypto/evp/evp.cc.o
[195/407] Building CXX object CMakeFiles/crypto.dir/crypto/evp/evp_asn1.cc.o
[196/407] Building CXX object CMakeFiles/crypto.dir/crypto/evp/evp_kem.cc.o
[197/407] Building CXX object CMakeFiles/crypto.dir/crypto/evp/evp_ctx.cc.o
[198/407] Building CXX object CMakeFiles/crypto.dir/crypto/evp/p_dh.cc.o
[199/407] Building CXX object CMakeFiles/crypto.dir/crypto/evp/p_dsa.cc.o
[200/407] Building CXX object CMakeFiles/crypto.dir/crypto/evp/p_ec.cc.o
[201/407] Building CXX object CMakeFiles/crypto.dir/crypto/evp/p_ed25519.cc.o
[202/407] Building CXX object CMakeFiles/crypto.dir/crypto/evp/p_hkdf.cc.o
[203/407] Building CXX object CMakeFiles/crypto.dir/crypto/evp/p_mlkem.cc.o
[204/407] Building CXX object CMakeFiles/crypto.dir/crypto/evp/p_mldsa.cc.o
[205/407] Building CXX object CMakeFiles/crypto.dir/crypto/evp/p_rsa.cc.o
[206/407] Building CXX object CMakeFiles/crypto.dir/crypto/evp/p_x25519.cc.o
[207/407] Building CXX object CMakeFiles/crypto.dir/crypto/evp/p_xwing.cc.o
[208/407] Building CXX object CMakeFiles/crypto.dir/crypto/evp/pbkdf.cc.o
[209/407] Building CXX object CMakeFiles/crypto.dir/crypto/evp/print.cc.o
[210/407] Building CXX object CMakeFiles/crypto.dir/crypto/evp/scrypt.cc.o
[211/407] Building CXX object CMakeFiles/crypto.dir/crypto/fipsmodule/fips_shared_support.cc.o
[212/407] Building CXX object CMakeFiles/crypto.dir/crypto/evp/sign.cc.o
[213/407] Building CXX object CMakeFiles/crypto.dir/crypto/ex_data.cc.o
[214/407] Building CXX object CMakeFiles/crypto.dir/crypto/fuzzer_mode.cc.o
[215/407] Building CXX object CMakeFiles/crypto.dir/crypto/hpke/hpke.cc.o
[216/407] Building CXX object CMakeFiles/crypto.dir/crypto/kyber/kyber.cc.o
[217/407] Building CXX object CMakeFiles/crypto.dir/crypto/lhash/lhash.cc.o
[218/407] Building CXX object CMakeFiles/crypto.dir/crypto/hrss/hrss.cc.o
[219/407] Building CXX object CMakeFiles/crypto.dir/crypto/md5/md5.cc.o
[220/407] Building CXX object CMakeFiles/crypto.dir/crypto/md4/md4.cc.o
[221/407] Building CXX object CMakeFiles/crypto.dir/crypto/mldsa/mldsa.cc.o
[222/407] Building CXX object CMakeFiles/crypto.dir/crypto/mlkem/mlkem.cc.o
[223/407] Building CXX object CMakeFiles/crypto.dir/crypto/mem.cc.o
[224/407] Building CXX object CMakeFiles/crypto.dir/crypto/obj/obj_xref.cc.o
[225/407] Building CXX object CMakeFiles/crypto.dir/crypto/obj/obj.cc.o
[226/407] Building CXX object CMakeFiles/crypto.dir/crypto/pem/pem_all.cc.o
[227/407] Building CXX object CMakeFiles/crypto.dir/crypto/pem/pem_info.cc.o
[228/407] Building CXX object CMakeFiles/crypto.dir/crypto/pem/pem_oth.cc.o
[229/407] Building CXX object CMakeFiles/crypto.dir/crypto/pem/pem_lib.cc.o
[230/407] Building CXX object CMakeFiles/crypto.dir/crypto/pem/pem_pk8.cc.o
[231/407] Building CXX object CMakeFiles/crypto.dir/crypto/pem/pem_pkey.cc.o
[232/407] Building CXX object CMakeFiles/crypto.dir/crypto/pem/pem_x509.cc.o
[233/407] Building CXX object CMakeFiles/crypto.dir/crypto/pem/pem_xaux.cc.o
[234/407] Building CXX object CMakeFiles/crypto.dir/crypto/pkcs7/pkcs7.cc.o
[235/407] Building CXX object CMakeFiles/crypto.dir/crypto/pkcs7/pkcs7_x509.cc.o
[236/407] Building CXX object CMakeFiles/crypto.dir/crypto/pkcs8/p5_pbev2.cc.o
[237/407] Building CXX object CMakeFiles/crypto.dir/crypto/pkcs8/pkcs8.cc.o
[238/407] Building CXX object CMakeFiles/crypto.dir/crypto/poly1305/poly1305.cc.o
[239/407] Building CXX object CMakeFiles/crypto.dir/crypto/poly1305/poly1305_arm.cc.o
[240/407] Building CXX object CMakeFiles/crypto.dir/crypto/pkcs8/pkcs8_x509.cc.o
[241/407] Building CXX object CMakeFiles/crypto.dir/crypto/poly1305/poly1305_vec.cc.o
[242/407] Building CXX object CMakeFiles/crypto.dir/crypto/rand/deterministic.cc.o
[243/407] Building CXX object CMakeFiles/crypto.dir/crypto/pool/pool.cc.o
[244/407] Building CXX object CMakeFiles/crypto.dir/crypto/rand/fork_detect.cc.o
[245/407] Building CXX object CMakeFiles/crypto.dir/crypto/rand/getentropy.cc.o
[246/407] Building CXX object CMakeFiles/crypto.dir/crypto/rand/forkunsafe.cc.o
[247/407] Building CXX object CMakeFiles/crypto.dir/crypto/rand/ios.cc.o
[248/407] Building CXX object CMakeFiles/crypto.dir/crypto/rand/rand.cc.o
[249/407] Building CXX object CMakeFiles/crypto.dir/crypto/rand/trusty.cc.o
[250/407] Building CXX object CMakeFiles/crypto.dir/crypto/rc4/rc4.cc.o
[251/407] Building CXX object CMakeFiles/crypto.dir/crypto/rand/urandom.cc.o
[252/407] Building CXX object CMakeFiles/crypto.dir/crypto/rand/windows.cc.o
[253/407] Building CXX object CMakeFiles/crypto.dir/crypto/refcount.cc.o
[254/407] Building CXX object CMakeFiles/fipsmodule.dir/crypto/fipsmodule/bcm.cc.o
[255/407] Building CXX object CMakeFiles/crypto.dir/crypto/rsa/rsa_extra.cc.o
[256/407] Building CXX object CMakeFiles/crypto.dir/crypto/rsa/rsa_crypt.cc.o
[257/407] Building CXX object CMakeFiles/crypto.dir/crypto/rsa/rsa_asn1.cc.o
[258/407] Building CXX object CMakeFiles/crypto.dir/crypto/sha/sha1.cc.o
[259/407] Building CXX object CMakeFiles/crypto.dir/crypto/rsa/rsa_print.cc.o
[260/407] Building CXX object CMakeFiles/crypto.dir/crypto/sha/sha256.cc.o
[261/407] Building CXX object CMakeFiles/crypto.dir/crypto/sha/sha512.cc.o
[262/407] Building CXX object CMakeFiles/crypto.dir/crypto/slhdsa/slhdsa.cc.o
[263/407] Building CXX object CMakeFiles/crypto.dir/crypto/siphash/siphash.cc.o
[264/407] Building CXX object CMakeFiles/crypto.dir/crypto/thread.cc.o
[265/407] Building CXX object CMakeFiles/crypto.dir/crypto/spake2plus/spake2plus.cc.o
[266/407] Building CXX object CMakeFiles/crypto.dir/crypto/thread_none.cc.o
[267/407] Building CXX object CMakeFiles/crypto.dir/crypto/stack/stack.cc.o
[268/407] Building CXX object CMakeFiles/crypto.dir/crypto/thread_pthread.cc.o
[269/407] Building CXX object CMakeFiles/crypto.dir/crypto/thread_win.cc.o
[270/407] Building CXX object CMakeFiles/crypto.dir/crypto/trust_token/pmbtoken.cc.o
[271/407] Building CXX object CMakeFiles/crypto.dir/crypto/x509/a_digest.cc.o
[272/407] Building CXX object CMakeFiles/crypto.dir/crypto/trust_token/trust_token.cc.o
[273/407] Building CXX object CMakeFiles/crypto.dir/crypto/trust_token/voprf.cc.o
[274/407] Building CXX object CMakeFiles/crypto.dir/crypto/x509/a_sign.cc.o
[275/407] Building CXX object CMakeFiles/crypto.dir/crypto/x509/a_verify.cc.o
[276/407] Building CXX object CMakeFiles/crypto.dir/crypto/x509/algorithm.cc.o
[277/407] Building CXX object CMakeFiles/crypto.dir/crypto/x509/asn1_gen.cc.o
[278/407] Building CXX object CMakeFiles/crypto.dir/crypto/x509/i2d_pr.cc.o
[279/407] Building CXX object CMakeFiles/crypto.dir/crypto/x509/name_print.cc.o
[280/407] Building CXX object CMakeFiles/crypto.dir/crypto/x509/by_file.cc.o
[281/407] Building CXX object CMakeFiles/crypto.dir/crypto/x509/by_dir.cc.o
[282/407] Building CXX object CMakeFiles/crypto.dir/crypto/x509/t_crl.cc.o
[283/407] Building CXX object CMakeFiles/crypto.dir/crypto/x509/rsa_pss.cc.o
[284/407] Building CXX object CMakeFiles/crypto.dir/crypto/x509/t_req.cc.o
[285/407] Building CXX object CMakeFiles/crypto.dir/crypto/x509/t_x509.cc.o
[286/407] Building CXX object CMakeFiles/crypto.dir/crypto/x509/t_x509a.cc.o
[287/407] Building CXX object CMakeFiles/crypto.dir/crypto/x509/policy.cc.o
[288/407] Building CXX object CMakeFiles/crypto.dir/crypto/x509/v3_akey.cc.o
[289/407] Building CXX object CMakeFiles/crypto.dir/crypto/x509/v3_akeya.cc.o
[290/407] Building CXX object CMakeFiles/crypto.dir/crypto/x509/v3_bcons.cc.o
[291/407] Building CXX object CMakeFiles/crypto.dir/crypto/x509/v3_alt.cc.o
[292/407] Building CXX object CMakeFiles/crypto.dir/crypto/x509/v3_bitst.cc.o
[293/407] Building CXX object CMakeFiles/crypto.dir/crypto/x509/v3_conf.cc.o
[294/407] Building CXX object CMakeFiles/crypto.dir/crypto/x509/v3_cpols.cc.o
[295/407] Building CXX object CMakeFiles/crypto.dir/crypto/x509/v3_enum.cc.o
[296/407] Building CXX object CMakeFiles/crypto.dir/crypto/x509/v3_crld.cc.o
[297/407] Building CXX object CMakeFiles/crypto.dir/crypto/x509/v3_extku.cc.o
[298/407] Building CXX object CMakeFiles/crypto.dir/crypto/x509/v3_genn.cc.o
[299/407] Building CXX object CMakeFiles/crypto.dir/crypto/x509/v3_ia5.cc.o
[300/407] Building CXX object CMakeFiles/crypto.dir/crypto/x509/v3_int.cc.o
[301/407] Building CXX object CMakeFiles/crypto.dir/crypto/x509/v3_info.cc.o
[302/407] Building CXX object CMakeFiles/crypto.dir/crypto/x509/v3_lib.cc.o
[303/407] Building CXX object CMakeFiles/crypto.dir/crypto/x509/v3_ocsp.cc.o
[304/407] Building CXX object CMakeFiles/crypto.dir/crypto/x509/v3_pcons.cc.o
[305/407] Building CXX object CMakeFiles/crypto.dir/crypto/x509/v3_ncons.cc.o
[306/407] Building CXX object CMakeFiles/crypto.dir/crypto/x509/v3_pmaps.cc.o
[307/407] Building CXX object CMakeFiles/crypto.dir/crypto/x509/v3_prn.cc.o
[308/407] Building CXX object CMakeFiles/crypto.dir/crypto/x509/v3_skey.cc.o
[309/407] Building CXX object CMakeFiles/crypto.dir/crypto/x509/v3_purp.cc.o
[310/407] Building CXX object CMakeFiles/crypto.dir/crypto/x509/x509.cc.o
[311/407] Building CXX object CMakeFiles/crypto.dir/crypto/x509/x509_att.cc.o
[312/407] Building CXX object CMakeFiles/crypto.dir/crypto/x509/v3_utl.cc.o
[313/407] Building CXX object CMakeFiles/crypto.dir/crypto/x509/x509_cmp.cc.o
[314/407] Building CXX object CMakeFiles/crypto.dir/crypto/x509/x509_d2.cc.o
[315/407] Building CXX object CMakeFiles/crypto.dir/crypto/x509/x509_def.cc.o
[316/407] Building CXX object CMakeFiles/crypto.dir/crypto/x509/x509_ext.cc.o
[317/407] Building CXX object CMakeFiles/crypto.dir/crypto/x509/x509_obj.cc.o
[318/407] Building CXX object CMakeFiles/crypto.dir/crypto/x509/x509_lu.cc.o
[319/407] Building CXX object CMakeFiles/crypto.dir/crypto/x509/x509_req.cc.o
[320/407] Building CXX object CMakeFiles/crypto.dir/crypto/x509/x509_set.cc.o
[321/407] Building CXX object CMakeFiles/crypto.dir/crypto/x509/x509_trs.cc.o
[322/407] Building CXX object CMakeFiles/crypto.dir/crypto/x509/x509_txt.cc.o
[323/407] Building CXX object CMakeFiles/crypto.dir/crypto/x509/x509_v3.cc.o
[324/407] Building CXX object CMakeFiles/crypto.dir/crypto/x509/x509_vpm.cc.o
[325/407] Building CXX object CMakeFiles/crypto.dir/crypto/x509/x509cset.cc.o
[326/407] Building CXX object CMakeFiles/crypto.dir/crypto/x509/x509_vfy.cc.o
[327/407] Building CXX object CMakeFiles/crypto.dir/crypto/x509/x509name.cc.o
[328/407] Building CXX object CMakeFiles/crypto.dir/crypto/x509/x509spki.cc.o
[329/407] Building CXX object CMakeFiles/crypto.dir/crypto/x509/x509rset.cc.o
[330/407] Building CXX object CMakeFiles/crypto.dir/crypto/x509/x_algor.cc.o
[331/407] Building CXX object CMakeFiles/crypto.dir/crypto/x509/x_all.cc.o
[332/407] Building CXX object CMakeFiles/crypto.dir/crypto/x509/x_attrib.cc.o
[333/407] Building CXX object CMakeFiles/crypto.dir/crypto/x509/x_crl.cc.o
[334/407] Building CXX object CMakeFiles/crypto.dir/crypto/x509/x_exten.cc.o
[335/407] Building CXX object CMakeFiles/crypto.dir/crypto/x509/x_req.cc.o
[336/407] Building CXX object CMakeFiles/crypto.dir/crypto/x509/x_pubkey.cc.o
[337/407] Building CXX object CMakeFiles/crypto.dir/crypto/x509/x_name.cc.o
[338/407] Building CXX object CMakeFiles/crypto.dir/crypto/x509/x_sig.cc.o
[339/407] Building CXX object CMakeFiles/crypto.dir/crypto/xwing/xwing.cc.o
[340/407] Building CXX object CMakeFiles/crypto.dir/crypto/x509/x_spki.cc.o
[341/407] Building ASM object CMakeFiles/crypto.dir/crypto/curve25519/asm/x25519-asm-arm.S.o
[342/407] Building ASM object CMakeFiles/crypto.dir/crypto/hrss/asm/poly_rq_mul.S.o
[343/407] Building ASM object CMakeFiles/crypto.dir/crypto/poly1305/poly1305_arm_asm.S.o
[344/407] Building CXX object CMakeFiles/crypto.dir/gen/crypto/err_data.cc.o
[345/407] Building ASM object CMakeFiles/crypto.dir/gen/crypto/aes128gcmsiv-x86_64-apple.S.o
[346/407] Building CXX object CMakeFiles/crypto.dir/crypto/x509/x_x509a.cc.o
[347/407] Building ASM object CMakeFiles/crypto.dir/gen/crypto/aes128gcmsiv-x86_64-linux.S.o
[348/407] Building ASM object CMakeFiles/crypto.dir/gen/crypto/chacha-armv4-linux.S.o
[349/407] Building CXX object CMakeFiles/crypto.dir/crypto/x509/x_x509.cc.o
[350/407] Building ASM object CMakeFiles/crypto.dir/gen/crypto/chacha-armv8-apple.S.o
[351/407] Building ASM object CMakeFiles/crypto.dir/gen/crypto/chacha-armv8-linux.S.o
[352/407] Building ASM object CMakeFiles/crypto.dir/gen/crypto/chacha-armv8-win.S.o
[353/407] Building ASM object CMakeFiles/crypto.dir/gen/crypto/chacha-x86-apple.S.o
[354/407] Building ASM object CMakeFiles/crypto.dir/gen/crypto/chacha-x86-linux.S.o
[355/407] Building ASM object CMakeFiles/crypto.dir/gen/crypto/chacha-x86_64-apple.S.o
[356/407] Building ASM object CMakeFiles/crypto.dir/gen/crypto/chacha-x86_64-linux.S.o
[357/407] Building ASM object CMakeFiles/crypto.dir/gen/crypto/chacha20_poly1305_armv8-apple.S.o
[358/407] Building ASM object CMakeFiles/crypto.dir/gen/crypto/chacha20_poly1305_armv8-linux.S.o
[359/407] Building ASM object CMakeFiles/crypto.dir/gen/crypto/chacha20_poly1305_armv8-win.S.o
[360/407] Building ASM object CMakeFiles/crypto.dir/gen/crypto/chacha20_poly1305_x86_64-apple.S.o
[361/407] Building ASM object CMakeFiles/crypto.dir/gen/crypto/md5-586-apple.S.o
[362/407] Building ASM object CMakeFiles/crypto.dir/gen/crypto/md5-586-linux.S.o
[363/407] Building ASM object CMakeFiles/crypto.dir/gen/crypto/chacha20_poly1305_x86_64-linux.S.o
[364/407] Building ASM object CMakeFiles/crypto.dir/gen/crypto/md5-x86_64-apple.S.o
[365/407] Building ASM object CMakeFiles/crypto.dir/gen/crypto/md5-x86_64-linux.S.o
[366/407] Building ASM object CMakeFiles/crypto.dir/third_party/fiat/asm/fiat_curve25519_adx_mul.S.o
[367/407] Building ASM object CMakeFiles/crypto.dir/third_party/fiat/asm/fiat_curve25519_adx_square.S.o
[368/407] Linking CXX static library libcrypto.a
[369/407] Building CXX object CMakeFiles/ssl.dir/ssl/bio_ssl.cc.o
[370/407] Building CXX object CMakeFiles/ssl.dir/ssl/d1_lib.cc.o
[371/407] Building CXX object CMakeFiles/ssl.dir/ssl/d1_pkt.cc.o
[372/407] Building CXX object CMakeFiles/ssl.dir/ssl/d1_srtp.cc.o
[373/407] Building CXX object CMakeFiles/ssl.dir/ssl/d1_both.cc.o
[374/407] Building CXX object CMakeFiles/ssl.dir/ssl/dtls_method.cc.o
[375/407] Building CXX object CMakeFiles/ssl.dir/ssl/dtls_record.cc.o
[376/407] Building CXX object CMakeFiles/ssl.dir/ssl/encrypted_client_hello.cc.o
[377/407] Building CXX object CMakeFiles/ssl.dir/ssl/handoff.cc.o
[378/407] Building CXX object CMakeFiles/ssl.dir/ssl/handshake.cc.o
[379/407] Building CXX object CMakeFiles/ssl.dir/ssl/extensions.cc.o
[380/407] Building CXX object CMakeFiles/ssl.dir/ssl/handshake_client.cc.o
[381/407] Building CXX object CMakeFiles/ssl.dir/ssl/s3_both.cc.o
[382/407] Building CXX object CMakeFiles/ssl.dir/ssl/handshake_server.cc.o
[383/407] Building CXX object CMakeFiles/ssl.dir/ssl/s3_lib.cc.o
[384/407] Building CXX object CMakeFiles/ssl.dir/ssl/s3_pkt.cc.o
[385/407] Building CXX object CMakeFiles/ssl.dir/ssl/ssl_aead_ctx.cc.o
[386/407] Building CXX object CMakeFiles/ssl.dir/ssl/ssl_buffer.cc.o
[387/407] Building CXX object CMakeFiles/ssl.dir/ssl/ssl_asn1.cc.o
[388/407] Building CXX object CMakeFiles/ssl.dir/ssl/ssl_cert.cc.o
[389/407] Building CXX object CMakeFiles/ssl.dir/ssl/ssl_cipher.cc.o
[390/407] Building CXX object CMakeFiles/ssl.dir/ssl/ssl_file.cc.o
[391/407] Building CXX object CMakeFiles/ssl.dir/ssl/ssl_credential.cc.o
[392/407] Building CXX object CMakeFiles/ssl.dir/ssl/ssl_key_share.cc.o
[393/407] Building CXX object CMakeFiles/ssl.dir/ssl/ssl_privkey.cc.o
[394/407] Building CXX object CMakeFiles/ssl.dir/ssl/ssl_stat.cc.o
[395/407] Building CXX object CMakeFiles/ssl.dir/ssl/ssl_session.cc.o
[396/407] Building CXX object CMakeFiles/ssl.dir/ssl/ssl_lib.cc.o
[397/407] Building CXX object CMakeFiles/ssl.dir/ssl/ssl_transcript.cc.o
[398/407] Building CXX object CMakeFiles/ssl.dir/ssl/ssl_versions.cc.o
[399/407] Building CXX object CMakeFiles/ssl.dir/ssl/ssl_x509.cc.o
[400/407] Building CXX object CMakeFiles/ssl.dir/ssl/t1_enc.cc.o
[401/407] Building CXX object CMakeFiles/ssl.dir/ssl/tls13_both.cc.o
[402/407] Building CXX object CMakeFiles/ssl.dir/ssl/tls13_client.cc.o
[403/407] Building CXX object CMakeFiles/ssl.dir/ssl/tls13_enc.cc.o
[404/407] Building CXX object CMakeFiles/ssl.dir/ssl/tls_method.cc.o
[405/407] Building CXX object CMakeFiles/ssl.dir/ssl/tls13_server.cc.o
[406/407] Building CXX object CMakeFiles/ssl.dir/ssl/tls_record.cc.o
[407/407] Linking CXX static library libssl.a
[7/74] Performing install step for 'boringssl'
[1/55] Building CXX object CMakeFiles/decrepit.dir/decrepit/cast/cast_tables.cc.o
[2/55] Building CXX object CMakeFiles/decrepit.dir/decrepit/bio/base64_bio.cc.o
[3/55] Building CXX object CMakeFiles/decrepit.dir/decrepit/blowfish/blowfish.cc.o
[4/55] Building CXX object CMakeFiles/decrepit.dir/decrepit/cast/cast.cc.o
[5/55] Building CXX object CMakeFiles/decrepit.dir/decrepit/cfb/cfb.cc.o
[6/55] Building CXX object CMakeFiles/decrepit.dir/decrepit/des/cfb64ede.cc.o
[7/55] Building CXX object CMakeFiles/decrepit.dir/decrepit/dh/dh_decrepit.cc.o
[8/55] Building CXX object CMakeFiles/decrepit.dir/decrepit/dsa/dsa_decrepit.cc.o
[9/55] Building CXX object CMakeFiles/decrepit.dir/decrepit/evp/dss1.cc.o
[10/55] Building CXX object CMakeFiles/decrepit.dir/decrepit/evp/evp_do_all.cc.o
[11/55] Building CXX object CMakeFiles/decrepit.dir/decrepit/rc4/rc4_decrepit.cc.o
[12/55] Building CXX object CMakeFiles/decrepit.dir/decrepit/obj/obj_decrepit.cc.o
[13/55] Building CXX object CMakeFiles/decrepit.dir/decrepit/rsa/rsa_decrepit.cc.o
[14/55] Building CXX object CMakeFiles/decrepit.dir/decrepit/ripemd/ripemd.cc.o
[15/55] Building CXX object CMakeFiles/pki.dir/pki/cert_error_id.cc.o
[16/55] Building CXX object CMakeFiles/decrepit.dir/decrepit/ssl/ssl_decrepit.cc.o
[17/55] Building CXX object CMakeFiles/decrepit.dir/decrepit/x509/x509_decrepit.cc.o
[18/55] Building CXX object CMakeFiles/decrepit.dir/decrepit/xts/xts.cc.o
[19/55] Building CXX object CMakeFiles/pki.dir/pki/cert_error_params.cc.o
[20/55] Building CXX object CMakeFiles/pki.dir/pki/cert_issuer_source_static.cc.o
[21/55] Building CXX object CMakeFiles/pki.dir/pki/certificate.cc.o
[22/55] Building CXX object CMakeFiles/pki.dir/pki/cert_errors.cc.o
[23/55] Building CXX object CMakeFiles/pki.dir/pki/common_cert_errors.cc.o
[24/55] Building CXX object CMakeFiles/pki.dir/pki/encode_values.cc.o
[25/55] Building CXX object CMakeFiles/pki.dir/pki/certificate_policies.cc.o
[26/55] Building CXX object CMakeFiles/pki.dir/pki/extended_key_usage.cc.o
[27/55] Building CXX object CMakeFiles/pki.dir/pki/crl.cc.o
[28/55] Building CXX object CMakeFiles/pki.dir/pki/input.cc.o
[29/55] Building CXX object CMakeFiles/pki.dir/pki/ip_util.cc.o
[30/55] Building CXX object CMakeFiles/pki.dir/pki/general_names.cc.o
[31/55] Building CXX object CMakeFiles/pki.dir/pki/merkle_tree.cc.o
[32/55] Building CXX object CMakeFiles/pki.dir/pki/name_constraints.cc.o
[33/55] Building CXX object CMakeFiles/pki.dir/pki/parse_certificate.cc.o
[34/55] Building CXX object CMakeFiles/pki.dir/pki/ocsp.cc.o
[35/55] Building CXX object CMakeFiles/pki.dir/pki/parse_name.cc.o
[36/55] Building CXX object CMakeFiles/pki.dir/pki/parse_values.cc.o
[37/55] Building CXX object CMakeFiles/pki.dir/pki/parser.cc.o
[38/55] Building CXX object CMakeFiles/pki.dir/pki/revocation_util.cc.o
[39/55] Building CXX object CMakeFiles/pki.dir/pki/pem.cc.o
[40/55] Building CXX object CMakeFiles/pki.dir/pki/parsed_certificate.cc.o
[41/55] Building CXX object CMakeFiles/pki.dir/pki/signature_algorithm.cc.o
[42/55] Building CXX object CMakeFiles/pki.dir/pki/string_util.cc.o
[43/55] Building CXX object CMakeFiles/pki.dir/pki/simple_path_builder_delegate.cc.o
[44/55] Building CXX object CMakeFiles/pki.dir/pki/trust_store_collection.cc.o
[45/55] Building CXX object CMakeFiles/pki.dir/pki/trust_store.cc.o
[46/55] Building CXX object CMakeFiles/pki.dir/pki/path_builder.cc.o
[47/55] Building CXX object CMakeFiles/pki.dir/pki/trust_store_in_memory.cc.o
[48/55] Building CXX object CMakeFiles/pki.dir/pki/verify_error.cc.o
[49/55] Building CXX object CMakeFiles/pki.dir/pki/verify_name_match.cc.o
[50/55] Building CXX object CMakeFiles/pki.dir/pki/verify.cc.o
[51/55] Linking CXX static library libdecrepit.a
[52/55] Building CXX object CMakeFiles/pki.dir/pki/verify_signed_data.cc.o
[53/55] Building CXX object CMakeFiles/pki.dir/pki/verify_certificate_chain.cc.o
[54/55] Linking CXX static library libpki.a
[54/55] Install the project...
-- Install configuration: "Release"
-- Installing: /home/baidu/scrapanium-experiments/scrapanium-wss-recv-cold-20260924/build/wss-recv-coalescing/backend-work/build/deps/install/lib/libcrypto.a
-- Installing: /home/baidu/scrapanium-experiments/scrapanium-wss-recv-cold-20260924/build/wss-recv-coalescing/backend-work/build/deps/install/lib/libssl.a
-- Up-to-date: /home/baidu/scrapanium-experiments/scrapanium-wss-recv-cold-20260924/build/wss-recv-coalescing/backend-work/build/deps/install/include
-- Installing: /home/baidu/scrapanium-experiments/scrapanium-wss-recv-cold-20260924/build/wss-recv-coalescing/backend-work/build/deps/install/include/openssl
-- Installing: /home/baidu/scrapanium-experiments/scrapanium-wss-recv-cold-20260924/build/wss-recv-coalescing/backend-work/build/deps/install/include/openssl/asm_base.h
-- Installing: /home/baidu/scrapanium-experiments/scrapanium-wss-recv-cold-20260924/build/wss-recv-coalescing/backend-work/build/deps/install/include/openssl/ec.h
-- Installing: /home/baidu/scrapanium-experiments/scrapanium-wss-recv-cold-20260924/build/wss-recv-coalescing/backend-work/build/deps/install/include/openssl/nid.h
-- Installing: /home/baidu/scrapanium-experiments/scrapanium-wss-recv-cold-20260924/build/wss-recv-coalescing/backend-work/build/deps/install/include/openssl/e_os2.h
-- Installing: /home/baidu/scrapanium-experiments/scrapanium-wss-recv-cold-20260924/build/wss-recv-coalescing/backend-work/build/deps/install/include/openssl/dtls1.h
-- Installing: /home/baidu/scrapanium-experiments/scrapanium-wss-recv-cold-20260924/build/wss-recv-coalescing/backend-work/build/deps/install/include/openssl/evp_errors.h
-- Installing: /home/baidu/scrapanium-experiments/scrapanium-wss-recv-cold-20260924/build/wss-recv-coalescing/backend-work/build/deps/install/include/openssl/ecdsa.h
-- Installing: /home/baidu/scrapanium-experiments/scrapanium-wss-recv-cold-20260924/build/wss-recv-coalescing/backend-work/build/deps/install/include/openssl/is_boringssl.h
-- Installing: /home/baidu/scrapanium-experiments/scrapanium-wss-recv-cold-20260924/build/wss-recv-coalescing/backend-work/build/deps/install/include/openssl/md4.h
-- Installing: /home/baidu/scrapanium-experiments/scrapanium-wss-recv-cold-20260924/build/wss-recv-coalescing/backend-work/build/deps/install/include/openssl/aead.h
-- Installing: /home/baidu/scrapanium-experiments/scrapanium-wss-recv-cold-20260924/build/wss-recv-coalescing/backend-work/build/deps/install/include/openssl/xwing.h
-- Installing: /home/baidu/scrapanium-experiments/scrapanium-wss-recv-cold-20260924/build/wss-recv-coalescing/backend-work/build/deps/install/include/openssl/sha.h
-- Installing: /home/baidu/scrapanium-experiments/scrapanium-wss-recv-cold-20260924/build/wss-recv-coalescing/backend-work/build/deps/install/include/openssl/type_check.h
-- Installing: /home/baidu/scrapanium-experiments/scrapanium-wss-recv-cold-20260924/build/wss-recv-coalescing/backend-work/build/deps/install/include/openssl/asn1t.h
-- Installing: /home/baidu/scrapanium-experiments/scrapanium-wss-recv-cold-20260924/build/wss-recv-coalescing/backend-work/build/deps/install/include/openssl/hrss.h
-- Installing: /home/baidu/scrapanium-experiments/scrapanium-wss-recv-cold-20260924/build/wss-recv-coalescing/backend-work/build/deps/install/include/openssl/time.h
-- Installing: /home/baidu/scrapanium-experiments/scrapanium-wss-recv-cold-20260924/build/wss-recv-coalescing/backend-work/build/deps/install/include/openssl/err.h
-- Installing: /home/baidu/scrapanium-experiments/scrapanium-wss-recv-cold-20260924/build/wss-recv-coalescing/backend-work/build/deps/install/include/openssl/cipher.h
-- Installing: /home/baidu/scrapanium-experiments/scrapanium-wss-recv-cold-20260924/build/wss-recv-coalescing/backend-work/build/deps/install/include/openssl/safestack.h
-- Installing: /home/baidu/scrapanium-experiments/scrapanium-wss-recv-cold-20260924/build/wss-recv-coalescing/backend-work/build/deps/install/include/openssl/x509v3.h
-- Installing: /home/baidu/scrapanium-experiments/scrapanium-wss-recv-cold-20260924/build/wss-recv-coalescing/backend-work/build/deps/install/include/openssl/pool.h
-- Installing: /home/baidu/scrapanium-experiments/scrapanium-wss-recv-cold-20260924/build/wss-recv-coalescing/backend-work/build/deps/install/include/openssl/trust_token.h
-- Installing: /home/baidu/scrapanium-experiments/scrapanium-wss-recv-cold-20260924/build/wss-recv-coalescing/backend-work/build/deps/install/include/openssl/blowfish.h
-- Installing: /home/baidu/scrapanium-experiments/scrapanium-wss-recv-cold-20260924/build/wss-recv-coalescing/backend-work/build/deps/install/include/openssl/asn1_mac.h
-- Installing: /home/baidu/scrapanium-experiments/scrapanium-wss-recv-cold-20260924/build/wss-recv-coalescing/backend-work/build/deps/install/include/openssl/md5.h
-- Installing: /home/baidu/scrapanium-experiments/scrapanium-wss-recv-cold-20260924/build/wss-recv-coalescing/backend-work/build/deps/install/include/openssl/curve25519.h
-- Installing: /home/baidu/scrapanium-experiments/scrapanium-wss-recv-cold-20260924/build/wss-recv-coalescing/backend-work/build/deps/install/include/openssl/prefix_symbols_internal_c.h
-- Installing: /home/baidu/scrapanium-experiments/scrapanium-wss-recv-cold-20260924/build/wss-recv-coalescing/backend-work/build/deps/install/include/openssl/pki
-- Installing: /home/baidu/scrapanium-experiments/scrapanium-wss-recv-cold-20260924/build/wss-recv-coalescing/backend-work/build/deps/install/include/openssl/pki/ocsp.h
-- Installing: /home/baidu/scrapanium-experiments/scrapanium-wss-recv-cold-20260924/build/wss-recv-coalescing/backend-work/build/deps/install/include/openssl/pki/verify_error.h
-- Installing: /home/baidu/scrapanium-experiments/scrapanium-wss-recv-cold-20260924/build/wss-recv-coalescing/backend-work/build/deps/install/include/openssl/pki/verify.h
-- Installing: /home/baidu/scrapanium-experiments/scrapanium-wss-recv-cold-20260924/build/wss-recv-coalescing/backend-work/build/deps/install/include/openssl/pki/signature_verify_cache.h
-- Installing: /home/baidu/scrapanium-experiments/scrapanium-wss-recv-cold-20260924/build/wss-recv-coalescing/backend-work/build/deps/install/include/openssl/pki/certificate.h
-- Installing: /home/baidu/scrapanium-experiments/scrapanium-wss-recv-cold-20260924/build/wss-recv-coalescing/backend-work/build/deps/install/include/openssl/tls_prf.h
-- Installing: /home/baidu/scrapanium-experiments/scrapanium-wss-recv-cold-20260924/build/wss-recv-coalescing/backend-work/build/deps/install/include/openssl/ssl3.h
-- Installing: /home/baidu/scrapanium-experiments/scrapanium-wss-recv-cold-20260924/build/wss-recv-coalescing/backend-work/build/deps/install/include/openssl/siphash.h
-- Installing: /home/baidu/scrapanium-experiments/scrapanium-wss-recv-cold-20260924/build/wss-recv-coalescing/backend-work/build/deps/install/include/openssl/stack.h
-- Installing: /home/baidu/scrapanium-experiments/scrapanium-wss-recv-cold-20260924/build/wss-recv-coalescing/backend-work/build/deps/install/include/openssl/obj.h
-- Installing: /home/baidu/scrapanium-experiments/scrapanium-wss-recv-cold-20260924/build/wss-recv-coalescing/backend-work/build/deps/install/include/openssl/srtp.h
-- Installing: /home/baidu/scrapanium-experiments/scrapanium-wss-recv-cold-20260924/build/wss-recv-coalescing/backend-work/build/deps/install/include/openssl/prefix_symbols.h
-- Installing: /home/baidu/scrapanium-experiments/scrapanium-wss-recv-cold-20260924/build/wss-recv-coalescing/backend-work/build/deps/install/include/openssl/evp.h
-- Installing: /home/baidu/scrapanium-experiments/scrapanium-wss-recv-cold-20260924/build/wss-recv-coalescing/backend-work/build/deps/install/include/openssl/x509v3_errors.h
-- Installing: /home/baidu/scrapanium-experiments/scrapanium-wss-recv-cold-20260924/build/wss-recv-coalescing/backend-work/build/deps/install/include/openssl/lhash.h
-- Installing: /home/baidu/scrapanium-experiments/scrapanium-wss-recv-cold-20260924/build/wss-recv-coalescing/backend-work/build/deps/install/include/openssl/cpu.h
-- Installing: /home/baidu/scrapanium-experiments/scrapanium-wss-recv-cold-20260924/build/wss-recv-coalescing/backend-work/build/deps/install/include/openssl/sha2.h
-- Installing: /home/baidu/scrapanium-experiments/scrapanium-wss-recv-cold-20260924/build/wss-recv-coalescing/backend-work/build/deps/install/include/openssl/pem.h
-- Installing: /home/baidu/scrapanium-experiments/scrapanium-wss-recv-cold-20260924/build/wss-recv-coalescing/backend-work/build/deps/install/include/openssl/des.h
-- Installing: /home/baidu/scrapanium-experiments/scrapanium-wss-recv-cold-20260924/build/wss-recv-coalescing/backend-work/build/deps/install/include/openssl/buf.h
-- Installing: /home/baidu/scrapanium-experiments/scrapanium-wss-recv-cold-20260924/build/wss-recv-coalescing/backend-work/build/deps/install/include/openssl/opensslconf.h
-- Installing: /home/baidu/scrapanium-experiments/scrapanium-wss-recv-cold-20260924/build/wss-recv-coalescing/backend-work/build/deps/install/include/openssl/hkdf.h
-- Installing: /home/baidu/scrapanium-experiments/scrapanium-wss-recv-cold-20260924/build/wss-recv-coalescing/backend-work/build/deps/install/include/openssl/mlkem.h
-- Installing: /home/baidu/scrapanium-experiments/scrapanium-wss-recv-cold-20260924/build/wss-recv-coalescing/backend-work/build/deps/install/include/openssl/pkcs7.h
-- Installing: /home/baidu/scrapanium-experiments/scrapanium-wss-recv-cold-20260924/build/wss-recv-coalescing/backend-work/build/deps/install/include/openssl/base.h
-- Installing: /home/baidu/scrapanium-experiments/scrapanium-wss-recv-cold-20260924/build/wss-recv-coalescing/backend-work/build/deps/install/include/openssl/obj_mac.h
-- Installing: /home/baidu/scrapanium-experiments/scrapanium-wss-recv-cold-20260924/build/wss-recv-coalescing/backend-work/build/deps/install/include/openssl/dsa.h
-- Installing: /home/baidu/scrapanium-experiments/scrapanium-wss-recv-cold-20260924/build/wss-recv-coalescing/backend-work/build/deps/install/include/openssl/params.h
-- Installing: /home/baidu/scrapanium-experiments/scrapanium-wss-recv-cold-20260924/build/wss-recv-coalescing/backend-work/build/deps/install/include/openssl/posix_time.h
-- Installing: /home/baidu/scrapanium-experiments/scrapanium-wss-recv-cold-20260924/build/wss-recv-coalescing/backend-work/build/deps/install/include/openssl/kdf.h
-- Installing: /home/baidu/scrapanium-experiments/scrapanium-wss-recv-cold-20260924/build/wss-recv-coalescing/backend-work/build/deps/install/include/openssl/tls1.h
-- Installing: /home/baidu/scrapanium-experiments/scrapanium-wss-recv-cold-20260924/build/wss-recv-coalescing/backend-work/build/deps/install/include/openssl/ossl_typ.h
-- Installing: /home/baidu/scrapanium-experiments/scrapanium-wss-recv-cold-20260924/build/wss-recv-coalescing/backend-work/build/deps/install/include/openssl/hpke.h
-- Installing: /home/baidu/scrapanium-experiments/scrapanium-wss-recv-cold-20260924/build/wss-recv-coalescing/backend-work/build/deps/install/include/openssl/service_indicator.h
-- Installing: /home/baidu/scrapanium-experiments/scrapanium-wss-recv-cold-20260924/build/wss-recv-coalescing/backend-work/build/deps/install/include/openssl/slhdsa.h
-- Installing: /home/baidu/scrapanium-experiments/scrapanium-wss-recv-cold-20260924/build/wss-recv-coalescing/backend-work/build/deps/install/include/openssl/mem.h
-- Installing: /home/baidu/scrapanium-experiments/scrapanium-wss-recv-cold-20260924/build/wss-recv-coalescing/backend-work/build/deps/install/include/openssl/asn1.h
-- Installing: /home/baidu/scrapanium-experiments/scrapanium-wss-recv-cold-20260924/build/wss-recv-coalescing/backend-work/build/deps/install/include/openssl/ec_key.h
-- Installing: /home/baidu/scrapanium-experiments/scrapanium-wss-recv-cold-20260924/build/wss-recv-coalescing/backend-work/build/deps/install/include/openssl/pkcs8.h
-- Installing: /home/baidu/scrapanium-experiments/scrapanium-wss-recv-cold-20260924/build/wss-recv-coalescing/backend-work/build/deps/install/include/openssl/cms.h
-- Installing: /home/baidu/scrapanium-experiments/scrapanium-wss-recv-cold-20260924/build/wss-recv-coalescing/backend-work/build/deps/install/include/openssl/hmac.h
-- Installing: /home/baidu/scrapanium-experiments/scrapanium-wss-recv-cold-20260924/build/wss-recv-coalescing/backend-work/build/deps/install/include/openssl/aes.h
-- Installing: /home/baidu/scrapanium-experiments/scrapanium-wss-recv-cold-20260924/build/wss-recv-coalescing/backend-work/build/deps/install/include/openssl/arm_arch.h
-- Installing: /home/baidu/scrapanium-experiments/scrapanium-wss-recv-cold-20260924/build/wss-recv-coalescing/backend-work/build/deps/install/include/openssl/cmac.h
-- Installing: /home/baidu/scrapanium-experiments/scrapanium-wss-recv-cold-20260924/build/wss-recv-coalescing/backend-work/build/deps/install/include/openssl/thread.h
-- Installing: /home/baidu/scrapanium-experiments/scrapanium-wss-recv-cold-20260924/build/wss-recv-coalescing/backend-work/build/deps/install/include/openssl/conf.h
-- Installing: /home/baidu/scrapanium-experiments/scrapanium-wss-recv-cold-20260924/build/wss-recv-coalescing/backend-work/build/deps/install/include/openssl/ecdh.h
-- Installing: /home/baidu/scrapanium-experiments/scrapanium-wss-recv-cold-20260924/build/wss-recv-coalescing/backend-work/build/deps/install/include/openssl/span.h
-- Installing: /home/baidu/scrapanium-experiments/scrapanium-wss-recv-cold-20260924/build/wss-recv-coalescing/backend-work/build/deps/install/include/openssl/x509.h
-- Installing: /home/baidu/scrapanium-experiments/scrapanium-wss-recv-cold-20260924/build/wss-recv-coalescing/backend-work/build/deps/install/include/openssl/base64.h
-- Installing: /home/baidu/scrapanium-experiments/scrapanium-wss-recv-cold-20260924/build/wss-recv-coalescing/backend-work/build/deps/install/include/openssl/cast.h
-- Installing: /home/baidu/scrapanium-experiments/scrapanium-wss-recv-cold-20260924/build/wss-recv-coalescing/backend-work/build/deps/install/include/openssl/digest.h
-- Installing: /home/baidu/scrapanium-experiments/scrapanium-wss-recv-cold-20260924/build/wss-recv-coalescing/backend-work/build/deps/install/include/openssl/prefix_symbols_internal_S.h
-- Installing: /home/baidu/scrapanium-experiments/scrapanium-wss-recv-cold-20260924/build/wss-recv-coalescing/backend-work/build/deps/install/include/openssl/ctrdrbg.h
-- Installing: /home/baidu/scrapanium-experiments/scrapanium-wss-recv-cold-20260924/build/wss-recv-coalescing/backend-work/build/deps/install/include/openssl/blake2.h
-- Installing: /home/baidu/scrapanium-experiments/scrapanium-wss-recv-cold-20260924/build/wss-recv-coalescing/backend-work/build/deps/install/include/openssl/dh.h
-- Installing: /home/baidu/scrapanium-experiments/scrapanium-wss-recv-cold-20260924/build/wss-recv-coalescing/backend-work/build/deps/install/include/openssl/rc4.h
-- Installing: /home/baidu/scrapanium-experiments/scrapanium-wss-recv-cold-20260924/build/wss-recv-coalescing/backend-work/build/deps/install/include/openssl/pkcs12.h
-- Installing: /home/baidu/scrapanium-experiments/scrapanium-wss-recv-cold-20260924/build/wss-recv-coalescing/backend-work/build/deps/install/include/openssl/ex_data.h
-- Installing: /home/baidu/scrapanium-experiments/scrapanium-wss-recv-cold-20260924/build/wss-recv-coalescing/backend-work/build/deps/install/include/openssl/objects.h
-- Installing: /home/baidu/scrapanium-experiments/scrapanium-wss-recv-cold-20260924/build/wss-recv-coalescing/backend-work/build/deps/install/include/openssl/buffer.h
-- Installing: /home/baidu/scrapanium-experiments/scrapanium-wss-recv-cold-20260924/build/wss-recv-coalescing/backend-work/build/deps/install/include/openssl/opensslv.h
-- Installing: /home/baidu/scrapanium-experiments/scrapanium-wss-recv-cold-20260924/build/wss-recv-coalescing/backend-work/build/deps/install/include/openssl/engine.h
-- Installing: /home/baidu/scrapanium-experiments/scrapanium-wss-recv-cold-20260924/build/wss-recv-coalescing/backend-work/build/deps/install/include/openssl/ssl.h
-- Installing: /home/baidu/scrapanium-experiments/scrapanium-wss-recv-cold-20260924/build/wss-recv-coalescing/backend-work/build/deps/install/include/openssl/crypto.h
-- Installing: /home/baidu/scrapanium-experiments/scrapanium-wss-recv-cold-20260924/build/wss-recv-coalescing/backend-work/build/deps/install/include/openssl/rand.h
-- Installing: /home/baidu/scrapanium-experiments/scrapanium-wss-recv-cold-20260924/build/wss-recv-coalescing/backend-work/build/deps/install/include/openssl/chacha.h
-- Installing: /home/baidu/scrapanium-experiments/scrapanium-wss-recv-cold-20260924/build/wss-recv-coalescing/backend-work/build/deps/install/include/openssl/poly1305.h
-- Installing: /home/baidu/scrapanium-experiments/scrapanium-wss-recv-cold-20260924/build/wss-recv-coalescing/backend-work/build/deps/install/include/openssl/bio.h
-- Installing: /home/baidu/scrapanium-experiments/scrapanium-wss-recv-cold-20260924/build/wss-recv-coalescing/backend-work/build/deps/install/include/openssl/rsa.h
-- Installing: /home/baidu/scrapanium-experiments/scrapanium-wss-recv-cold-20260924/build/wss-recv-coalescing/backend-work/build/deps/install/include/openssl/target.h
-- Installing: /home/baidu/scrapanium-experiments/scrapanium-wss-recv-cold-20260924/build/wss-recv-coalescing/backend-work/build/deps/install/include/openssl/x509_vfy.h
-- Installing: /home/baidu/scrapanium-experiments/scrapanium-wss-recv-cold-20260924/build/wss-recv-coalescing/backend-work/build/deps/install/include/openssl/mldsa.h
-- Installing: /home/baidu/scrapanium-experiments/scrapanium-wss-recv-cold-20260924/build/wss-recv-coalescing/backend-work/build/deps/install/include/openssl/bytestring.h
-- Installing: /home/baidu/scrapanium-experiments/scrapanium-wss-recv-cold-20260924/build/wss-recv-coalescing/backend-work/build/deps/install/include/openssl/ripemd.h
-- Installing: /home/baidu/scrapanium-experiments/scrapanium-wss-recv-cold-20260924/build/wss-recv-coalescing/backend-work/build/deps/install/include/openssl/bn.h
-- Installing: /home/baidu/scrapanium-experiments/scrapanium-wss-recv-cold-20260924/build/wss-recv-coalescing/backend-work/build/deps/install/lib/cmake/OpenSSL/OpenSSLTargets.cmake
-- Installing: /home/baidu/scrapanium-experiments/scrapanium-wss-recv-cold-20260924/build/wss-recv-coalescing/backend-work/build/deps/install/lib/cmake/OpenSSL/OpenSSLTargets-release.cmake
-- Installing: /home/baidu/scrapanium-experiments/scrapanium-wss-recv-cold-20260924/build/wss-recv-coalescing/backend-work/build/deps/install/lib/cmake/OpenSSL/OpenSSLConfig.cmake
[8/74] Completed 'boringssl'
[9/74] Creating directories for 'cares'
[10/74] Creating directories for 'zlib'
[11/74] Creating directories for 'zstd'
[12/74] Creating directories for 'brotli'
[13/74] Creating directories for 'nghttp2'
[14/74] Creating directories for 'nghttp3'
[15/74] Creating directories for 'ngtcp2'
[16/74] Performing download step (download, verify and extract) for 'cares'
-- Downloading...
   dst='/home/baidu/scrapanium-experiments/scrapanium-wss-recv-cold-20260924/build/wss-recv-coalescing/backend-work/build/cares-prefix/src/c-ares-1.34.8.tar.gz'
   timeout='none'
   inactivity timeout='none'
-- Using src='https://github.com/c-ares/c-ares/releases/download/v1.34.8/c-ares-1.34.8.tar.gz'
-- [download 0% complete]
-- [download 1% complete]
-- [download 2% complete]
-- [download 4% complete]
-- [download 5% complete]
-- [download 6% complete]
-- [download 8% complete]
-- [download 9% complete]
-- [download 11% complete]
-- [download 13% complete]
-- [download 14% complete]
-- [download 16% complete]
-- [download 17% complete]
-- [download 19% complete]
-- [download 21% complete]
-- [download 22% complete]
-- [download 24% complete]
-- [download 25% complete]
-- [download 27% complete]
-- [download 28% complete]
-- [download 30% complete]
-- [download 32% complete]
-- [download 33% complete]
-- [download 35% complete]
-- [download 36% complete]
-- [download 38% complete]
-- [download 39% complete]
-- [download 41% complete]
-- [download 43% complete]
-- [download 44% complete]
-- [download 46% complete]
-- [download 47% complete]
-- [download 49% complete]
-- [download 51% complete]
-- [download 52% complete]
-- [download 54% complete]
-- [download 55% complete]
-- [download 57% complete]
-- [download 58% complete]
-- [download 60% complete]
-- [download 62% complete]
-- [download 63% complete]
-- [download 65% complete]
-- [download 66% complete]
-- [download 68% complete]
-- [download 70% complete]
-- [download 71% complete]
-- [download 73% complete]
-- [download 74% complete]
-- [download 76% complete]
-- [download 77% complete]
-- [download 79% complete]
-- [download 81% complete]
-- [download 82% complete]
-- [download 84% complete]
-- [download 85% complete]
-- [download 87% complete]
-- [download 89% complete]
-- [download 90% complete]
-- [download 92% complete]
-- [download 93% complete]
-- [download 95% complete]
-- [download 96% complete]
-- [download 98% complete]
-- [download 100% complete]
-- verifying file...
       file='/home/baidu/scrapanium-experiments/scrapanium-wss-recv-cold-20260924/build/wss-recv-coalescing/backend-work/build/cares-prefix/src/c-ares-1.34.8.tar.gz'
-- Downloading... done
-- extracting...
     src='/home/baidu/scrapanium-experiments/scrapanium-wss-recv-cold-20260924/build/wss-recv-coalescing/backend-work/build/cares-prefix/src/c-ares-1.34.8.tar.gz'
     dst='/home/baidu/scrapanium-experiments/scrapanium-wss-recv-cold-20260924/build/wss-recv-coalescing/backend-work/build/deps/src/cares'
-- extracting... [tar xf]
-- extracting... [analysis]
-- extracting... [rename]
-- extracting... [clean up]
-- extracting... done
[17/74] Performing download step (download, verify and extract) for 'zlib'
-- Downloading...
   dst='/home/baidu/scrapanium-experiments/scrapanium-wss-recv-cold-20260924/build/wss-recv-coalescing/backend-work/build/zlib-prefix/src/zlib-1.3.1.tar.gz'
   timeout='none'
   inactivity timeout='none'
-- Using src='https://github.com/madler/zlib/releases/download/v1.3.1/zlib-1.3.1.tar.gz'
-- [download 0% complete]
-- [download 1% complete]
-- [download 2% complete]
-- [download 3% complete]
-- [download 4% complete]
-- [download 5% complete]
-- [download 6% complete]
-- [download 7% complete]
-- [download 8% complete]
-- [download 9% complete]
-- [download 11% complete]
-- [download 12% complete]
-- [download 13% complete]
-- [download 14% complete]
-- [download 15% complete]
-- [download 16% complete]
-- [download 17% complete]
-- [download 18% complete]
-- [download 19% complete]
-- [download 20% complete]
-- [download 21% complete]
-- [download 22% complete]
-- [download 24% complete]
-- [download 25% complete]
-- [download 26% complete]
-- [download 27% complete]
-- [download 28% complete]
-- [download 29% complete]
-- [download 30% complete]
-- [download 31% complete]
-- [download 32% complete]
-- [download 33% complete]
-- [download 34% complete]
-- [download 35% complete]
-- [download 37% complete]
-- [download 38% complete]
-- [download 39% complete]
-- [download 40% complete]
-- [download 41% complete]
-- [download 42% complete]
-- [download 43% complete]
-- [download 44% complete]
-- [download 45% complete]
-- [download 46% complete]
-- [download 47% complete]
-- [download 48% complete]
-- [download 50% complete]
-- [download 51% complete]
-- [download 52% complete]
-- [download 53% complete]
-- [download 54% complete]
-- [download 55% complete]
-- [download 56% complete]
-- [download 57% complete]
-- [download 58% complete]
-- [download 59% complete]
-- [download 60% complete]
-- [download 61% complete]
-- [download 63% complete]
-- [download 64% complete]
-- [download 65% complete]
-- [download 66% complete]
-- [download 67% complete]
-- [download 68% complete]
-- [download 69% complete]
-- [download 70% complete]
-- [download 71% complete]
-- [download 72% complete]
-- [download 73% complete]
-- [download 74% complete]
-- [download 76% complete]
-- [download 77% complete]
-- [download 78% complete]
-- [download 79% complete]
-- [download 80% complete]
-- [download 81% complete]
-- [download 82% complete]
-- [download 83% complete]
-- [download 84% complete]
-- [download 85% complete]
-- [download 86% complete]
-- [download 87% complete]
-- [download 89% complete]
-- [download 90% complete]
-- [download 91% complete]
-- [download 92% complete]
-- [download 93% complete]
-- [download 94% complete]
-- [download 95% complete]
-- [download 96% complete]
-- [download 97% complete]
-- [download 98% complete]
-- [download 99% complete]
-- [download 100% complete]
-- verifying file...
       file='/home/baidu/scrapanium-experiments/scrapanium-wss-recv-cold-20260924/build/wss-recv-coalescing/backend-work/build/zlib-prefix/src/zlib-1.3.1.tar.gz'
-- Downloading... done
-- extracting...
     src='/home/baidu/scrapanium-experiments/scrapanium-wss-recv-cold-20260924/build/wss-recv-coalescing/backend-work/build/zlib-prefix/src/zlib-1.3.1.tar.gz'
     dst='/home/baidu/scrapanium-experiments/scrapanium-wss-recv-cold-20260924/build/wss-recv-coalescing/backend-work/build/deps/src/zlib'
-- extracting... [tar xf]
-- extracting... [analysis]
-- extracting... [rename]
-- extracting... [clean up]
-- extracting... done
[18/74] Performing download step (download, verify and extract) for 'zstd'
-- Downloading...
   dst='/home/baidu/scrapanium-experiments/scrapanium-wss-recv-cold-20260924/build/wss-recv-coalescing/backend-work/build/zstd-prefix/src/zstd-1.5.7.tar.gz'
   timeout='none'
   inactivity timeout='none'
-- Using src='https://github.com/facebook/zstd/releases/download/v1.5.7/zstd-1.5.7.tar.gz'
-- [download 0% complete]
-- [download 1% complete]
-- [download 2% complete]
-- [download 3% complete]
-- [download 4% complete]
-- [download 5% complete]
-- [download 6% complete]
-- [download 7% complete]
-- [download 8% complete]
-- [download 9% complete]
-- [download 10% complete]
-- [download 11% complete]
-- [download 12% complete]
-- [download 13% complete]
-- [download 14% complete]
-- [download 15% complete]
-- [download 16% complete]
-- [download 17% complete]
-- [download 18% complete]
-- [download 19% complete]
-- [download 20% complete]
-- [download 21% complete]
-- [download 22% complete]
-- [download 23% complete]
-- [download 24% complete]
-- [download 25% complete]
-- [download 26% complete]
-- [download 27% complete]
-- [download 28% complete]
-- [download 29% complete]
-- [download 30% complete]
-- [download 31% complete]
-- [download 32% complete]
-- [download 33% complete]
-- [download 34% complete]
-- [download 35% complete]
-- [download 36% complete]
-- [download 37% complete]
-- [download 38% complete]
-- [download 39% complete]
-- [download 40% complete]
-- [download 41% complete]
-- [download 42% complete]
-- [download 43% complete]
-- [download 44% complete]
-- [download 45% complete]
-- [download 46% complete]
-- [download 47% complete]
-- [download 48% complete]
-- [download 49% complete]
-- [download 50% complete]
-- [download 51% complete]
-- [download 52% complete]
-- [download 53% complete]
-- [download 54% complete]
-- [download 55% complete]
-- [download 56% complete]
-- [download 57% complete]
-- [download 58% complete]
-- [download 59% complete]
-- [download 60% complete]
-- [download 61% complete]
-- [download 62% complete]
-- [download 63% complete]
-- [download 64% complete]
-- [download 65% complete]
-- [download 66% complete]
-- [download 67% complete]
-- [download 68% complete]
-- [download 69% complete]
-- [download 70% complete]
-- [download 71% complete]
-- [download 72% complete]
-- [download 73% complete]
-- [download 74% complete]
-- [download 75% complete]
-- [download 76% complete]
-- [download 77% complete]
-- [download 78% complete]
-- [download 79% complete]
-- [download 80% complete]
-- [download 81% complete]
-- [download 82% complete]
-- [download 83% complete]
-- [download 84% complete]
-- [download 85% complete]
-- [download 86% complete]
-- [download 87% complete]
-- [download 88% complete]
-- [download 89% complete]
-- [download 90% complete]
-- [download 91% complete]
-- [download 92% complete]
-- [download 93% complete]
-- [download 94% complete]
-- [download 95% complete]
-- [download 96% complete]
-- [download 97% complete]
-- [download 98% complete]
-- [download 99% complete]
-- [download 100% complete]
-- verifying file...
       file='/home/baidu/scrapanium-experiments/scrapanium-wss-recv-cold-20260924/build/wss-recv-coalescing/backend-work/build/zstd-prefix/src/zstd-1.5.7.tar.gz'
-- Downloading... done
-- extracting...
     src='/home/baidu/scrapanium-experiments/scrapanium-wss-recv-cold-20260924/build/wss-recv-coalescing/backend-work/build/zstd-prefix/src/zstd-1.5.7.tar.gz'
     dst='/home/baidu/scrapanium-experiments/scrapanium-wss-recv-cold-20260924/build/wss-recv-coalescing/backend-work/build/deps/src/zstd'
-- extracting... [tar xf]
-- extracting... [analysis]
-- extracting... [rename]
-- extracting... [clean up]
-- extracting... done
[19/74] Performing download step (download, verify and extract) for 'brotli'
-- Downloading...
   dst='/home/baidu/scrapanium-experiments/scrapanium-wss-recv-cold-20260924/build/wss-recv-coalescing/backend-work/build/brotli-prefix/src/v1.2.0.tar.gz'
   timeout='none'
   inactivity timeout='none'
-- Using src='https://github.com/google/brotli/archive/refs/tags/v1.2.0.tar.gz'
-- [download 1% complete]
-- [download 2% complete]
-- [download 5% complete]
-- [download 6% complete]
-- [download 9% complete]
-- [download 11% complete]
-- [download 13% complete]
-- [download 14% complete]
-- [download 16% complete]
-- [download 19% complete]
-- [download 21% complete]
-- [download 22% complete]
-- [download 24% complete]
-- [download 25% complete]
-- [download 27% complete]
-- [download 30% complete]
-- [download 33% complete]
-- [download 35% complete]
-- [download 38% complete]
-- [download 40% complete]
-- [download 43% complete]
-- [download 45% complete]
-- [download 48% complete]
-- [download 50% complete]
-- [download 53% complete]
-- [download 55% complete]
-- [download 58% complete]
-- [download 60% complete]
-- [download 63% complete]
-- [download 66% complete]
-- [download 68% complete]
-- [download 71% complete]
-- [download 73% complete]
-- [download 76% complete]
-- [download 78% complete]
-- [download 81% complete]
-- [download 83% complete]
-- [download 86% complete]
-- [download 88% complete]
-- [download 91% complete]
-- [download 92% complete]
-- [download 93% complete]
-- [download 96% complete]
-- [download 97% complete]
-- [download 100% complete]
-- verifying file...
       file='/home/baidu/scrapanium-experiments/scrapanium-wss-recv-cold-20260924/build/wss-recv-coalescing/backend-work/build/brotli-prefix/src/v1.2.0.tar.gz'
-- Downloading... done
-- extracting...
     src='/home/baidu/scrapanium-experiments/scrapanium-wss-recv-cold-20260924/build/wss-recv-coalescing/backend-work/build/brotli-prefix/src/v1.2.0.tar.gz'
     dst='/home/baidu/scrapanium-experiments/scrapanium-wss-recv-cold-20260924/build/wss-recv-coalescing/backend-work/build/deps/src/brotli'
-- extracting... [tar xf]
-- extracting... [analysis]
-- extracting... [rename]
-- extracting... [clean up]
-- extracting... done
[20/74] Performing download step (download, verify and extract) for 'nghttp2'
-- Downloading...
   dst='/home/baidu/scrapanium-experiments/scrapanium-wss-recv-cold-20260924/build/wss-recv-coalescing/backend-work/build/nghttp2-prefix/src/nghttp2-1.63.0.tar.bz2'
   timeout='none'
   inactivity timeout='none'
-- Using src='https://github.com/nghttp2/nghttp2/releases/download/v1.63.0/nghttp2-1.63.0.tar.bz2'
-- [download 0% complete]
-- [download 1% complete]
-- [download 2% complete]
-- [download 3% complete]
-- [download 4% complete]
-- [download 5% complete]
-- [download 6% complete]
-- [download 7% complete]
-- [download 8% complete]
-- [download 9% complete]
-- [download 10% complete]
-- [download 11% complete]
-- [download 12% complete]
-- [download 13% complete]
-- [download 14% complete]
-- [download 15% complete]
-- [download 16% complete]
-- [download 17% complete]
-- [download 18% complete]
-- [download 19% complete]
-- [download 20% complete]
-- [download 21% complete]
-- [download 22% complete]
-- [download 23% complete]
-- [download 24% complete]
-- [download 25% complete]
-- [download 26% complete]
-- [download 27% complete]
-- [download 28% complete]
-- [download 29% complete]
-- [download 30% complete]
-- [download 31% complete]
-- [download 32% complete]
-- [download 33% complete]
-- [download 34% complete]
-- [download 35% complete]
-- [download 36% complete]
-- [download 37% complete]
-- [download 38% complete]
-- [download 39% complete]
-- [download 40% complete]
-- [download 41% complete]
-- [download 42% complete]
-- [download 43% complete]
-- [download 44% complete]
-- [download 45% complete]
-- [download 46% complete]
-- [download 47% complete]
-- [download 48% complete]
-- [download 49% complete]
-- [download 50% complete]
-- [download 51% complete]
-- [download 52% complete]
-- [download 53% complete]
-- [download 54% complete]
-- [download 55% complete]
-- [download 56% complete]
-- [download 57% complete]
-- [download 58% complete]
-- [download 59% complete]
-- [download 60% complete]
-- [download 61% complete]
-- [download 62% complete]
-- [download 63% complete]
-- [download 64% complete]
-- [download 65% complete]
-- [download 66% complete]
-- [download 67% complete]
-- [download 68% complete]
-- [download 69% complete]
-- [download 70% complete]
-- [download 71% complete]
-- [download 72% complete]
-- [download 73% complete]
-- [download 74% complete]
-- [download 75% complete]
-- [download 76% complete]
-- [download 77% complete]
-- [download 78% complete]
-- [download 79% complete]
-- [download 80% complete]
-- [download 81% complete]
-- [download 82% complete]
-- [download 83% complete]
-- [download 84% complete]
-- [download 85% complete]
-- [download 86% complete]
-- [download 87% complete]
-- [download 88% complete]
-- [download 89% complete]
-- [download 90% complete]
-- [download 91% complete]
-- [download 92% complete]
-- [download 93% complete]
-- [download 94% complete]
-- [download 95% complete]
-- [download 96% complete]
-- [download 97% complete]
-- [download 98% complete]
-- [download 99% complete]
-- [download 100% complete]
-- verifying file...
       file='/home/baidu/scrapanium-experiments/scrapanium-wss-recv-cold-20260924/build/wss-recv-coalescing/backend-work/build/nghttp2-prefix/src/nghttp2-1.63.0.tar.bz2'
-- Downloading... done
-- extracting...
     src='/home/baidu/scrapanium-experiments/scrapanium-wss-recv-cold-20260924/build/wss-recv-coalescing/backend-work/build/nghttp2-prefix/src/nghttp2-1.63.0.tar.bz2'
     dst='/home/baidu/scrapanium-experiments/scrapanium-wss-recv-cold-20260924/build/wss-recv-coalescing/backend-work/build/deps/src/nghttp2'
-- extracting... [tar xf]
-- extracting... [analysis]
-- extracting... [rename]
-- extracting... [clean up]
-- extracting... done
[21/74] Performing download step (download, verify and extract) for 'nghttp3'
-- Downloading...
   dst='/home/baidu/scrapanium-experiments/scrapanium-wss-recv-cold-20260924/build/wss-recv-coalescing/backend-work/build/nghttp3-prefix/src/nghttp3-1.15.0.tar.bz2'
   timeout='none'
   inactivity timeout='none'
-- Using src='https://github.com/ngtcp2/nghttp3/releases/download/v1.15.0/nghttp3-1.15.0.tar.bz2'
-- [download 3% complete]
-- [download 4% complete]
-- [download 5% complete]
-- [download 7% complete]
-- [download 8% complete]
-- [download 9% complete]
-- [download 11% complete]
-- [download 12% complete]
-- [download 16% complete]
-- [download 19% complete]
-- [download 22% complete]
-- [download 25% complete]
-- [download 28% complete]
-- [download 31% complete]
-- [download 34% complete]
-- [download 38% complete]
-- [download 41% complete]
-- [download 44% complete]
-- [download 47% complete]
-- [download 50% complete]
-- [download 53% complete]
-- [download 57% complete]
-- [download 60% complete]
-- [download 63% complete]
-- [download 66% complete]
-- [download 69% complete]
-- [download 72% complete]
-- [download 75% complete]
-- [download 79% complete]
-- [download 82% complete]
-- [download 85% complete]
-- [download 88% complete]
-- [download 91% complete]
-- [download 94% complete]
-- [download 97% complete]
-- [download 100% complete]
-- verifying file...
       file='/home/baidu/scrapanium-experiments/scrapanium-wss-recv-cold-20260924/build/wss-recv-coalescing/backend-work/build/nghttp3-prefix/src/nghttp3-1.15.0.tar.bz2'
-- Downloading... done
-- extracting...
     src='/home/baidu/scrapanium-experiments/scrapanium-wss-recv-cold-20260924/build/wss-recv-coalescing/backend-work/build/nghttp3-prefix/src/nghttp3-1.15.0.tar.bz2'
     dst='/home/baidu/scrapanium-experiments/scrapanium-wss-recv-cold-20260924/build/wss-recv-coalescing/backend-work/build/deps/src/nghttp3'
-- extracting... [tar xf]
-- extracting... [analysis]
-- extracting... [rename]
-- extracting... [clean up]
-- extracting... done
[22/74] Performing download step (download, verify and extract) for 'ngtcp2'
-- Downloading...
   dst='/home/baidu/scrapanium-experiments/scrapanium-wss-recv-cold-20260924/build/wss-recv-coalescing/backend-work/build/ngtcp2-prefix/src/ngtcp2-1.20.0.tar.bz2'
   timeout='none'
   inactivity timeout='none'
-- Using src='https://github.com/ngtcp2/ngtcp2/releases/download/v1.20.0/ngtcp2-1.20.0.tar.bz2'
-- [download 1% complete]
-- [download 2% complete]
-- [download 3% complete]
-- [download 4% complete]
-- [download 5% complete]
-- [download 7% complete]
-- [download 9% complete]
-- [download 13% complete]
-- [download 14% complete]
-- [download 16% complete]
-- [download 18% complete]
-- [download 20% complete]
-- [download 22% complete]
-- [download 24% complete]
-- [download 25% complete]
-- [download 27% complete]
-- [download 29% complete]
-- [download 31% complete]
-- [download 33% complete]
-- [download 35% complete]
-- [download 36% complete]
-- [download 38% complete]
-- [download 40% complete]
-- [download 42% complete]
-- [download 44% complete]
-- [download 45% complete]
-- [download 47% complete]
-- [download 49% complete]
-- [download 51% complete]
-- [download 53% complete]
-- [download 55% complete]
-- [download 56% complete]
-- [download 58% complete]
-- [download 60% complete]
-- [download 62% complete]
-- [download 64% complete]
-- [download 66% complete]
-- [download 67% complete]
-- [download 69% complete]
-- [download 71% complete]
-- [download 73% complete]
-- [download 75% complete]
-- [download 76% complete]
-- [download 78% complete]
-- [download 80% complete]
-- [download 82% complete]
-- [download 84% complete]
-- [download 86% complete]
-- [download 87% complete]
-- [download 89% complete]
-- [download 91% complete]
-- [download 93% complete]
-- [download 95% complete]
-- [download 97% complete]
-- [download 98% complete]
-- [download 100% complete]
-- verifying file...
       file='/home/baidu/scrapanium-experiments/scrapanium-wss-recv-cold-20260924/build/wss-recv-coalescing/backend-work/build/ngtcp2-prefix/src/ngtcp2-1.20.0.tar.bz2'
-- Downloading... done
-- extracting...
     src='/home/baidu/scrapanium-experiments/scrapanium-wss-recv-cold-20260924/build/wss-recv-coalescing/backend-work/build/ngtcp2-prefix/src/ngtcp2-1.20.0.tar.bz2'
     dst='/home/baidu/scrapanium-experiments/scrapanium-wss-recv-cold-20260924/build/wss-recv-coalescing/backend-work/build/deps/src/ngtcp2'
-- extracting... [tar xf]
-- extracting... [analysis]
-- extracting... [rename]
-- extracting... [clean up]
-- extracting... done
[23/74] No update step for 'cares'
[24/74] No update step for 'zlib'
[25/74] No update step for 'zstd'
[26/74] No update step for 'brotli'
[27/74] No update step for 'nghttp2'
[28/74] No update step for 'nghttp3'
[29/74] No update step for 'ngtcp2'
[30/74] No patch step for 'cares'
[31/74] No patch step for 'zlib'
[32/74] No patch step for 'zstd'
[33/74] Performing patch step for 'brotli'
patching file c/common/platform.h
[34/74] No patch step for 'nghttp2'
[35/74] Performing patch step for 'nghttp3'
patching file lib/includes/nghttp3/nghttp3.h
patching file lib/nghttp3_conn.c
patching file lib/nghttp3_conn.h
patching file lib/nghttp3_frame.h
patching file lib/nghttp3_stream.c
patching file tests/nghttp3_conn_test.c
patching file tests/nghttp3_conn_test.h
[36/74] Performing patch step for 'ngtcp2'
patching file AGENTS.md
patching file crypto/boringssl/libngtcp2_crypto_boringssl.pc.in
patching file export.sh
patching file lib/includes/ngtcp2/ngtcp2.h
patching file lib/ngtcp2_conn.c
patching file lib/ngtcp2_conn.h
patching file lib/ngtcp2_dcidtr.h
patching file tests/ngtcp2_conn_test.c
patching file tests/ngtcp2_conn_test.h
patching file tests/ngtcp2_dcidtr_test.c
[37/74] Performing configure step for 'cares'
-- The C compiler identification is Clang 21.1.8
-- Detecting C compiler ABI info
-- Detecting C compiler ABI info - done
-- Check for working C compiler: /usr/bin/clang - skipped
-- Detecting C compile features
-- Detecting C compile features - done
-- Performing Test HAVE__Wall
-- Performing Test HAVE__Wall - Success
-- Performing Test HAVE__Wextra
-- Performing Test HAVE__Wextra - Success
-- Performing Test HAVE__Waggregate_return
-- Performing Test HAVE__Waggregate_return - Success
-- Performing Test HAVE__Wcast_align
-- Performing Test HAVE__Wcast_align - Success
-- Performing Test HAVE__Wcast_qual
-- Performing Test HAVE__Wcast_qual - Success
-- Performing Test HAVE__Wconversion
-- Performing Test HAVE__Wconversion - Success
-- Performing Test HAVE__Wdeclaration_after_statement
-- Performing Test HAVE__Wdeclaration_after_statement - Success
-- Performing Test HAVE__Wdouble_promotion
-- Performing Test HAVE__Wdouble_promotion - Success
-- Performing Test HAVE__Wfloat_equal
-- Performing Test HAVE__Wfloat_equal - Success
-- Performing Test HAVE__Wformat_security
-- Performing Test HAVE__Wformat_security - Success
-- Performing Test HAVE__Winit_self
-- Performing Test HAVE__Winit_self - Success
-- Performing Test HAVE__Wjump_misses_init
-- Performing Test HAVE__Wjump_misses_init - Success
-- Performing Test HAVE__Wlogical_op
-- Performing Test HAVE__Wlogical_op - Failed
-- Performing Test HAVE__Wmissing_braces
-- Performing Test HAVE__Wmissing_braces - Success
-- Performing Test HAVE__Wmissing_declarations
-- Performing Test HAVE__Wmissing_declarations - Success
-- Performing Test HAVE__Wmissing_format_attribute
-- Performing Test HAVE__Wmissing_format_attribute - Success
-- Performing Test HAVE__Wmissing_include_dirs
-- Performing Test HAVE__Wmissing_include_dirs - Success
-- Performing Test HAVE__Wmissing_prototypes
-- Performing Test HAVE__Wmissing_prototypes - Success
-- Performing Test HAVE__Wnested_externs
-- Performing Test HAVE__Wnested_externs - Success
-- Performing Test HAVE__Wno_coverage_mismatch
-- Performing Test HAVE__Wno_coverage_mismatch - Failed
-- Performing Test HAVE__Wold_style_definition
-- Performing Test HAVE__Wold_style_definition - Success
-- Performing Test HAVE__Wpacked
-- Performing Test HAVE__Wpacked - Success
-- Performing Test HAVE__Wpedantic
-- Performing Test HAVE__Wpedantic - Success
-- Performing Test HAVE__Wpointer_arith
-- Performing Test HAVE__Wpointer_arith - Success
-- Performing Test HAVE__Wredundant_decls
-- Performing Test HAVE__Wredundant_decls - Success
-- Performing Test HAVE__Wshadow
-- Performing Test HAVE__Wshadow - Success
-- Performing Test HAVE__Wsign_conversion
-- Performing Test HAVE__Wsign_conversion - Success
-- Performing Test HAVE__Wstrict_overflow
-- Performing Test HAVE__Wstrict_overflow - Success
-- Performing Test HAVE__Wstrict_prototypes
-- Performing Test HAVE__Wstrict_prototypes - Success
-- Performing Test HAVE__Wtrampolines
-- Performing Test HAVE__Wtrampolines - Failed
-- Performing Test HAVE__Wundef
-- Performing Test HAVE__Wundef - Success
-- Performing Test HAVE__Wunreachable_code
-- Performing Test HAVE__Wunreachable_code - Success
-- Performing Test HAVE__Wunused
-- Performing Test HAVE__Wunused - Success
-- Performing Test HAVE__Wvariadic_macros
-- Performing Test HAVE__Wvariadic_macros - Success
-- Performing Test HAVE__Wvla
-- Performing Test HAVE__Wvla - Success
-- Performing Test HAVE__Wwrite_strings
-- Performing Test HAVE__Wwrite_strings - Success
-- Performing Test HAVE__Wimplicit_fallthrough_3
-- Performing Test HAVE__Wimplicit_fallthrough_3 - Failed
-- Performing Test HAVE__Werror_implicit_int
-- Performing Test HAVE__Werror_implicit_int - Success
-- Performing Test HAVE__Werror_implicit_function_declaration
-- Performing Test HAVE__Werror_implicit_function_declaration - Success
-- Performing Test HAVE__Werror_partial_availability
-- Performing Test HAVE__Werror_partial_availability - Success
-- Performing Test HAVE__Qunused_arguments
-- Performing Test HAVE__Qunused_arguments - Success
-- Performing Test HAVE__Wno_long_long
-- Performing Test HAVE__Wno_long_long - Success
-- Performing Test HAVE__fdiagnostics_color_always
-- Performing Test HAVE__fdiagnostics_color_always - Success
-- Performing Test HAVE__fcolor_diagnostics
-- Performing Test HAVE__fcolor_diagnostics - Success
-- Performing Test HAVE__fno_omit_frame_pointer
-- Performing Test HAVE__fno_omit_frame_pointer - Success
-- Performing Test HAVE__O0
-- Performing Test HAVE__O0 - Success
-- Looking for res_servicename
-- Looking for res_servicename - not found
-- Looking for res_servicename in resolv
-- Looking for res_servicename in resolv - not found
-- Looking for gethostbyname
-- Looking for gethostbyname - found
-- Looking for socket
-- Looking for socket - found
-- Looking for clock_gettime
-- Looking for clock_gettime - found
-- Looking for include file AvailabilityMacros.h
-- Looking for include file AvailabilityMacros.h - not found
-- Looking for include file sys/types.h
-- Looking for include file sys/types.h - found
-- Looking for include file sys/random.h
-- Looking for include file sys/random.h - found
-- Looking for include file sys/socket.h
-- Looking for include file sys/socket.h - found
-- Looking for include file sys/sockio.h
-- Looking for include file sys/sockio.h - not found
-- Looking for include file arpa/inet.h
-- Looking for include file arpa/inet.h - found
-- Looking for include file arpa/nameser_compat.h
-- Looking for include file arpa/nameser_compat.h - found
-- Looking for include file arpa/nameser.h
-- Looking for include file arpa/nameser.h - found
-- Looking for include file assert.h
-- Looking for include file assert.h - found
-- Looking for include file errno.h
-- Looking for include file errno.h - found
-- Looking for include file fcntl.h
-- Looking for include file fcntl.h - found
-- Looking for include file inttypes.h
-- Looking for include file inttypes.h - found
-- Looking for include file limits.h
-- Looking for include file limits.h - found
-- Looking for include file malloc.h
-- Looking for include file malloc.h - found
-- Looking for include file memory.h
-- Looking for include file memory.h - found
-- Looking for include file netdb.h
-- Looking for include file netdb.h - found
-- Looking for include file netinet/in.h
-- Looking for include file netinet/in.h - found
-- Looking for include file netinet6/in6.h
-- Looking for include file netinet6/in6.h - not found
-- Looking for include files sys/socket.h, net/if.h
-- Looking for include files sys/socket.h, net/if.h - found
-- Looking for include file signal.h
-- Looking for include file signal.h - found
-- Looking for include file socket.h
-- Looking for include file socket.h - not found
-- Looking for include file stdbool.h
-- Looking for include file stdbool.h - found
-- Looking for include file stdint.h
-- Looking for include file stdint.h - found
-- Looking for include file stdlib.h
-- Looking for include file stdlib.h - found
-- Looking for include file strings.h
-- Looking for include file strings.h - found
-- Looking for include file string.h
-- Looking for include file string.h - found
-- Looking for include file stropts.h
-- Looking for include file stropts.h - not found
-- Looking for include file sys/ioctl.h
-- Looking for include file sys/ioctl.h - found
-- Looking for include file sys/param.h
-- Looking for include file sys/param.h - found
-- Looking for include file sys/select.h
-- Looking for include file sys/select.h - found
-- Looking for include file sys/stat.h
-- Looking for include file sys/stat.h - found
-- Looking for include file sys/time.h
-- Looking for include file sys/time.h - found
-- Looking for include file sys/uio.h
-- Looking for include file sys/uio.h - found
-- Looking for include file sys/event.h
-- Looking for include file sys/event.h - not found
-- Looking for include file sys/epoll.h
-- Looking for include file sys/epoll.h - found
-- Looking for include file ifaddrs.h
-- Looking for include file ifaddrs.h - found
-- Looking for include file time.h
-- Looking for include file time.h - found
-- Looking for include file poll.h
-- Looking for include file poll.h - found
-- Looking for include file dlfcn.h
-- Looking for include file dlfcn.h - found
-- Looking for include file unistd.h
-- Looking for include file unistd.h - found
-- Looking for include files sys/types.h, netinet/tcp.h
-- Looking for include files sys/types.h, netinet/tcp.h - found
-- Performing Test HAVE_SOCKLEN_T
-- Performing Test HAVE_SOCKLEN_T - Success
-- Performing Test HAVE_TYPE_SOCKET
-- Performing Test HAVE_TYPE_SOCKET - Failed
-- Performing Test HAVE_SSIZE_T
-- Performing Test HAVE_SSIZE_T - Success
-- Performing Test HAVE_LONGLONG
-- Performing Test HAVE_LONGLONG - Success
-- Performing Test HAVE_STRUCT_ADDRINFO
-- Performing Test HAVE_STRUCT_ADDRINFO - Success
-- Performing Test HAVE_STRUCT_IN6_ADDR
-- Performing Test HAVE_STRUCT_IN6_ADDR - Success
-- Performing Test HAVE_STRUCT_SOCKADDR_IN6
-- Performing Test HAVE_STRUCT_SOCKADDR_IN6 - Success
-- Performing Test HAVE_STRUCT_SOCKADDR_STORAGE
-- Performing Test HAVE_STRUCT_SOCKADDR_STORAGE - Success
-- Performing Test HAVE_STRUCT_TIMEVAL
-- Performing Test HAVE_STRUCT_TIMEVAL - Success
-- Looking for AF_INET6
-- Looking for AF_INET6 - found
-- Looking for O_NONBLOCK
-- Looking for O_NONBLOCK - found
-- Looking for FIONBIO
-- Looking for FIONBIO - found
-- Looking for SIOCGIFADDR
-- Looking for SIOCGIFADDR - found
-- Looking for MSG_NOSIGNAL
-- Looking for MSG_NOSIGNAL - found
-- Looking for PF_INET6
-- Looking for PF_INET6 - found
-- Looking for SO_NONBLOCK
-- Looking for SO_NONBLOCK - not found
-- Looking for CLOCK_MONOTONIC
-- Looking for CLOCK_MONOTONIC - found
-- Performing Test HAVE_STRUCT_SOCKADDR_IN6_SIN6_SCOPE_ID
-- Performing Test HAVE_STRUCT_SOCKADDR_IN6_SIN6_SCOPE_ID - Success
-- Looking for strnlen
-- Looking for strnlen - found
-- Looking for memmem
-- Looking for memmem - found
-- Looking for closesocket
-- Looking for closesocket - not found
-- Looking for CloseSocket
-- Looking for CloseSocket - not found
-- Looking for connect
-- Looking for connect - found
-- Looking for connectx
-- Looking for connectx - not found
-- Looking for fcntl
-- Looking for fcntl - found
-- Looking for freeaddrinfo
-- Looking for freeaddrinfo - found
-- Looking for getaddrinfo
-- Looking for getaddrinfo - found
-- Looking for getenv
-- Looking for getenv - found
-- Looking for gethostname
-- Looking for gethostname - found
-- Looking for getnameinfo
-- Looking for getnameinfo - found
-- Looking for getrandom
-- Looking for getrandom - found
-- Looking for getservbyport_r
-- Looking for getservbyport_r - found
-- Looking for getservbyname_r
-- Looking for getservbyname_r - found
-- Looking for gettimeofday
-- Looking for gettimeofday - found
-- Looking for if_indextoname
-- Looking for if_indextoname - found
-- Looking for if_nametoindex
-- Looking for if_nametoindex - found
-- Looking for GetBestRoute2
-- Looking for GetBestRoute2 - not found
-- Looking for ConvertInterfaceIndexToLuid
-- Looking for ConvertInterfaceIndexToLuid - not found
-- Looking for ConvertInterfaceLuidToNameA
-- Looking for ConvertInterfaceLuidToNameA - not found
-- Looking for NotifyIpInterfaceChange
-- Looking for NotifyIpInterfaceChange - not found
-- Looking for RegisterWaitForSingleObject
-- Looking for RegisterWaitForSingleObject - not found
-- Looking for inet_net_pton
-- Looking for inet_net_pton - not found
-- Looking for inet_ntop
-- Looking for inet_ntop - found
-- Looking for inet_pton
-- Looking for inet_pton - found
-- Looking for ioctl
-- Looking for ioctl - found
-- Looking for ioctlsocket
-- Looking for ioctlsocket - not found
-- Looking for IoctlSocket
-- Looking for IoctlSocket - not found
-- Looking for recv
-- Looking for recv - found
-- Looking for recvfrom
-- Looking for recvfrom - found
-- Looking for send
-- Looking for send - found
-- Looking for sendto
-- Looking for sendto - found
-- Looking for setsockopt
-- Looking for setsockopt - found
-- Looking for socket
-- Looking for socket - found
-- Looking for strcasecmp
-- Looking for strcasecmp - found
-- Looking for strcmpi
-- Looking for strcmpi - not found
-- Looking for strdup
-- Looking for strdup - found
-- Looking for stricmp
-- Looking for stricmp - not found
-- Looking for strncasecmp
-- Looking for strncasecmp - found
-- Looking for strncmpi
-- Looking for strncmpi - not found
-- Looking for strnicmp
-- Looking for strnicmp - not found
-- Looking for writev
-- Looking for writev - found
-- Looking for arc4random_buf
-- Looking for arc4random_buf - found
-- Looking for stat
-- Looking for stat - found
-- Looking for getifaddrs
-- Looking for getifaddrs - found
-- Looking for poll
-- Looking for poll - found
-- Looking for pipe
-- Looking for pipe - found
-- Looking for pipe2
-- Looking for pipe2 - found
-- Looking for kqueue
-- Looking for kqueue - not found
-- Looking for epoll_create1
-- Looking for epoll_create1 - found
-- Looking for __system_property_get
-- Looking for __system_property_get - not found
-- Performing Test CMAKE_HAVE_LIBC_PTHREAD
-- Performing Test CMAKE_HAVE_LIBC_PTHREAD - Success
-- Found Threads: TRUE
-- Looking for include file pthread.h
-- Looking for include file pthread.h - found
-- Looking for include file pthread_np.h
-- Looking for include file pthread_np.h - not found
-- Looking for pthread_init
-- Looking for pthread_init - not found
-- Configuring done (25.9s)
-- Generating done (0.0s)
CMake Warning:
  Manually-specified variables were not used by the project:

    CMAKE_CXX_COMPILER


-- Build files have been written to: /home/baidu/scrapanium-experiments/scrapanium-wss-recv-cold-20260924/build/wss-recv-coalescing/backend-work/build/deps/build/cares
[38/74] Performing configure step for 'zlib'
-- The C compiler identification is Clang 21.1.8
-- Detecting C compiler ABI info
-- Detecting C compiler ABI info - done
-- Check for working C compiler: /usr/bin/clang - skipped
-- Detecting C compile features
-- Detecting C compile features - done
-- Looking for sys/types.h
-- Looking for sys/types.h - found
-- Looking for stdint.h
-- Looking for stdint.h - found
-- Looking for stddef.h
-- Looking for stddef.h - found
-- Check size of off64_t
-- Check size of off64_t - done
-- Looking for fseeko
-- Looking for fseeko - found
-- Looking for unistd.h
-- Looking for unistd.h - found
-- Renaming
--     /home/baidu/scrapanium-experiments/scrapanium-wss-recv-cold-20260924/build/wss-recv-coalescing/backend-work/build/deps/src/zlib/zconf.h
-- to 'zconf.h.included' because this file is included with zlib
-- but CMake generates it automatically in the build directory.
-- Configuring done (3.3s)
-- Generating done (0.0s)
CMake Warning:
  Manually-specified variables were not used by the project:

    CMAKE_CXX_COMPILER
    CMAKE_INSTALL_LIBDIR


-- Build files have been written to: /home/baidu/scrapanium-experiments/scrapanium-wss-recv-cold-20260924/build/wss-recv-coalescing/backend-work/build/deps/build/zlib
[39/74] Performing configure step for 'zstd'
-- The C compiler identification is Clang 21.1.8
-- The ASM compiler identification is Clang with GNU-like command-line
-- Found assembler: /usr/bin/clang
-- The CXX compiler identification is Clang 21.1.8
-- Detecting C compiler ABI info
-- Detecting C compiler ABI info - done
-- Check for working C compiler: /usr/bin/clang - skipped
-- Detecting C compile features
-- Detecting C compile features - done
-- Detecting CXX compiler ABI info
-- Detecting CXX compiler ABI info - done
-- Check for working CXX compiler: /usr/bin/clang++ - skipped
-- Detecting CXX compile features
-- Detecting CXX compile features - done
-- ZSTD VERSION: 1.5.7
-- Performing Test C_FLAG_WALL
-- Performing Test C_FLAG_WALL - Success
-- Performing Test CXX_FLAG_WALL
-- Performing Test CXX_FLAG_WALL - Success
-- Performing Test C_FLAG_WEXTRA
-- Performing Test C_FLAG_WEXTRA - Success
-- Performing Test CXX_FLAG_WEXTRA
-- Performing Test CXX_FLAG_WEXTRA - Success
-- Performing Test C_FLAG_WUNDEF
-- Performing Test C_FLAG_WUNDEF - Success
-- Performing Test CXX_FLAG_WUNDEF
-- Performing Test CXX_FLAG_WUNDEF - Success
-- Performing Test C_FLAG_WSHADOW
-- Performing Test C_FLAG_WSHADOW - Success
-- Performing Test CXX_FLAG_WSHADOW
-- Performing Test CXX_FLAG_WSHADOW - Success
-- Performing Test C_FLAG_WCAST_ALIGN
-- Performing Test C_FLAG_WCAST_ALIGN - Success
-- Performing Test CXX_FLAG_WCAST_ALIGN
-- Performing Test CXX_FLAG_WCAST_ALIGN - Success
-- Performing Test C_FLAG_WCAST_QUAL
-- Performing Test C_FLAG_WCAST_QUAL - Success
-- Performing Test CXX_FLAG_WCAST_QUAL
-- Performing Test CXX_FLAG_WCAST_QUAL - Success
-- Performing Test C_FLAG_WSTRICT_PROTOTYPES
-- Performing Test C_FLAG_WSTRICT_PROTOTYPES - Success
-- Performing Test LD_FLAG_WL_Z_NOEXECSTACK
-- Performing Test LD_FLAG_WL_Z_NOEXECSTACK - Success
-- Performing Test C_FLAG_QUNUSED_ARGUMENTS
-- Performing Test C_FLAG_QUNUSED_ARGUMENTS - Success
-- Performing Test CXX_FLAG_QUNUSED_ARGUMENTS
-- Performing Test CXX_FLAG_QUNUSED_ARGUMENTS - Success
-- Performing Test C_FLAG_WA_NOEXECSTACK
-- Performing Test C_FLAG_WA_NOEXECSTACK - Success
-- Performing Test CXX_FLAG_WA_NOEXECSTACK
-- Performing Test CXX_FLAG_WA_NOEXECSTACK - Success
-- CMAKE_INSTALL_PREFIX: /home/baidu/scrapanium-experiments/scrapanium-wss-recv-cold-20260924/build/wss-recv-coalescing/backend-work/build/deps/install
-- CMAKE_INSTALL_LIBDIR: lib
-- ZSTD_LEGACY_SUPPORT defined!
-- ZSTD_MULTITHREAD_SUPPORT is enabled
-- Performing Test CMAKE_HAVE_LIBC_PTHREAD
-- Performing Test CMAKE_HAVE_LIBC_PTHREAD - Success
-- Found Threads: TRUE
-- Configuring done (8.9s)
-- Generating done (0.0s)
-- Build files have been written to: /home/baidu/scrapanium-experiments/scrapanium-wss-recv-cold-20260924/build/wss-recv-coalescing/backend-work/build/deps/build/zstd
[40/74] Performing configure step for 'brotli'
-- The C compiler identification is Clang 21.1.8
-- Detecting C compiler ABI info
-- Detecting C compiler ABI info - done
-- Check for working C compiler: /usr/bin/clang - skipped
-- Detecting C compile features
-- Detecting C compile features - done
-- Build type is 'Release'
-- Performing Test BROTLI_EMSCRIPTEN
-- Performing Test BROTLI_EMSCRIPTEN - Failed
-- Compiler is not EMSCRIPTEN
-- Looking for log2 in m
-- Looking for log2 in m - found
-- Configuring done (4.3s)
-- Generating done (0.0s)
CMake Warning:
  Manually-specified variables were not used by the project:

    BROTLI_DISABLE_TOOLS
    CMAKE_CXX_COMPILER


-- Build files have been written to: /home/baidu/scrapanium-experiments/scrapanium-wss-recv-cold-20260924/build/wss-recv-coalescing/backend-work/build/deps/build/brotli
[41/74] Performing configure step for 'nghttp2'
-- The C compiler identification is Clang 21.1.8
-- Detecting C compiler ABI info
-- Detecting C compiler ABI info - done
-- Check for working C compiler: /usr/bin/clang - skipped
-- Detecting C compile features
-- Detecting C compile features - done
-- Found Python3: /usr/bin/python3 (found version "3.14.4") found components: Interpreter
-- Found OpenSSL: /usr/lib/x86_64-linux-gnu/libcrypto.so (found suitable version "3.5.5", minimum required is "1.1.1")
-- Could NOT find Libngtcp2 (missing: LIBNGTCP2_LIBRARY LIBNGTCP2_INCLUDE_DIR) (Required is at least version "1.0.0")
-- Could NOT find Libngtcp2_crypto_quictls (missing: LIBNGTCP2_CRYPTO_QUICTLS_LIBRARY LIBNGTCP2_CRYPTO_QUICTLS_INCLUDE_DIR) (Required is at least version "1.0.0")
-- Could NOT find Systemd (missing: SYSTEMD_INCLUDE_DIRS SYSTEMD_LIBRARIES) (Required is at least version "209")
-- Could NOT find Jansson (missing: JANSSON_LIBRARY JANSSON_INCLUDE_DIR) (Required is at least version "2.5")
-- Could NOT find Libevent (missing: LIBEVENT_CORE_LIBRARY LIBEVENT_EXTRA_LIBRARY LIBEVENT_OPENSSL_LIBRARY LIBEVENT_INCLUDE_DIR core extra openssl) (Required is at least version "2.0.8")
-- Could NOT find LibXml2 (missing: LIBXML2_LIBRARY LIBXML2_INCLUDE_DIR) (Required is at least version "2.6.26")
-- Could NOT find Jemalloc (missing: JEMALLOC_LIBRARY JEMALLOC_INCLUDE_DIR) 
-- Performing Test CMAKE_HAVE_LIBC_PTHREAD
-- Performing Test CMAKE_HAVE_LIBC_PTHREAD - Success
-- Found Threads: TRUE
-- Looking for arpa/inet.h
-- Looking for arpa/inet.h - found
-- Looking for fcntl.h
-- Looking for fcntl.h - found
-- Looking for inttypes.h
-- Looking for inttypes.h - found
-- Looking for limits.h
-- Looking for limits.h - found
-- Looking for netdb.h
-- Looking for netdb.h - found
-- Looking for netinet/in.h
-- Looking for netinet/in.h - found
-- Looking for netinet/ip.h
-- Looking for netinet/ip.h - found
-- Looking for pwd.h
-- Looking for pwd.h - found
-- Looking for sys/socket.h
-- Looking for sys/socket.h - found
-- Looking for sys/time.h
-- Looking for sys/time.h - found
-- Looking for syslog.h
-- Looking for syslog.h - found
-- Looking for unistd.h
-- Looking for unistd.h - found
-- Looking for windows.h
-- Looking for windows.h - not found
-- Looking for sys/types.h
-- Looking for sys/types.h - found
-- Looking for stdint.h
-- Looking for stdint.h - found
-- Looking for stddef.h
-- Looking for stddef.h - found
-- Check size of ssize_t
-- Check size of ssize_t - done
-- Performing Test HAVE_STRUCT_TM_TM_GMTOFF
-- Performing Test HAVE_STRUCT_TM_TM_GMTOFF - Success
-- Looking for _Exit
-- Looking for _Exit - found
-- Looking for accept4
-- Looking for accept4 - found
-- Looking for clock_gettime
-- Looking for clock_gettime - found
-- Looking for mkostemp
-- Looking for mkostemp - found
-- Looking for pipe2
-- Looking for pipe2 - found
-- Looking for GetTickCount64
-- Looking for GetTickCount64 - not found
-- Looking for initgroups
-- Looking for initgroups - found
-- Looking for CLOCK_MONOTONIC
-- Looking for CLOCK_MONOTONIC - found
-- summary of build options:

    Package version: 1.63.0
    Library version: 42:2:28
    Install prefix:  /home/baidu/scrapanium-experiments/scrapanium-wss-recv-cold-20260924/build/wss-recv-coalescing/backend-work/build/deps/install
    Target system:   Linux
    Compiler:
      Build type:     Release
      C compiler:     /usr/bin/clang
      CFLAGS:         -O3  
      C++ compiler:   /usr/bin/clang++
      CXXFLAGS:        
      WARNCFLAGS:       -Wextra -Wall -Wconversion -Winline -Wmissing-declarations -Wmissing-prototypes -Wnested-externs -Wpointer-arith -Wshadow -Wundef -Wwrite-strings -Waddress -Wattributes -Wcast-align -Wdeclaration-after-statement -Wdiv-by-zero -Wempty-body -Wendif-labels -Wfloat-equal -Wformat-nonliteral -Wformat-security -Wmissing-field-initializers -Wmissing-noreturn -Wno-format-nonliteral -Wredundant-decls -Wsign-conversion -Wstrict-prototypes -Wunreachable-code -Wunused-parameter -Wvla -Wshorten-64-to-32 -Wlanguage-extension-token -Wpragmas -Wunreachable-code-break -Wheader-guard -Wmissing-variable-declarations
      CXX1XCXXFLAGS:  
      WARNCXXFLAGS:   
    Python:
      Python:          /usr/bin/python3
      Python3_VERSION: 3.14.4
    Test:
      Failmalloc:     ON
      Build Test:     OFF
    Libs:
      OpenSSL:        TRUE (LIBS='')
      wolfSSL:         (LIBS='')
      Libxml2:        FALSE (LIBS='')
      Libev:           (LIBS='')
      Libc-ares:       (LIBS='')
      Libngtcp2:       (LIBS='')
      Libngtcp2_crypto_quictls:  (LIBS='')
      Libngtcp2_crypto_wolfssl:  (LIBS='')
      Libnghttp3:      (LIBS='')
      Libbpf:          (LIBS='')
      Libevent(SSL):  FALSE (LIBS='')
      Jansson:        FALSE (LIBS='')
      Jemalloc:       FALSE (LIBS='')
      Zlib:            (LIBS='')
      Systemd:        FALSE (LIBS='SYSTEMD_LIBRARIES-NOTFOUND')
      Libbrotlienc:    (LIBS='')
      Libbrotlidec:    (LIBS='')
    Third-party:
      http-parser:    
      MRuby:          0
      Neverbleed:     0
    Features:
      Applications:   OFF
      HPACK tools:    OFF
      Examples:       OFF
      Threading:      ON
      HTTP/3(EXPERIMENTAL): OFF

-- Configuring done (7.5s)
-- Generating done (0.0s)
-- Build files have been written to: /home/baidu/scrapanium-experiments/scrapanium-wss-recv-cold-20260924/build/wss-recv-coalescing/backend-work/build/deps/build/nghttp2
[42/74] Performing configure step for 'nghttp3'
-- The C compiler identification is Clang 21.1.8
-- Detecting C compiler ABI info
-- Detecting C compiler ABI info - done
-- Check for working C compiler: /usr/bin/clang - skipped
-- Detecting C compile features
-- Detecting C compile features - done
-- Looking for arpa/inet.h
-- Looking for arpa/inet.h - found
-- Looking for unistd.h
-- Looking for unistd.h - found
-- Looking for sys/endian.h
-- Looking for sys/endian.h - not found
-- Looking for endian.h
-- Looking for endian.h - found
-- Looking for byteswap.h
-- Looking for byteswap.h - found
-- Looking for sys/types.h
-- Looking for sys/types.h - found
-- Looking for stdint.h
-- Looking for stdint.h - found
-- Looking for stddef.h
-- Looking for stddef.h - found
-- Check size of ssize_t
-- Check size of ssize_t - done
-- Looking for be64toh
-- Looking for be64toh - found
-- Looking for bswap_64
-- Looking for bswap_64 - found
-- summary of build options:

    Package version: 1.15.0
    Library version: 15:1:6
    Install prefix:  /home/baidu/scrapanium-experiments/scrapanium-wss-recv-cold-20260924/build/wss-recv-coalescing/backend-work/build/deps/install
    Target system:   Linux
    Compiler:
      Build type:     Release
      C compiler:     /usr/bin/clang
      CFLAGS:         -O3  
      C++ compiler:   /usr/bin/clang++
      CXXFLAGS:        
      WARNCFLAGS:       -Wextra -Wall -Wconversion -Winline -Wmissing-declarations -Wmissing-prototypes -Wnested-externs -Wpointer-arith -Wshadow -Wundef -Wwrite-strings -Waddress -Wattributes -Wcast-align -Wdeclaration-after-statement -Wdiv-by-zero -Wempty-body -Wendif-labels -Wfloat-equal -Wformat-nonliteral -Wformat-security -Wmissing-field-initializers -Wmissing-noreturn -Wno-format-nonliteral -Wredundant-decls -Wsign-conversion -Wstrict-prototypes -Wunreachable-code -Wunused-macros -Wunused-parameter -Wvla -Wshorten-64-to-32 -Wlanguage-extension-token -Wpragmas -Wunreachable-code-break -Wheader-guard -Wsometimes-uninitialized -Wmissing-variable-declarations
      WARNCXXFLAGS:   
    Library:
      Shared:         OFF
      Static:         ON
    Test:
      Build Test:     OFF
    Library only:     ON
    Examples:         0

-- Configuring done (2.9s)
-- Generating done (0.0s)
-- Build files have been written to: /home/baidu/scrapanium-experiments/scrapanium-wss-recv-cold-20260924/build/wss-recv-coalescing/backend-work/build/deps/build/nghttp3
[43/74] Performing configure step for 'ngtcp2'
-- The C compiler identification is Clang 21.1.8
-- Detecting C compiler ABI info
-- Detecting C compiler ABI info - done
-- Check for working C compiler: /usr/bin/clang - skipped
-- Detecting C compile features
-- Detecting C compile features - done
-- Looking for OPENSSL_IS_BORINGSSL
-- Looking for OPENSSL_IS_BORINGSSL - found
-- Looking for arpa/inet.h
-- Looking for arpa/inet.h - found
-- Looking for netinet/in.h
-- Looking for netinet/in.h - found
-- Looking for netinet/ip.h
-- Looking for netinet/ip.h - found
-- Looking for unistd.h
-- Looking for unistd.h - found
-- Looking for sys/endian.h
-- Looking for sys/endian.h - not found
-- Looking for endian.h
-- Looking for endian.h - found
-- Looking for byteswap.h
-- Looking for byteswap.h - found
-- Looking for asm/types.h
-- Looking for asm/types.h - found
-- Looking for linux/netlink.h
-- Looking for linux/netlink.h - found
-- Looking for linux/rtnetlink.h
-- Looking for linux/rtnetlink.h - found
-- Looking for sys/types.h
-- Looking for sys/types.h - found
-- Looking for stdint.h
-- Looking for stdint.h - found
-- Looking for stddef.h
-- Looking for stddef.h - found
-- Check size of ssize_t
-- Check size of ssize_t - done
-- Looking for be64toh
-- Looking for be64toh - found
-- Looking for bswap_64
-- Looking for bswap_64 - found
-- Looking for explicit_bzero
-- Looking for explicit_bzero - found
-- Looking for memset_s
-- Looking for memset_s - not found
-- summary of build options:

    Package version: 1.20.0
    Library version: 23:3:7
    Install prefix:  /home/baidu/scrapanium-experiments/scrapanium-wss-recv-cold-20260924/build/wss-recv-coalescing/backend-work/build/deps/install
    Target system:   Linux
    Compiler:
      Build type:     Release
      C compiler:     /usr/bin/clang
      CFLAGS:         -O3  
      C++ compiler:   /usr/bin/clang++
      CXXFLAGS:        
      WARNCFLAGS:       -Wextra -Wall -Wconversion -Winline -Wmissing-declarations -Wmissing-prototypes -Wnested-externs -Wpointer-arith -Wshadow -Wundef -Wwrite-strings -Waddress -Wattributes -Wcast-align -Wdeclaration-after-statement -Wdiv-by-zero -Wempty-body -Wendif-labels -Wfloat-equal -Wformat-nonliteral -Wformat-security -Wmissing-field-initializers -Wmissing-noreturn -Wno-format-nonliteral -Wredundant-decls -Wsign-conversion -Wstrict-prototypes -Wunreachable-code -Wunused-macros -Wunused-parameter -Wvla -Wshorten-64-to-32 -Wlanguage-extension-token -Wpragmas -Wunreachable-code-break -Wheader-guard -Wsometimes-uninitialized -Wmissing-variable-declarations
      WARNCXXFLAGS:   
    Library:
      Shared:         OFF
      Static:         ON
    Test:
      Build Test:     OFF
    Libs:
      OpenSSL:        FALSE (LIBS='')
      Libev:           (LIBS='')
      Libnghttp3:      (LIBS='')
      GnuTLS:         FALSE (LIBS='')
      BoringSSL:      TRUE (LIBS='')
      Picotls:        FALSE (LIBS='')
      wolfSSL:        FALSE (LIBS='')
      Jemalloc:        (LIBS='')
      Libbrotlienc:    (LIBS='')
      Libbrotlidec:    (LIBS='')

-- Configuring done (3.7s)
-- Generating done (0.0s)
-- Build files have been written to: /home/baidu/scrapanium-experiments/scrapanium-wss-recv-cold-20260924/build/wss-recv-coalescing/backend-work/build/deps/build/ngtcp2
[44/74] Performing build step for 'cares'
[1/92] Building C object src/lib/CMakeFiles/c-ares.dir/ares_android.c.o
[2/92] Building C object src/lib/CMakeFiles/c-ares.dir/ares_cancel.c.o
[3/92] Building C object src/lib/CMakeFiles/c-ares.dir/ares_addrinfo_localhost.c.o
[4/92] Building C object src/lib/CMakeFiles/c-ares.dir/ares_close_sockets.c.o
[5/92] Building C object src/lib/CMakeFiles/c-ares.dir/ares_addrinfo2hostent.c.o
[6/92] Building C object src/lib/CMakeFiles/c-ares.dir/ares_cookie.c.o
[7/92] Building C object src/lib/CMakeFiles/c-ares.dir/ares_data.c.o
[8/92] Building C object src/lib/CMakeFiles/c-ares.dir/ares_destroy.c.o
[9/92] Building C object src/lib/CMakeFiles/c-ares.dir/ares_conn.c.o
[10/92] Building C object src/lib/CMakeFiles/c-ares.dir/ares_free_string.c.o
[11/92] Building C object src/lib/CMakeFiles/c-ares.dir/ares_free_hostent.c.o
[12/92] Building C object src/lib/CMakeFiles/c-ares.dir/ares_freeaddrinfo.c.o
[13/92] Building C object src/lib/CMakeFiles/c-ares.dir/ares_getenv.c.o
[14/92] Building C object src/lib/CMakeFiles/c-ares.dir/ares_gethostbyaddr.c.o
[15/92] Building C object src/lib/CMakeFiles/c-ares.dir/ares_getaddrinfo.c.o
[16/92] Building C object src/lib/CMakeFiles/c-ares.dir/ares_gethostbyname.c.o
[17/92] Building C object src/lib/CMakeFiles/c-ares.dir/ares_getnameinfo.c.o
/home/baidu/scrapanium-experiments/scrapanium-wss-recv-cold-20260924/build/wss-recv-coalescing/backend-work/build/deps/src/cares/src/lib/ares_getnameinfo.c:229:21: warning: '_Generic' is a C11 extension [-Wc11-extensions]
  229 |       if ((domain = strchr(buf, '.')) != NULL) {
      |                     ^
/usr/include/string.h:265:3: note: expanded from macro 'strchr'
  265 |   __glibc_const_generic (S, const char *, strchr (S, C))
      |   ^
/usr/include/x86_64-linux-gnu/sys/cdefs.h:838:3: note: expanded from macro '__glibc_const_generic'
  838 |   _Generic (0 ? (PTR) : (void *) 1,                     \
      |   ^
1 warning generated.
[18/92] Building C object src/lib/CMakeFiles/c-ares.dir/ares_library_init.c.o
[19/92] Building C object src/lib/CMakeFiles/c-ares.dir/ares_init.c.o
/home/baidu/scrapanium-experiments/scrapanium-wss-recv-cold-20260924/build/wss-recv-coalescing/backend-work/build/deps/src/cares/src/lib/ares_init.c:209:11: warning: '_Generic' is a C11 extension [-Wc11-extensions]
  209 |     dot = strchr(hostname, '.');
      |           ^
/usr/include/string.h:265:3: note: expanded from macro 'strchr'
  265 |   __glibc_const_generic (S, const char *, strchr (S, C))
      |   ^
/usr/include/x86_64-linux-gnu/sys/cdefs.h:838:3: note: expanded from macro '__glibc_const_generic'
  838 |   _Generic (0 ? (PTR) : (void *) 1,                     \
      |   ^
1 warning generated.
[20/92] Building C object src/lib/CMakeFiles/c-ares.dir/ares_metrics.c.o
[21/92] Building C object src/lib/CMakeFiles/c-ares.dir/ares_hosts_file.c.o
[22/92] Building C object src/lib/CMakeFiles/c-ares.dir/ares_options.c.o
[23/92] Building C object src/lib/CMakeFiles/c-ares.dir/ares_parse_into_addrinfo.c.o
[24/92] Building C object src/lib/CMakeFiles/c-ares.dir/ares_qcache.c.o
[25/92] Building C object src/lib/CMakeFiles/c-ares.dir/ares_query.c.o
[26/92] Building C object src/lib/CMakeFiles/c-ares.dir/ares_search.c.o
/home/baidu/scrapanium-experiments/scrapanium-wss-recv-cold-20260924/build/wss-recv-coalescing/backend-work/build/deps/src/cares/src/lib/ares_search.c:534:7: warning: '_Generic' is a C11 extension [-Wc11-extensions]
  534 |   if (strchr(name, '.') != NULL) {
      |       ^
/usr/include/string.h:265:3: note: expanded from macro 'strchr'
  265 |   __glibc_const_generic (S, const char *, strchr (S, C))
      |   ^
/usr/include/x86_64-linux-gnu/sys/cdefs.h:838:3: note: expanded from macro '__glibc_const_generic'
  838 |   _Generic (0 ? (PTR) : (void *) 1,                     \
      |   ^
1 warning generated.
[27/92] Building C object src/lib/CMakeFiles/c-ares.dir/ares_send.c.o
[28/92] Building C object src/lib/CMakeFiles/c-ares.dir/ares_set_socket_functions.c.o
[29/92] Building C object src/lib/CMakeFiles/c-ares.dir/ares_process.c.o
[30/92] Building C object src/lib/CMakeFiles/c-ares.dir/ares_socket.c.o
[31/92] Building C object src/lib/CMakeFiles/c-ares.dir/ares_strerror.c.o
[32/92] Building C object src/lib/CMakeFiles/c-ares.dir/ares_sysconfig_mac.c.o
[33/92] Building C object src/lib/CMakeFiles/c-ares.dir/ares_sortaddrinfo.c.o
[34/92] Building C object src/lib/CMakeFiles/c-ares.dir/ares_sysconfig.c.o
[35/92] Building C object src/lib/CMakeFiles/c-ares.dir/ares_sysconfig_win.c.o
[36/92] Building C object src/lib/CMakeFiles/c-ares.dir/ares_sysconfig_files.c.o
/home/baidu/scrapanium-experiments/scrapanium-wss-recv-cold-20260924/build/wss-recv-coalescing/backend-work/build/deps/src/cares/src/lib/ares_sysconfig_files.c:362:9: warning: '_Generic' is a C11 extension [-Wc11-extensions]
  362 |     if (memchr(lookupstr, ch, lookupstr_cnt) == NULL) {
      |         ^
/usr/include/string.h:122:3: note: expanded from macro 'memchr'
  122 |   __glibc_const_generic (S, const void *, memchr (S, C, N))
      |   ^
/usr/include/x86_64-linux-gnu/sys/cdefs.h:838:3: note: expanded from macro '__glibc_const_generic'
  838 |   _Generic (0 ? (PTR) : (void *) 1,                     \
      |   ^
1 warning generated.
[37/92] Building C object src/lib/CMakeFiles/c-ares.dir/ares_timeout.c.o
[38/92] Building C object src/lib/CMakeFiles/c-ares.dir/ares_version.c.o
[39/92] Building C object src/lib/CMakeFiles/c-ares.dir/windows_port.c.o
[40/92] Building C object src/lib/CMakeFiles/c-ares.dir/inet_ntop.c.o
[41/92] Building C object src/lib/CMakeFiles/c-ares.dir/ares_update_servers.c.o
/home/baidu/scrapanium-experiments/scrapanium-wss-recv-cold-20260924/build/wss-recv-coalescing/backend-work/build/deps/src/cares/src/lib/ares_update_servers.c:221:14: warning: '_Generic' is a C11 extension [-Wc11-extensions]
  221 |   ll_scope = strchr(hoststr, '%');
      |              ^
/usr/include/string.h:265:3: note: expanded from macro 'strchr'
  265 |   __glibc_const_generic (S, const char *, strchr (S, C))
      |   ^
/usr/include/x86_64-linux-gnu/sys/cdefs.h:838:3: note: expanded from macro '__glibc_const_generic'
  838 |   _Generic (0 ? (PTR) : (void *) 1,                     \
      |   ^
1 warning generated.
[42/92] Building C object src/lib/CMakeFiles/c-ares.dir/inet_net_pton.c.o
/home/baidu/scrapanium-experiments/scrapanium-wss-recv-cold-20260924/build/wss-recv-coalescing/backend-work/build/deps/src/cares/src/lib/inet_net_pton.c:98:17: warning: '_Generic' is a C11 extension [-Wc11-extensions]
   98 |       n = (int)(strchr(xdigits, ch) - xdigits);
      |                 ^
/usr/include/string.h:265:3: note: expanded from macro 'strchr'
  265 |   __glibc_const_generic (S, const char *, strchr (S, C))
      |   ^
/usr/include/x86_64-linux-gnu/sys/cdefs.h:838:3: note: expanded from macro '__glibc_const_generic'
  838 |   _Generic (0 ? (PTR) : (void *) 1,                     \
      |   ^
/home/baidu/scrapanium-experiments/scrapanium-wss-recv-cold-20260924/build/wss-recv-coalescing/backend-work/build/deps/src/cares/src/lib/inet_net_pton.c:123:22: warning: '_Generic' is a C11 extension [-Wc11-extensions]
  123 |         n    = (int)(strchr(digits, ch) - digits);
      |                      ^
/usr/include/string.h:265:3: note: expanded from macro 'strchr'
  265 |   __glibc_const_generic (S, const char *, strchr (S, C))
      |   ^
/usr/include/x86_64-linux-gnu/sys/cdefs.h:838:3: note: expanded from macro '__glibc_const_generic'
  838 |   _Generic (0 ? (PTR) : (void *) 1,                     \
      |   ^
/home/baidu/scrapanium-experiments/scrapanium-wss-recv-cold-20260924/build/wss-recv-coalescing/backend-work/build/deps/src/cares/src/lib/inet_net_pton.c:155:21: warning: '_Generic' is a C11 extension [-Wc11-extensions]
  155 |       n     = (int)(strchr(digits, ch) - digits);
      |                     ^
/usr/include/string.h:265:3: note: expanded from macro 'strchr'
  265 |   __glibc_const_generic (S, const char *, strchr (S, C))
      |   ^
/usr/include/x86_64-linux-gnu/sys/cdefs.h:838:3: note: expanded from macro '__glibc_const_generic'
  838 |   _Generic (0 ? (PTR) : (void *) 1,                     \
      |   ^
/home/baidu/scrapanium-experiments/scrapanium-wss-recv-cold-20260924/build/wss-recv-coalescing/backend-work/build/deps/src/cares/src/lib/inet_net_pton.c:231:11: warning: '_Generic' is a C11 extension [-Wc11-extensions]
  231 |     pch = strchr(digits, ch);
      |           ^
/usr/include/string.h:265:3: note: expanded from macro 'strchr'
  265 |   __glibc_const_generic (S, const char *, strchr (S, C))
      |   ^
/usr/include/x86_64-linux-gnu/sys/cdefs.h:838:3: note: expanded from macro '__glibc_const_generic'
  838 |   _Generic (0 ? (PTR) : (void *) 1,                     \
      |   ^
/home/baidu/scrapanium-experiments/scrapanium-wss-recv-cold-20260924/build/wss-recv-coalescing/backend-work/build/deps/src/cares/src/lib/inet_net_pton.c:282:16: warning: '_Generic' is a C11 extension [-Wc11-extensions]
  282 |     if ((pch = strchr((xdigits = xdigits_l), ch)) == NULL) {
      |                ^
/usr/include/string.h:265:3: note: expanded from macro 'strchr'
  265 |   __glibc_const_generic (S, const char *, strchr (S, C))
      |   ^
/usr/include/x86_64-linux-gnu/sys/cdefs.h:838:3: note: expanded from macro '__glibc_const_generic'
  838 |   _Generic (0 ? (PTR) : (void *) 1,                     \
      |   ^
/home/baidu/scrapanium-experiments/scrapanium-wss-recv-cold-20260924/build/wss-recv-coalescing/backend-work/build/deps/src/cares/src/lib/inet_net_pton.c:283:13: warning: '_Generic' is a C11 extension [-Wc11-extensions]
  283 |       pch = strchr((xdigits = xdigits_u), ch);
      |             ^
/usr/include/string.h:265:3: note: expanded from macro 'strchr'
  265 |   __glibc_const_generic (S, const char *, strchr (S, C))
      |   ^
/usr/include/x86_64-linux-gnu/sys/cdefs.h:838:3: note: expanded from macro '__glibc_const_generic'
  838 |   _Generic (0 ? (PTR) : (void *) 1,                     \
      |   ^
/home/baidu/scrapanium-experiments/scrapanium-wss-recv-cold-20260924/build/wss-recv-coalescing/backend-work/build/deps/src/cares/src/lib/inet_net_pton.c:379:9: warning: '_Generic' is a C11 extension [-Wc11-extensions]
  379 |   sep = strchr(buf, '/');
      |         ^
/usr/include/string.h:265:3: note: expanded from macro 'strchr'
  265 |   __glibc_const_generic (S, const char *, strchr (S, C))
      |   ^
/usr/include/x86_64-linux-gnu/sys/cdefs.h:838:3: note: expanded from macro '__glibc_const_generic'
  838 |   _Generic (0 ? (PTR) : (void *) 1,                     \
      |   ^
7 warnings generated.
[43/92] Building C object src/lib/CMakeFiles/c-ares.dir/dsa/ares_htable_asvp.c.o
[44/92] Building C object src/lib/CMakeFiles/c-ares.dir/dsa/ares_array.c.o
[45/92] Building C object src/lib/CMakeFiles/c-ares.dir/dsa/ares_htable_dict.c.o
[46/92] Building C object src/lib/CMakeFiles/c-ares.dir/dsa/ares_htable.c.o
[47/92] Building C object src/lib/CMakeFiles/c-ares.dir/dsa/ares_htable_strvp.c.o
[48/92] Building C object src/lib/CMakeFiles/c-ares.dir/dsa/ares_htable_szvp.c.o
[49/92] Building C object src/lib/CMakeFiles/c-ares.dir/dsa/ares_htable_vpstr.c.o
[50/92] Building C object src/lib/CMakeFiles/c-ares.dir/dsa/ares_htable_vpvp.c.o
[51/92] Building C object src/lib/CMakeFiles/c-ares.dir/event/ares_event_configchg.c.o
[52/92] Building C object src/lib/CMakeFiles/c-ares.dir/event/ares_event_epoll.c.o
[53/92] Building C object src/lib/CMakeFiles/c-ares.dir/dsa/ares_slist.c.o
[54/92] Building C object src/lib/CMakeFiles/c-ares.dir/dsa/ares_llist.c.o
[55/92] Building C object src/lib/CMakeFiles/c-ares.dir/event/ares_event_kqueue.c.o
[56/92] Building C object src/lib/CMakeFiles/c-ares.dir/event/ares_event_poll.c.o
[57/92] Building C object src/lib/CMakeFiles/c-ares.dir/event/ares_event_select.c.o
[58/92] Building C object src/lib/CMakeFiles/c-ares.dir/event/ares_event_thread.c.o
[59/92] Building C object src/lib/CMakeFiles/c-ares.dir/event/ares_event_wake_pipe.c.o
[60/92] Building C object src/lib/CMakeFiles/c-ares.dir/event/ares_event_win32.c.o
[61/92] Building C object src/lib/CMakeFiles/c-ares.dir/legacy/ares_create_query.c.o
[62/92] Building C object src/lib/CMakeFiles/c-ares.dir/legacy/ares_expand_name.c.o
[63/92] Building C object src/lib/CMakeFiles/c-ares.dir/legacy/ares_expand_string.c.o
[64/92] Building C object src/lib/CMakeFiles/c-ares.dir/legacy/ares_fds.c.o
[65/92] Building C object src/lib/CMakeFiles/c-ares.dir/legacy/ares_getsock.c.o
[66/92] Building C object src/lib/CMakeFiles/c-ares.dir/legacy/ares_parse_a_reply.c.o
[67/92] Building C object src/lib/CMakeFiles/c-ares.dir/legacy/ares_parse_aaaa_reply.c.o
[68/92] Building C object src/lib/CMakeFiles/c-ares.dir/legacy/ares_parse_caa_reply.c.o
[69/92] Building C object src/lib/CMakeFiles/c-ares.dir/legacy/ares_parse_mx_reply.c.o
[70/92] Building C object src/lib/CMakeFiles/c-ares.dir/legacy/ares_parse_naptr_reply.c.o
[71/92] Building C object src/lib/CMakeFiles/c-ares.dir/legacy/ares_parse_ns_reply.c.o
[72/92] Building C object src/lib/CMakeFiles/c-ares.dir/legacy/ares_parse_ptr_reply.c.o
[73/92] Building C object src/lib/CMakeFiles/c-ares.dir/legacy/ares_parse_soa_reply.c.o
[74/92] Building C object src/lib/CMakeFiles/c-ares.dir/legacy/ares_parse_srv_reply.c.o
[75/92] Building C object src/lib/CMakeFiles/c-ares.dir/legacy/ares_parse_uri_reply.c.o
[76/92] Building C object src/lib/CMakeFiles/c-ares.dir/legacy/ares_parse_txt_reply.c.o
[77/92] Building C object src/lib/CMakeFiles/c-ares.dir/record/ares_dns_mapping.c.o
[78/92] Building C object src/lib/CMakeFiles/c-ares.dir/record/ares_dns_multistring.c.o
[79/92] Building C object src/lib/CMakeFiles/c-ares.dir/record/ares_dns_name.c.o
[80/92] Building C object src/lib/CMakeFiles/c-ares.dir/record/ares_dns_parse.c.o
[81/92] Building C object src/lib/CMakeFiles/c-ares.dir/record/ares_dns_write.c.o
[82/92] Building C object src/lib/CMakeFiles/c-ares.dir/record/ares_dns_record.c.o
[83/92] Building C object src/lib/CMakeFiles/c-ares.dir/str/ares_str.c.o
[84/92] Building C object src/lib/CMakeFiles/c-ares.dir/str/ares_strsplit.c.o
[85/92] Building C object src/lib/CMakeFiles/c-ares.dir/util/ares_timeval.c.o
[86/92] Building C object src/lib/CMakeFiles/c-ares.dir/util/ares_iface_ips.c.o
[87/92] Building C object src/lib/CMakeFiles/c-ares.dir/util/ares_threads.c.o
[88/92] Building C object src/lib/CMakeFiles/c-ares.dir/util/ares_math.c.o
[89/92] Building C object src/lib/CMakeFiles/c-ares.dir/str/ares_buf.c.o
/home/baidu/scrapanium-experiments/scrapanium-wss-recv-cold-20260924/build/wss-recv-coalescing/backend-work/build/deps/src/cares/src/lib/str/ares_buf.c:759:30: warning: '_Generic' is a C11 extension [-Wc11-extensions]
  759 |     const unsigned char *p = memchr(ptr, charset[0], remaining_len);
      |                              ^
/usr/include/string.h:122:3: note: expanded from macro 'memchr'
  122 |   __glibc_const_generic (S, const void *, memchr (S, C, N))
      |   ^
/usr/include/x86_64-linux-gnu/sys/cdefs.h:838:3: note: expanded from macro '__glibc_const_generic'
  838 |   _Generic (0 ? (PTR) : (void *) 1,                     \
      |   ^
1 warning generated.
[90/92] Building C object src/lib/CMakeFiles/c-ares.dir/util/ares_rand.c.o
[91/92] Building C object src/lib/CMakeFiles/c-ares.dir/util/ares_uri.c.o
/home/baidu/scrapanium-experiments/scrapanium-wss-recv-cold-20260924/build/wss-recv-coalescing/backend-work/build/deps/src/cares/src/lib/util/ares_uri.c:446:14: warning: '_Generic' is a C11 extension [-Wc11-extensions]
  446 |   ll_scope = strchr(hoststr, '%');
      |              ^
/usr/include/string.h:265:3: note: expanded from macro 'strchr'
  265 |   __glibc_const_generic (S, const char *, strchr (S, C))
      |   ^
/usr/include/x86_64-linux-gnu/sys/cdefs.h:838:3: note: expanded from macro '__glibc_const_generic'
  838 |   _Generic (0 ? (PTR) : (void *) 1,                     \
      |   ^
/home/baidu/scrapanium-experiments/scrapanium-wss-recv-cold-20260924/build/wss-recv-coalescing/backend-work/build/deps/src/cares/src/lib/util/ares_uri.c:797:7: warning: '_Generic' is a C11 extension [-Wc11-extensions]
  797 |   if (strchr(uri->host, '%') != NULL) {
      |       ^
/usr/include/string.h:265:3: note: expanded from macro 'strchr'
  265 |   __glibc_const_generic (S, const char *, strchr (S, C))
      |   ^
/usr/include/x86_64-linux-gnu/sys/cdefs.h:838:3: note: expanded from macro '__glibc_const_generic'
  838 |   _Generic (0 ? (PTR) : (void *) 1,                     \
      |   ^
2 warnings generated.
[92/92] Linking C static library lib/libcares.a
[45/74] Performing build step for 'zlib'
[1/33] Building C object CMakeFiles/zlib.dir/compress.c.o
[2/33] Building C object CMakeFiles/zlib.dir/adler32.c.o
[3/33] Building C object CMakeFiles/zlib.dir/gzclose.c.o
[4/33] Building C object CMakeFiles/zlib.dir/crc32.c.o
[5/33] Building C object CMakeFiles/zlib.dir/gzlib.c.o
[6/33] Building C object CMakeFiles/zlib.dir/gzread.c.o
[7/33] Building C object CMakeFiles/zlib.dir/gzwrite.c.o
[8/33] Building C object CMakeFiles/zlib.dir/inftrees.c.o
[9/33] Building C object CMakeFiles/zlib.dir/deflate.c.o
[10/33] Building C object CMakeFiles/zlib.dir/inffast.c.o
[11/33] Building C object CMakeFiles/zlib.dir/infback.c.o
[12/33] Building C object CMakeFiles/zlib.dir/uncompr.c.o
[13/33] Building C object CMakeFiles/zlib.dir/zutil.c.o
[14/33] Building C object CMakeFiles/zlibstatic.dir/compress.c.o
[15/33] Building C object CMakeFiles/zlibstatic.dir/adler32.c.o
[16/33] Building C object CMakeFiles/zlib.dir/inflate.c.o
[17/33] Building C object CMakeFiles/zlibstatic.dir/crc32.c.o
[18/33] Building C object CMakeFiles/zlib.dir/trees.c.o
[19/33] Building C object CMakeFiles/zlibstatic.dir/gzclose.c.o
[20/33] Building C object CMakeFiles/zlibstatic.dir/gzlib.c.o
[21/33] Linking C shared library libz.so.1.3.1
[22/33] Building C object CMakeFiles/zlibstatic.dir/gzread.c.o
[23/33] Building C object CMakeFiles/zlibstatic.dir/gzwrite.c.o
[24/33] Building C object CMakeFiles/zlibstatic.dir/deflate.c.o
[25/33] Building C object CMakeFiles/zlibstatic.dir/inftrees.c.o
[26/33] Building C object CMakeFiles/zlibstatic.dir/infback.c.o
[27/33] Building C object CMakeFiles/zlibstatic.dir/inffast.c.o
[28/33] Building C object CMakeFiles/zlibstatic.dir/uncompr.c.o
[29/33] Creating library symlink libz.so.1 libz.so
[30/33] Building C object CMakeFiles/zlibstatic.dir/zutil.c.o
[31/33] Building C object CMakeFiles/zlibstatic.dir/trees.c.o
[32/33] Building C object CMakeFiles/zlibstatic.dir/inflate.c.o
[33/33] Linking C static library libz.a
[46/74] Performing build step for 'zstd'
[1/39] Building C object lib/CMakeFiles/libzstd_static.dir/home/baidu/scrapanium-experiments/scrapanium-wss-recv-cold-20260924/build/wss-recv-coalescing/backend-work/build/deps/src/zstd/lib/common/debug.c.o
[2/39] Building C object lib/CMakeFiles/libzstd_static.dir/home/baidu/scrapanium-experiments/scrapanium-wss-recv-cold-20260924/build/wss-recv-coalescing/backend-work/build/deps/src/zstd/lib/common/error_private.c.o
[3/39] Building C object lib/CMakeFiles/libzstd_static.dir/home/baidu/scrapanium-experiments/scrapanium-wss-recv-cold-20260924/build/wss-recv-coalescing/backend-work/build/deps/src/zstd/lib/common/threading.c.o
[4/39] Building C object lib/CMakeFiles/libzstd_static.dir/home/baidu/scrapanium-experiments/scrapanium-wss-recv-cold-20260924/build/wss-recv-coalescing/backend-work/build/deps/src/zstd/lib/common/pool.c.o
[5/39] Building C object lib/CMakeFiles/libzstd_static.dir/home/baidu/scrapanium-experiments/scrapanium-wss-recv-cold-20260924/build/wss-recv-coalescing/backend-work/build/deps/src/zstd/lib/common/entropy_common.c.o
[6/39] Building C object lib/CMakeFiles/libzstd_static.dir/home/baidu/scrapanium-experiments/scrapanium-wss-recv-cold-20260924/build/wss-recv-coalescing/backend-work/build/deps/src/zstd/lib/common/zstd_common.c.o
[7/39] Building C object lib/CMakeFiles/libzstd_static.dir/home/baidu/scrapanium-experiments/scrapanium-wss-recv-cold-20260924/build/wss-recv-coalescing/backend-work/build/deps/src/zstd/lib/common/fse_decompress.c.o
[8/39] Building C object lib/CMakeFiles/libzstd_static.dir/home/baidu/scrapanium-experiments/scrapanium-wss-recv-cold-20260924/build/wss-recv-coalescing/backend-work/build/deps/src/zstd/lib/common/xxhash.c.o
[9/39] Building C object lib/CMakeFiles/libzstd_static.dir/home/baidu/scrapanium-experiments/scrapanium-wss-recv-cold-20260924/build/wss-recv-coalescing/backend-work/build/deps/src/zstd/lib/compress/hist.c.o
[10/39] Building C object lib/CMakeFiles/libzstd_static.dir/home/baidu/scrapanium-experiments/scrapanium-wss-recv-cold-20260924/build/wss-recv-coalescing/backend-work/build/deps/src/zstd/lib/compress/fse_compress.c.o
[11/39] Building C object lib/CMakeFiles/libzstd_static.dir/home/baidu/scrapanium-experiments/scrapanium-wss-recv-cold-20260924/build/wss-recv-coalescing/backend-work/build/deps/src/zstd/lib/compress/zstd_compress_literals.c.o
[12/39] Building C object lib/CMakeFiles/libzstd_static.dir/home/baidu/scrapanium-experiments/scrapanium-wss-recv-cold-20260924/build/wss-recv-coalescing/backend-work/build/deps/src/zstd/lib/compress/zstd_compress_sequences.c.o
[13/39] Building C object lib/CMakeFiles/libzstd_static.dir/home/baidu/scrapanium-experiments/scrapanium-wss-recv-cold-20260924/build/wss-recv-coalescing/backend-work/build/deps/src/zstd/lib/compress/zstd_compress_superblock.c.o
[14/39] Building C object lib/CMakeFiles/libzstd_static.dir/home/baidu/scrapanium-experiments/scrapanium-wss-recv-cold-20260924/build/wss-recv-coalescing/backend-work/build/deps/src/zstd/lib/compress/huf_compress.c.o
[15/39] Building C object lib/CMakeFiles/libzstd_static.dir/home/baidu/scrapanium-experiments/scrapanium-wss-recv-cold-20260924/build/wss-recv-coalescing/backend-work/build/deps/src/zstd/lib/compress/zstd_compress.c.o
[16/39] Building C object lib/CMakeFiles/libzstd_static.dir/home/baidu/scrapanium-experiments/scrapanium-wss-recv-cold-20260924/build/wss-recv-coalescing/backend-work/build/deps/src/zstd/lib/compress/zstd_double_fast.c.o
[17/39] Building C object lib/CMakeFiles/libzstd_static.dir/home/baidu/scrapanium-experiments/scrapanium-wss-recv-cold-20260924/build/wss-recv-coalescing/backend-work/build/deps/src/zstd/lib/compress/zstd_fast.c.o
[18/39] Building C object lib/CMakeFiles/libzstd_static.dir/home/baidu/scrapanium-experiments/scrapanium-wss-recv-cold-20260924/build/wss-recv-coalescing/backend-work/build/deps/src/zstd/lib/compress/zstd_ldm.c.o
[19/39] Building C object lib/CMakeFiles/libzstd_static.dir/home/baidu/scrapanium-experiments/scrapanium-wss-recv-cold-20260924/build/wss-recv-coalescing/backend-work/build/deps/src/zstd/lib/compress/zstd_preSplit.c.o
[20/39] Building C object lib/CMakeFiles/libzstd_static.dir/home/baidu/scrapanium-experiments/scrapanium-wss-recv-cold-20260924/build/wss-recv-coalescing/backend-work/build/deps/src/zstd/lib/compress/zstdmt_compress.c.o
[21/39] Building C object lib/CMakeFiles/libzstd_static.dir/home/baidu/scrapanium-experiments/scrapanium-wss-recv-cold-20260924/build/wss-recv-coalescing/backend-work/build/deps/src/zstd/lib/decompress/zstd_ddict.c.o
[22/39] Building C object lib/CMakeFiles/libzstd_static.dir/home/baidu/scrapanium-experiments/scrapanium-wss-recv-cold-20260924/build/wss-recv-coalescing/backend-work/build/deps/src/zstd/lib/compress/zstd_opt.c.o
[23/39] Building C object lib/CMakeFiles/libzstd_static.dir/home/baidu/scrapanium-experiments/scrapanium-wss-recv-cold-20260924/build/wss-recv-coalescing/backend-work/build/deps/src/zstd/lib/decompress/zstd_decompress.c.o
[24/39] Building ASM object lib/CMakeFiles/libzstd_static.dir/home/baidu/scrapanium-experiments/scrapanium-wss-recv-cold-20260924/build/wss-recv-coalescing/backend-work/build/deps/src/zstd/lib/decompress/huf_decompress_amd64.S.o
[25/39] Building C object lib/CMakeFiles/libzstd_static.dir/home/baidu/scrapanium-experiments/scrapanium-wss-recv-cold-20260924/build/wss-recv-coalescing/backend-work/build/deps/src/zstd/lib/decompress/huf_decompress.c.o
[26/39] Building C object lib/CMakeFiles/libzstd_static.dir/home/baidu/scrapanium-experiments/scrapanium-wss-recv-cold-20260924/build/wss-recv-coalescing/backend-work/build/deps/src/zstd/lib/dictBuilder/cover.c.o
[27/39] Building C object lib/CMakeFiles/libzstd_static.dir/home/baidu/scrapanium-experiments/scrapanium-wss-recv-cold-20260924/build/wss-recv-coalescing/backend-work/build/deps/src/zstd/lib/dictBuilder/fastcover.c.o
[28/39] Building C object lib/CMakeFiles/libzstd_static.dir/home/baidu/scrapanium-experiments/scrapanium-wss-recv-cold-20260924/build/wss-recv-coalescing/backend-work/build/deps/src/zstd/lib/dictBuilder/zdict.c.o
[29/39] Building C object lib/CMakeFiles/libzstd_static.dir/home/baidu/scrapanium-experiments/scrapanium-wss-recv-cold-20260924/build/wss-recv-coalescing/backend-work/build/deps/src/zstd/lib/dictBuilder/divsufsort.c.o
[30/39] Building C object lib/CMakeFiles/libzstd_static.dir/home/baidu/scrapanium-experiments/scrapanium-wss-recv-cold-20260924/build/wss-recv-coalescing/backend-work/build/deps/src/zstd/lib/decompress/zstd_decompress_block.c.o
[31/39] Building C object lib/CMakeFiles/libzstd_static.dir/home/baidu/scrapanium-experiments/scrapanium-wss-recv-cold-20260924/build/wss-recv-coalescing/backend-work/build/deps/src/zstd/lib/legacy/zstd_v01.c.o
[32/39] Building C object lib/CMakeFiles/libzstd_static.dir/home/baidu/scrapanium-experiments/scrapanium-wss-recv-cold-20260924/build/wss-recv-coalescing/backend-work/build/deps/src/zstd/lib/legacy/zstd_v02.c.o
[33/39] Building C object lib/CMakeFiles/libzstd_static.dir/home/baidu/scrapanium-experiments/scrapanium-wss-recv-cold-20260924/build/wss-recv-coalescing/backend-work/build/deps/src/zstd/lib/legacy/zstd_v03.c.o
[34/39] Building C object lib/CMakeFiles/libzstd_static.dir/home/baidu/scrapanium-experiments/scrapanium-wss-recv-cold-20260924/build/wss-recv-coalescing/backend-work/build/deps/src/zstd/lib/compress/zstd_lazy.c.o
[35/39] Building C object lib/CMakeFiles/libzstd_static.dir/home/baidu/scrapanium-experiments/scrapanium-wss-recv-cold-20260924/build/wss-recv-coalescing/backend-work/build/deps/src/zstd/lib/legacy/zstd_v04.c.o
[36/39] Building C object lib/CMakeFiles/libzstd_static.dir/home/baidu/scrapanium-experiments/scrapanium-wss-recv-cold-20260924/build/wss-recv-coalescing/backend-work/build/deps/src/zstd/lib/legacy/zstd_v05.c.o
[37/39] Building C object lib/CMakeFiles/libzstd_static.dir/home/baidu/scrapanium-experiments/scrapanium-wss-recv-cold-20260924/build/wss-recv-coalescing/backend-work/build/deps/src/zstd/lib/legacy/zstd_v06.c.o
[38/39] Building C object lib/CMakeFiles/libzstd_static.dir/home/baidu/scrapanium-experiments/scrapanium-wss-recv-cold-20260924/build/wss-recv-coalescing/backend-work/build/deps/src/zstd/lib/legacy/zstd_v07.c.o
[39/39] Linking C static library lib/libzstd.a
[47/74] Performing build step for 'brotli'
[1/38] Building C object CMakeFiles/brotlicommon.dir/c/common/constants.c.o
[2/38] Building C object CMakeFiles/brotlicommon.dir/c/common/context.c.o
[3/38] Building C object CMakeFiles/brotlicommon.dir/c/common/platform.c.o
[4/38] Building C object CMakeFiles/brotlicommon.dir/c/common/shared_dictionary.c.o
[5/38] Building C object CMakeFiles/brotlidec.dir/c/dec/bit_reader.c.o
[6/38] Building C object CMakeFiles/brotlicommon.dir/c/common/transform.c.o
[7/38] Building C object CMakeFiles/brotlidec.dir/c/dec/prefix.c.o
[8/38] Building C object CMakeFiles/brotlicommon.dir/c/common/dictionary.c.o
[9/38] Building C object CMakeFiles/brotlidec.dir/c/dec/huffman.c.o
[10/38] Linking C static library libbrotlicommon.a
[11/38] Building C object CMakeFiles/brotlidec.dir/c/dec/state.c.o
[12/38] Building C object CMakeFiles/brotlidec.dir/c/dec/static_init.c.o
[13/38] Building C object CMakeFiles/brotlienc.dir/c/enc/bit_cost.c.o
[14/38] Building C object CMakeFiles/brotlidec.dir/c/dec/decode.c.o
[15/38] Building C object CMakeFiles/brotlienc.dir/c/enc/block_splitter.c.o
[16/38] Building C object CMakeFiles/brotlienc.dir/c/enc/backward_references_hq.c.o
[17/38] Building C object CMakeFiles/brotlienc.dir/c/enc/command.c.o
[18/38] Building C object CMakeFiles/brotlienc.dir/c/enc/compound_dictionary.c.o
[19/38] Building C object CMakeFiles/brotlienc.dir/c/enc/brotli_bit_stream.c.o
[20/38] Building C object CMakeFiles/brotlienc.dir/c/enc/cluster.c.o
[21/38] Building C object CMakeFiles/brotlienc.dir/c/enc/dictionary_hash.c.o
[22/38] Building C object CMakeFiles/brotlienc.dir/c/enc/compress_fragment.c.o
[23/38] Building C object CMakeFiles/brotlienc.dir/c/enc/compress_fragment_two_pass.c.o
[24/38] Building C object CMakeFiles/brotlienc.dir/c/enc/encoder_dict.c.o
[25/38] Building C object CMakeFiles/brotlienc.dir/c/enc/fast_log.c.o
[26/38] Building C object CMakeFiles/brotlienc.dir/c/enc/histogram.c.o
[27/38] Building C object CMakeFiles/brotlienc.dir/c/enc/entropy_encode.c.o
[28/38] Building C object CMakeFiles/brotlienc.dir/c/enc/memory.c.o
[29/38] Building C object CMakeFiles/brotlienc.dir/c/enc/literal_cost.c.o
[30/38] Building C object CMakeFiles/brotlienc.dir/c/enc/encode.c.o
[31/38] Building C object CMakeFiles/brotlienc.dir/c/enc/static_dict.c.o
[32/38] Building C object CMakeFiles/brotlienc.dir/c/enc/static_init.c.o
[33/38] Building C object CMakeFiles/brotlienc.dir/c/enc/metablock.c.o
[34/38] Building C object CMakeFiles/brotlienc.dir/c/enc/utf8_util.c.o
[35/38] Linking C static library libbrotlidec.a
[36/38] Building C object CMakeFiles/brotlienc.dir/c/enc/static_dict_lut.c.o
[37/38] Building C object CMakeFiles/brotlienc.dir/c/enc/backward_references.c.o
[38/38] Linking C static library libbrotlienc.a
[48/74] Performing build step for 'nghttp2'
[1/27] Building C object lib/CMakeFiles/nghttp2_static.dir/nghttp2_queue.c.o
[2/27] Building C object lib/CMakeFiles/nghttp2_static.dir/nghttp2_pq.c.o
[3/27] Building C object lib/CMakeFiles/nghttp2_static.dir/nghttp2_map.c.o
[4/27] Building C object lib/CMakeFiles/nghttp2_static.dir/nghttp2_outbound_item.c.o
[5/27] Building C object lib/CMakeFiles/nghttp2_static.dir/nghttp2_buf.c.o
[6/27] Building C object lib/CMakeFiles/nghttp2_static.dir/nghttp2_frame.c.o
[7/27] Building C object lib/CMakeFiles/nghttp2_static.dir/nghttp2_stream.c.o
[8/27] Building C object lib/CMakeFiles/nghttp2_static.dir/nghttp2_alpn.c.o
[9/27] Building C object lib/CMakeFiles/nghttp2_static.dir/nghttp2_helper.c.o
[10/27] Building C object lib/CMakeFiles/nghttp2_static.dir/nghttp2_submit.c.o
[11/27] Building C object lib/CMakeFiles/nghttp2_static.dir/nghttp2_hd_huffman.c.o
[12/27] Building C object lib/CMakeFiles/nghttp2_static.dir/nghttp2_hd_huffman_data.c.o
[13/27] Building C object lib/CMakeFiles/nghttp2_static.dir/nghttp2_version.c.o
[14/27] Building C object lib/CMakeFiles/nghttp2_static.dir/nghttp2_priority_spec.c.o
[15/27] Building C object lib/CMakeFiles/nghttp2_static.dir/nghttp2_option.c.o
[16/27] Building C object lib/CMakeFiles/nghttp2_static.dir/nghttp2_callbacks.c.o
[17/27] Building C object lib/CMakeFiles/nghttp2_static.dir/nghttp2_mem.c.o
[18/27] Building C object lib/CMakeFiles/nghttp2_static.dir/nghttp2_rcbuf.c.o
[19/27] Building C object lib/CMakeFiles/nghttp2_static.dir/nghttp2_extpri.c.o
[20/27] Building C object lib/CMakeFiles/nghttp2_static.dir/nghttp2_ratelim.c.o
[21/27] Building C object lib/CMakeFiles/nghttp2_static.dir/nghttp2_http.c.o
[22/27] Building C object lib/CMakeFiles/nghttp2_static.dir/nghttp2_time.c.o
[23/27] Building C object lib/CMakeFiles/nghttp2_static.dir/nghttp2_debug.c.o
[24/27] Building C object lib/CMakeFiles/nghttp2_static.dir/nghttp2_hd.c.o
[25/27] Building C object lib/CMakeFiles/nghttp2_static.dir/sfparse.c.o
[26/27] Building C object lib/CMakeFiles/nghttp2_static.dir/nghttp2_session.c.o
[27/27] Linking C static library lib/libnghttp2.a
[49/74] Performing build step for 'nghttp3'
[1/33] Building C object lib/CMakeFiles/nghttp3_static.dir/nghttp3_mem.c.o
[2/33] Building C object lib/CMakeFiles/nghttp3_static.dir/nghttp3_str.c.o
[3/33] Building C object lib/CMakeFiles/nghttp3_static.dir/nghttp3_rcbuf.c.o
[4/33] Building C object lib/CMakeFiles/nghttp3_static.dir/nghttp3_conv.c.o
[5/33] Building C object lib/CMakeFiles/nghttp3_static.dir/nghttp3_buf.c.o
[6/33] Building C object lib/CMakeFiles/nghttp3_static.dir/nghttp3_ringbuf.c.o
[7/33] Building C object lib/CMakeFiles/nghttp3_static.dir/nghttp3_pq.c.o
[8/33] Building C object lib/CMakeFiles/nghttp3_static.dir/nghttp3_map.c.o
[9/33] Building C object lib/CMakeFiles/nghttp3_static.dir/nghttp3_qpack_huffman.c.o
[10/33] Building C object lib/CMakeFiles/nghttp3_static.dir/nghttp3_qpack_huffman_data.c.o
[11/33] Building C object lib/CMakeFiles/nghttp3_static.dir/nghttp3_err.c.o
[12/33] Building C object lib/CMakeFiles/nghttp3_static.dir/nghttp3_debug.c.o
[13/33] Building C object lib/CMakeFiles/nghttp3_static.dir/nghttp3_ksl.c.o
[14/33] Building C object lib/CMakeFiles/nghttp3_static.dir/nghttp3_frame.c.o
[15/33] Building C object lib/CMakeFiles/nghttp3_static.dir/nghttp3_tnode.c.o
[16/33] Building C object lib/CMakeFiles/nghttp3_static.dir/nghttp3_stream.c.o
[17/33] Building C object lib/CMakeFiles/nghttp3_static.dir/nghttp3_vec.c.o
[18/33] Building C object lib/CMakeFiles/nghttp3_static.dir/nghttp3_gaptr.c.o
[19/33] Building C object lib/CMakeFiles/nghttp3_static.dir/nghttp3_idtr.c.o
[20/33] Building C object lib/CMakeFiles/nghttp3_static.dir/nghttp3_range.c.o
[21/33] Building C object lib/CMakeFiles/nghttp3_static.dir/nghttp3_version.c.o
[22/33] Building C object lib/CMakeFiles/nghttp3_static.dir/nghttp3_balloc.c.o
[23/33] Building C object lib/CMakeFiles/nghttp3_static.dir/nghttp3_conn.c.o
[24/33] Building C object lib/CMakeFiles/nghttp3_static.dir/nghttp3_opl.c.o
[25/33] Building C object lib/CMakeFiles/nghttp3_static.dir/nghttp3_objalloc.c.o
[26/33] Building C object lib/CMakeFiles/nghttp3_static.dir/nghttp3_http.c.o
[27/33] Building C object lib/CMakeFiles/nghttp3_static.dir/nghttp3_unreachable.c.o
[28/33] Building C object lib/CMakeFiles/nghttp3_static.dir/nghttp3_settings.c.o
[29/33] Building C object lib/CMakeFiles/nghttp3_static.dir/nghttp3_callbacks.c.o
[30/33] Building C object lib/CMakeFiles/nghttp3_static.dir/nghttp3_ratelim.c.o
[31/33] Building C object lib/CMakeFiles/nghttp3_static.dir/nghttp3_qpack.c.o
[32/33] Building C object lib/CMakeFiles/nghttp3_static.dir/sfparse/sfparse.c.o
[33/33] Linking C static library lib/libnghttp3.a
[50/74] Performing build step for 'ngtcp2'
[1/49] Building C object lib/CMakeFiles/ngtcp2_static.dir/ngtcp2_conv.c.o
[2/49] Building C object lib/CMakeFiles/ngtcp2_static.dir/ngtcp2_vec.c.o
[3/49] Building C object lib/CMakeFiles/ngtcp2_static.dir/ngtcp2_str.c.o
[4/49] Building C object lib/CMakeFiles/ngtcp2_static.dir/ngtcp2_buf.c.o
[5/49] Building C object lib/CMakeFiles/ngtcp2_static.dir/ngtcp2_mem.c.o
[6/49] Building C object lib/CMakeFiles/ngtcp2_static.dir/ngtcp2_pq.c.o
[7/49] Building C object lib/CMakeFiles/ngtcp2_static.dir/ngtcp2_map.c.o
[8/49] Building C object lib/CMakeFiles/ngtcp2_static.dir/ngtcp2_rob.c.o
[9/49] Building C object lib/CMakeFiles/ngtcp2_static.dir/ngtcp2_ppe.c.o
[10/49] Building C object lib/CMakeFiles/ngtcp2_static.dir/ngtcp2_crypto.c.o
[11/49] Building C object lib/CMakeFiles/ngtcp2_static.dir/ngtcp2_err.c.o
[12/49] Building C object lib/CMakeFiles/ngtcp2_static.dir/ngtcp2_pkt.c.o
[13/49] Building C object lib/CMakeFiles/ngtcp2_static.dir/ngtcp2_range.c.o
[14/49] Building C object lib/CMakeFiles/ngtcp2_static.dir/ngtcp2_frame_chain.c.o
[15/49] Building C object lib/CMakeFiles/ngtcp2_static.dir/ngtcp2_acktr.c.o
[16/49] Building C object lib/CMakeFiles/ngtcp2_static.dir/ngtcp2_idtr.c.o
[17/49] Building C object lib/CMakeFiles/ngtcp2_static.dir/ngtcp2_gaptr.c.o
[18/49] Building C object lib/CMakeFiles/ngtcp2_static.dir/ngtcp2_strm.c.o
[19/49] Building C object lib/CMakeFiles/ngtcp2_static.dir/ngtcp2_ringbuf.c.o
[20/49] Building C object lib/CMakeFiles/ngtcp2_static.dir/ngtcp2_rtb.c.o
[21/49] Building C object lib/CMakeFiles/ngtcp2_static.dir/ngtcp2_cid.c.o
[22/49] Building C object lib/CMakeFiles/ngtcp2_static.dir/ngtcp2_qlog.c.o
[23/49] Building C object lib/CMakeFiles/ngtcp2_static.dir/ngtcp2_log.c.o
[24/49] Building C object lib/CMakeFiles/ngtcp2_static.dir/ngtcp2_ksl.c.o
[25/49] Building C object lib/CMakeFiles/ngtcp2_static.dir/ngtcp2_cc.c.o
[26/49] Building C object lib/CMakeFiles/ngtcp2_static.dir/ngtcp2_path.c.o
[27/49] Building C object lib/CMakeFiles/ngtcp2_static.dir/ngtcp2_addr.c.o
[28/49] Building C object lib/CMakeFiles/ngtcp2_static.dir/ngtcp2_pv.c.o
[29/49] Building C object lib/CMakeFiles/ngtcp2_static.dir/ngtcp2_pmtud.c.o
[30/49] Building C object lib/CMakeFiles/ngtcp2_static.dir/ngtcp2_bbr.c.o
[31/49] Building C object lib/CMakeFiles/ngtcp2_static.dir/ngtcp2_version.c.o
[32/49] Building C object lib/CMakeFiles/ngtcp2_static.dir/ngtcp2_rst.c.o
[33/49] Building C object lib/CMakeFiles/ngtcp2_static.dir/ngtcp2_window_filter.c.o
[34/49] Building C object lib/CMakeFiles/ngtcp2_static.dir/ngtcp2_opl.c.o
[35/49] Building C object lib/CMakeFiles/ngtcp2_static.dir/ngtcp2_objalloc.c.o
[36/49] Building C object lib/CMakeFiles/ngtcp2_static.dir/ngtcp2_balloc.c.o
[37/49] Building C object lib/CMakeFiles/ngtcp2_static.dir/ngtcp2_unreachable.c.o
[38/49] Building C object lib/CMakeFiles/ngtcp2_static.dir/ngtcp2_settings.c.o
[39/49] Building C object lib/CMakeFiles/ngtcp2_static.dir/ngtcp2_callbacks.c.o
[40/49] Building C object lib/CMakeFiles/ngtcp2_static.dir/ngtcp2_pcg.c.o
[41/49] Building C object lib/CMakeFiles/ngtcp2_static.dir/ngtcp2_transport_params.c.o
[42/49] Building C object lib/CMakeFiles/ngtcp2_static.dir/ngtcp2_dcidtr.c.o
[43/49] Building C object lib/CMakeFiles/ngtcp2_static.dir/ngtcp2_ratelim.c.o
[44/49] Building C object lib/CMakeFiles/ngtcp2_static.dir/ngtcp2_conn_info.c.o
[45/49] Building C object crypto/boringssl/CMakeFiles/ngtcp2_crypto_boringssl_static.dir/__/shared.c.o
[46/49] Building C object crypto/boringssl/CMakeFiles/ngtcp2_crypto_boringssl_static.dir/boringssl.c.o
[47/49] Linking C static library crypto/boringssl/libngtcp2_crypto_boringssl.a
[48/49] Building C object lib/CMakeFiles/ngtcp2_static.dir/ngtcp2_conn.c.o
[49/49] Linking C static library lib/libngtcp2.a
[51/74] Performing install step for 'cares'
[0/1] Install the project...
-- Install configuration: "Release"
-- Installing: /home/baidu/scrapanium-experiments/scrapanium-wss-recv-cold-20260924/build/wss-recv-coalescing/backend-work/build/deps/install/lib/cmake/c-ares/c-ares-targets.cmake
-- Installing: /home/baidu/scrapanium-experiments/scrapanium-wss-recv-cold-20260924/build/wss-recv-coalescing/backend-work/build/deps/install/lib/cmake/c-ares/c-ares-targets-release.cmake
-- Installing: /home/baidu/scrapanium-experiments/scrapanium-wss-recv-cold-20260924/build/wss-recv-coalescing/backend-work/build/deps/install/lib/cmake/c-ares/c-ares-config.cmake
-- Installing: /home/baidu/scrapanium-experiments/scrapanium-wss-recv-cold-20260924/build/wss-recv-coalescing/backend-work/build/deps/install/lib/cmake/c-ares/c-ares-config-version.cmake
-- Installing: /home/baidu/scrapanium-experiments/scrapanium-wss-recv-cold-20260924/build/wss-recv-coalescing/backend-work/build/deps/install/lib/pkgconfig/libcares.pc
-- Installing: /home/baidu/scrapanium-experiments/scrapanium-wss-recv-cold-20260924/build/wss-recv-coalescing/backend-work/build/deps/install/include/ares.h
-- Installing: /home/baidu/scrapanium-experiments/scrapanium-wss-recv-cold-20260924/build/wss-recv-coalescing/backend-work/build/deps/install/include/ares_version.h
-- Installing: /home/baidu/scrapanium-experiments/scrapanium-wss-recv-cold-20260924/build/wss-recv-coalescing/backend-work/build/deps/install/include/ares_build.h
-- Installing: /home/baidu/scrapanium-experiments/scrapanium-wss-recv-cold-20260924/build/wss-recv-coalescing/backend-work/build/deps/install/include/ares_dns.h
-- Installing: /home/baidu/scrapanium-experiments/scrapanium-wss-recv-cold-20260924/build/wss-recv-coalescing/backend-work/build/deps/install/include/ares_dns_record.h
-- Installing: /home/baidu/scrapanium-experiments/scrapanium-wss-recv-cold-20260924/build/wss-recv-coalescing/backend-work/build/deps/install/include/ares_nameser.h
-- Installing: /home/baidu/scrapanium-experiments/scrapanium-wss-recv-cold-20260924/build/wss-recv-coalescing/backend-work/build/deps/install/lib/libcares.a
-- Installing: /home/baidu/scrapanium-experiments/scrapanium-wss-recv-cold-20260924/build/wss-recv-coalescing/backend-work/build/deps/install/share/man/man3/ares_cancel.3
-- Installing: /home/baidu/scrapanium-experiments/scrapanium-wss-recv-cold-20260924/build/wss-recv-coalescing/backend-work/build/deps/install/share/man/man3/ares_create_query.3
-- Installing: /home/baidu/scrapanium-experiments/scrapanium-wss-recv-cold-20260924/build/wss-recv-coalescing/backend-work/build/deps/install/share/man/man3/ares_destroy.3
-- Installing: /home/baidu/scrapanium-experiments/scrapanium-wss-recv-cold-20260924/build/wss-recv-coalescing/backend-work/build/deps/install/share/man/man3/ares_destroy_options.3
-- Installing: /home/baidu/scrapanium-experiments/scrapanium-wss-recv-cold-20260924/build/wss-recv-coalescing/backend-work/build/deps/install/share/man/man3/ares_dns_class_fromstr.3
-- Installing: /home/baidu/scrapanium-experiments/scrapanium-wss-recv-cold-20260924/build/wss-recv-coalescing/backend-work/build/deps/install/share/man/man3/ares_dns_class_t.3
-- Installing: /home/baidu/scrapanium-experiments/scrapanium-wss-recv-cold-20260924/build/wss-recv-coalescing/backend-work/build/deps/install/share/man/man3/ares_dns_class_tostr.3
-- Installing: /home/baidu/scrapanium-experiments/scrapanium-wss-recv-cold-20260924/build/wss-recv-coalescing/backend-work/build/deps/install/share/man/man3/ares_dns_datatype_t.3
-- Installing: /home/baidu/scrapanium-experiments/scrapanium-wss-recv-cold-20260924/build/wss-recv-coalescing/backend-work/build/deps/install/share/man/man3/ares_dns_flags_t.3
-- Installing: /home/baidu/scrapanium-experiments/scrapanium-wss-recv-cold-20260924/build/wss-recv-coalescing/backend-work/build/deps/install/share/man/man3/ares_dns_mapping.3
-- Installing: /home/baidu/scrapanium-experiments/scrapanium-wss-recv-cold-20260924/build/wss-recv-coalescing/backend-work/build/deps/install/share/man/man3/ares_dns_opcode_t.3
-- Installing: /home/baidu/scrapanium-experiments/scrapanium-wss-recv-cold-20260924/build/wss-recv-coalescing/backend-work/build/deps/install/share/man/man3/ares_dns_opcode_tostr.3
-- Installing: /home/baidu/scrapanium-experiments/scrapanium-wss-recv-cold-20260924/build/wss-recv-coalescing/backend-work/build/deps/install/share/man/man3/ares_dns_opt_datatype_t.3
-- Installing: /home/baidu/scrapanium-experiments/scrapanium-wss-recv-cold-20260924/build/wss-recv-coalescing/backend-work/build/deps/install/share/man/man3/ares_dns_opt_get_datatype.3
-- Installing: /home/baidu/scrapanium-experiments/scrapanium-wss-recv-cold-20260924/build/wss-recv-coalescing/backend-work/build/deps/install/share/man/man3/ares_dns_opt_get_name.3
-- Installing: /home/baidu/scrapanium-experiments/scrapanium-wss-recv-cold-20260924/build/wss-recv-coalescing/backend-work/build/deps/install/share/man/man3/ares_dns_parse.3
-- Installing: /home/baidu/scrapanium-experiments/scrapanium-wss-recv-cold-20260924/build/wss-recv-coalescing/backend-work/build/deps/install/share/man/man3/ares_dns_rcode_t.3
-- Installing: /home/baidu/scrapanium-experiments/scrapanium-wss-recv-cold-20260924/build/wss-recv-coalescing/backend-work/build/deps/install/share/man/man3/ares_dns_rcode_tostr.3
-- Installing: /home/baidu/scrapanium-experiments/scrapanium-wss-recv-cold-20260924/build/wss-recv-coalescing/backend-work/build/deps/install/share/man/man3/ares_dns_rec_type_fromstr.3
-- Installing: /home/baidu/scrapanium-experiments/scrapanium-wss-recv-cold-20260924/build/wss-recv-coalescing/backend-work/build/deps/install/share/man/man3/ares_dns_rec_type_t.3
-- Installing: /home/baidu/scrapanium-experiments/scrapanium-wss-recv-cold-20260924/build/wss-recv-coalescing/backend-work/build/deps/install/share/man/man3/ares_dns_rec_type_tostr.3
-- Installing: /home/baidu/scrapanium-experiments/scrapanium-wss-recv-cold-20260924/build/wss-recv-coalescing/backend-work/build/deps/install/share/man/man3/ares_dns_record.3
-- Installing: /home/baidu/scrapanium-experiments/scrapanium-wss-recv-cold-20260924/build/wss-recv-coalescing/backend-work/build/deps/install/share/man/man3/ares_dns_record_create.3
-- Installing: /home/baidu/scrapanium-experiments/scrapanium-wss-recv-cold-20260924/build/wss-recv-coalescing/backend-work/build/deps/install/share/man/man3/ares_dns_record_destroy.3
-- Installing: /home/baidu/scrapanium-experiments/scrapanium-wss-recv-cold-20260924/build/wss-recv-coalescing/backend-work/build/deps/install/share/man/man3/ares_dns_record_duplicate.3
-- Installing: /home/baidu/scrapanium-experiments/scrapanium-wss-recv-cold-20260924/build/wss-recv-coalescing/backend-work/build/deps/install/share/man/man3/ares_dns_record_get_flags.3
-- Installing: /home/baidu/scrapanium-experiments/scrapanium-wss-recv-cold-20260924/build/wss-recv-coalescing/backend-work/build/deps/install/share/man/man3/ares_dns_record_get_id.3
-- Installing: /home/baidu/scrapanium-experiments/scrapanium-wss-recv-cold-20260924/build/wss-recv-coalescing/backend-work/build/deps/install/share/man/man3/ares_dns_record_get_opcode.3
-- Installing: /home/baidu/scrapanium-experiments/scrapanium-wss-recv-cold-20260924/build/wss-recv-coalescing/backend-work/build/deps/install/share/man/man3/ares_dns_record_get_rcode.3
-- Installing: /home/baidu/scrapanium-experiments/scrapanium-wss-recv-cold-20260924/build/wss-recv-coalescing/backend-work/build/deps/install/share/man/man3/ares_dns_record_query_add.3
-- Installing: /home/baidu/scrapanium-experiments/scrapanium-wss-recv-cold-20260924/build/wss-recv-coalescing/backend-work/build/deps/install/share/man/man3/ares_dns_record_query_cnt.3
-- Installing: /home/baidu/scrapanium-experiments/scrapanium-wss-recv-cold-20260924/build/wss-recv-coalescing/backend-work/build/deps/install/share/man/man3/ares_dns_record_query_get.3
-- Installing: /home/baidu/scrapanium-experiments/scrapanium-wss-recv-cold-20260924/build/wss-recv-coalescing/backend-work/build/deps/install/share/man/man3/ares_dns_record_query_set_name.3
-- Installing: /home/baidu/scrapanium-experiments/scrapanium-wss-recv-cold-20260924/build/wss-recv-coalescing/backend-work/build/deps/install/share/man/man3/ares_dns_record_query_set_type.3
-- Installing: /home/baidu/scrapanium-experiments/scrapanium-wss-recv-cold-20260924/build/wss-recv-coalescing/backend-work/build/deps/install/share/man/man3/ares_dns_record_rr_add.3
-- Installing: /home/baidu/scrapanium-experiments/scrapanium-wss-recv-cold-20260924/build/wss-recv-coalescing/backend-work/build/deps/install/share/man/man3/ares_dns_record_rr_cnt.3
-- Installing: /home/baidu/scrapanium-experiments/scrapanium-wss-recv-cold-20260924/build/wss-recv-coalescing/backend-work/build/deps/install/share/man/man3/ares_dns_record_rr_del.3
-- Installing: /home/baidu/scrapanium-experiments/scrapanium-wss-recv-cold-20260924/build/wss-recv-coalescing/backend-work/build/deps/install/share/man/man3/ares_dns_record_rr_get.3
-- Installing: /home/baidu/scrapanium-experiments/scrapanium-wss-recv-cold-20260924/build/wss-recv-coalescing/backend-work/build/deps/install/share/man/man3/ares_dns_record_rr_get_const.3
-- Installing: /home/baidu/scrapanium-experiments/scrapanium-wss-recv-cold-20260924/build/wss-recv-coalescing/backend-work/build/deps/install/share/man/man3/ares_dns_record_set_id.3
-- Installing: /home/baidu/scrapanium-experiments/scrapanium-wss-recv-cold-20260924/build/wss-recv-coalescing/backend-work/build/deps/install/share/man/man3/ares_dns_rr.3
-- Installing: /home/baidu/scrapanium-experiments/scrapanium-wss-recv-cold-20260924/build/wss-recv-coalescing/backend-work/build/deps/install/share/man/man3/ares_dns_rr_add_abin.3
-- Installing: /home/baidu/scrapanium-experiments/scrapanium-wss-recv-cold-20260924/build/wss-recv-coalescing/backend-work/build/deps/install/share/man/man3/ares_dns_rr_del_abin.3
-- Installing: /home/baidu/scrapanium-experiments/scrapanium-wss-recv-cold-20260924/build/wss-recv-coalescing/backend-work/build/deps/install/share/man/man3/ares_dns_rr_del_opt_byid.3
-- Installing: /home/baidu/scrapanium-experiments/scrapanium-wss-recv-cold-20260924/build/wss-recv-coalescing/backend-work/build/deps/install/share/man/man3/ares_dns_rr_get_abin.3
-- Installing: /home/baidu/scrapanium-experiments/scrapanium-wss-recv-cold-20260924/build/wss-recv-coalescing/backend-work/build/deps/install/share/man/man3/ares_dns_rr_get_abin_cnt.3
-- Installing: /home/baidu/scrapanium-experiments/scrapanium-wss-recv-cold-20260924/build/wss-recv-coalescing/backend-work/build/deps/install/share/man/man3/ares_dns_rr_get_addr.3
-- Installing: /home/baidu/scrapanium-experiments/scrapanium-wss-recv-cold-20260924/build/wss-recv-coalescing/backend-work/build/deps/install/share/man/man3/ares_dns_rr_get_addr6.3
-- Installing: /home/baidu/scrapanium-experiments/scrapanium-wss-recv-cold-20260924/build/wss-recv-coalescing/backend-work/build/deps/install/share/man/man3/ares_dns_rr_get_bin.3
-- Installing: /home/baidu/scrapanium-experiments/scrapanium-wss-recv-cold-20260924/build/wss-recv-coalescing/backend-work/build/deps/install/share/man/man3/ares_dns_rr_get_class.3
-- Installing: /home/baidu/scrapanium-experiments/scrapanium-wss-recv-cold-20260924/build/wss-recv-coalescing/backend-work/build/deps/install/share/man/man3/ares_dns_rr_get_keys.3
-- Installing: /home/baidu/scrapanium-experiments/scrapanium-wss-recv-cold-20260924/build/wss-recv-coalescing/backend-work/build/deps/install/share/man/man3/ares_dns_rr_get_name.3
-- Installing: /home/baidu/scrapanium-experiments/scrapanium-wss-recv-cold-20260924/build/wss-recv-coalescing/backend-work/build/deps/install/share/man/man3/ares_dns_rr_get_opt.3
-- Installing: /home/baidu/scrapanium-experiments/scrapanium-wss-recv-cold-20260924/build/wss-recv-coalescing/backend-work/build/deps/install/share/man/man3/ares_dns_rr_get_opt_byid.3
-- Installing: /home/baidu/scrapanium-experiments/scrapanium-wss-recv-cold-20260924/build/wss-recv-coalescing/backend-work/build/deps/install/share/man/man3/ares_dns_rr_get_opt_cnt.3
-- Installing: /home/baidu/scrapanium-experiments/scrapanium-wss-recv-cold-20260924/build/wss-recv-coalescing/backend-work/build/deps/install/share/man/man3/ares_dns_rr_get_str.3
-- Installing: /home/baidu/scrapanium-experiments/scrapanium-wss-recv-cold-20260924/build/wss-recv-coalescing/backend-work/build/deps/install/share/man/man3/ares_dns_rr_get_ttl.3
-- Installing: /home/baidu/scrapanium-experiments/scrapanium-wss-recv-cold-20260924/build/wss-recv-coalescing/backend-work/build/deps/install/share/man/man3/ares_dns_rr_get_type.3
-- Installing: /home/baidu/scrapanium-experiments/scrapanium-wss-recv-cold-20260924/build/wss-recv-coalescing/backend-work/build/deps/install/share/man/man3/ares_dns_rr_get_u16.3
-- Installing: /home/baidu/scrapanium-experiments/scrapanium-wss-recv-cold-20260924/build/wss-recv-coalescing/backend-work/build/deps/install/share/man/man3/ares_dns_rr_get_u32.3
-- Installing: /home/baidu/scrapanium-experiments/scrapanium-wss-recv-cold-20260924/build/wss-recv-coalescing/backend-work/build/deps/install/share/man/man3/ares_dns_rr_get_u8.3
-- Installing: /home/baidu/scrapanium-experiments/scrapanium-wss-recv-cold-20260924/build/wss-recv-coalescing/backend-work/build/deps/install/share/man/man3/ares_dns_rr_key_datatype.3
-- Installing: /home/baidu/scrapanium-experiments/scrapanium-wss-recv-cold-20260924/build/wss-recv-coalescing/backend-work/build/deps/install/share/man/man3/ares_dns_rr_key_t.3
-- Installing: /home/baidu/scrapanium-experiments/scrapanium-wss-recv-cold-20260924/build/wss-recv-coalescing/backend-work/build/deps/install/share/man/man3/ares_dns_rr_key_to_rec_type.3
-- Installing: /home/baidu/scrapanium-experiments/scrapanium-wss-recv-cold-20260924/build/wss-recv-coalescing/backend-work/build/deps/install/share/man/man3/ares_dns_rr_key_tostr.3
-- Installing: /home/baidu/scrapanium-experiments/scrapanium-wss-recv-cold-20260924/build/wss-recv-coalescing/backend-work/build/deps/install/share/man/man3/ares_dns_rr_set_addr.3
-- Installing: /home/baidu/scrapanium-experiments/scrapanium-wss-recv-cold-20260924/build/wss-recv-coalescing/backend-work/build/deps/install/share/man/man3/ares_dns_rr_set_addr6.3
-- Installing: /home/baidu/scrapanium-experiments/scrapanium-wss-recv-cold-20260924/build/wss-recv-coalescing/backend-work/build/deps/install/share/man/man3/ares_dns_rr_set_bin.3
-- Installing: /home/baidu/scrapanium-experiments/scrapanium-wss-recv-cold-20260924/build/wss-recv-coalescing/backend-work/build/deps/install/share/man/man3/ares_dns_rr_set_opt.3
-- Installing: /home/baidu/scrapanium-experiments/scrapanium-wss-recv-cold-20260924/build/wss-recv-coalescing/backend-work/build/deps/install/share/man/man3/ares_dns_rr_set_str.3
-- Installing: /home/baidu/scrapanium-experiments/scrapanium-wss-recv-cold-20260924/build/wss-recv-coalescing/backend-work/build/deps/install/share/man/man3/ares_dns_rr_set_u16.3
-- Installing: /home/baidu/scrapanium-experiments/scrapanium-wss-recv-cold-20260924/build/wss-recv-coalescing/backend-work/build/deps/install/share/man/man3/ares_dns_rr_set_u32.3
-- Installing: /home/baidu/scrapanium-experiments/scrapanium-wss-recv-cold-20260924/build/wss-recv-coalescing/backend-work/build/deps/install/share/man/man3/ares_dns_rr_set_u8.3
-- Installing: /home/baidu/scrapanium-experiments/scrapanium-wss-recv-cold-20260924/build/wss-recv-coalescing/backend-work/build/deps/install/share/man/man3/ares_dns_section_t.3
-- Installing: /home/baidu/scrapanium-experiments/scrapanium-wss-recv-cold-20260924/build/wss-recv-coalescing/backend-work/build/deps/install/share/man/man3/ares_dns_section_tostr.3
-- Installing: /home/baidu/scrapanium-experiments/scrapanium-wss-recv-cold-20260924/build/wss-recv-coalescing/backend-work/build/deps/install/share/man/man3/ares_dns_write.3
-- Installing: /home/baidu/scrapanium-experiments/scrapanium-wss-recv-cold-20260924/build/wss-recv-coalescing/backend-work/build/deps/install/share/man/man3/ares_dup.3
-- Installing: /home/baidu/scrapanium-experiments/scrapanium-wss-recv-cold-20260924/build/wss-recv-coalescing/backend-work/build/deps/install/share/man/man3/ares_expand_name.3
-- Installing: /home/baidu/scrapanium-experiments/scrapanium-wss-recv-cold-20260924/build/wss-recv-coalescing/backend-work/build/deps/install/share/man/man3/ares_expand_string.3
-- Installing: /home/baidu/scrapanium-experiments/scrapanium-wss-recv-cold-20260924/build/wss-recv-coalescing/backend-work/build/deps/install/share/man/man3/ares_fds.3
-- Installing: /home/baidu/scrapanium-experiments/scrapanium-wss-recv-cold-20260924/build/wss-recv-coalescing/backend-work/build/deps/install/share/man/man3/ares_free_data.3
-- Installing: /home/baidu/scrapanium-experiments/scrapanium-wss-recv-cold-20260924/build/wss-recv-coalescing/backend-work/build/deps/install/share/man/man3/ares_free_hostent.3
-- Installing: /home/baidu/scrapanium-experiments/scrapanium-wss-recv-cold-20260924/build/wss-recv-coalescing/backend-work/build/deps/install/share/man/man3/ares_free_string.3
-- Installing: /home/baidu/scrapanium-experiments/scrapanium-wss-recv-cold-20260924/build/wss-recv-coalescing/backend-work/build/deps/install/share/man/man3/ares_freeaddrinfo.3
-- Installing: /home/baidu/scrapanium-experiments/scrapanium-wss-recv-cold-20260924/build/wss-recv-coalescing/backend-work/build/deps/install/share/man/man3/ares_get_servers.3
-- Installing: /home/baidu/scrapanium-experiments/scrapanium-wss-recv-cold-20260924/build/wss-recv-coalescing/backend-work/build/deps/install/share/man/man3/ares_get_servers_csv.3
-- Installing: /home/baidu/scrapanium-experiments/scrapanium-wss-recv-cold-20260924/build/wss-recv-coalescing/backend-work/build/deps/install/share/man/man3/ares_get_servers_ports.3
-- Installing: /home/baidu/scrapanium-experiments/scrapanium-wss-recv-cold-20260924/build/wss-recv-coalescing/backend-work/build/deps/install/share/man/man3/ares_getaddrinfo.3
-- Installing: /home/baidu/scrapanium-experiments/scrapanium-wss-recv-cold-20260924/build/wss-recv-coalescing/backend-work/build/deps/install/share/man/man3/ares_gethostbyaddr.3
-- Installing: /home/baidu/scrapanium-experiments/scrapanium-wss-recv-cold-20260924/build/wss-recv-coalescing/backend-work/build/deps/install/share/man/man3/ares_gethostbyname.3
-- Installing: /home/baidu/scrapanium-experiments/scrapanium-wss-recv-cold-20260924/build/wss-recv-coalescing/backend-work/build/deps/install/share/man/man3/ares_gethostbyname_file.3
-- Installing: /home/baidu/scrapanium-experiments/scrapanium-wss-recv-cold-20260924/build/wss-recv-coalescing/backend-work/build/deps/install/share/man/man3/ares_getnameinfo.3
-- Installing: /home/baidu/scrapanium-experiments/scrapanium-wss-recv-cold-20260924/build/wss-recv-coalescing/backend-work/build/deps/install/share/man/man3/ares_getsock.3
-- Installing: /home/baidu/scrapanium-experiments/scrapanium-wss-recv-cold-20260924/build/wss-recv-coalescing/backend-work/build/deps/install/share/man/man3/ares_inet_ntop.3
-- Installing: /home/baidu/scrapanium-experiments/scrapanium-wss-recv-cold-20260924/build/wss-recv-coalescing/backend-work/build/deps/install/share/man/man3/ares_inet_pton.3
-- Installing: /home/baidu/scrapanium-experiments/scrapanium-wss-recv-cold-20260924/build/wss-recv-coalescing/backend-work/build/deps/install/share/man/man3/ares_init.3
-- Installing: /home/baidu/scrapanium-experiments/scrapanium-wss-recv-cold-20260924/build/wss-recv-coalescing/backend-work/build/deps/install/share/man/man3/ares_init_options.3
-- Installing: /home/baidu/scrapanium-experiments/scrapanium-wss-recv-cold-20260924/build/wss-recv-coalescing/backend-work/build/deps/install/share/man/man3/ares_library_cleanup.3
-- Installing: /home/baidu/scrapanium-experiments/scrapanium-wss-recv-cold-20260924/build/wss-recv-coalescing/backend-work/build/deps/install/share/man/man3/ares_library_init.3
-- Installing: /home/baidu/scrapanium-experiments/scrapanium-wss-recv-cold-20260924/build/wss-recv-coalescing/backend-work/build/deps/install/share/man/man3/ares_library_init_android.3
-- Installing: /home/baidu/scrapanium-experiments/scrapanium-wss-recv-cold-20260924/build/wss-recv-coalescing/backend-work/build/deps/install/share/man/man3/ares_library_initialized.3
-- Installing: /home/baidu/scrapanium-experiments/scrapanium-wss-recv-cold-20260924/build/wss-recv-coalescing/backend-work/build/deps/install/share/man/man3/ares_mkquery.3
-- Installing: /home/baidu/scrapanium-experiments/scrapanium-wss-recv-cold-20260924/build/wss-recv-coalescing/backend-work/build/deps/install/share/man/man3/ares_opt_param_t.3
-- Installing: /home/baidu/scrapanium-experiments/scrapanium-wss-recv-cold-20260924/build/wss-recv-coalescing/backend-work/build/deps/install/share/man/man3/ares_parse_a_reply.3
-- Installing: /home/baidu/scrapanium-experiments/scrapanium-wss-recv-cold-20260924/build/wss-recv-coalescing/backend-work/build/deps/install/share/man/man3/ares_parse_aaaa_reply.3
-- Installing: /home/baidu/scrapanium-experiments/scrapanium-wss-recv-cold-20260924/build/wss-recv-coalescing/backend-work/build/deps/install/share/man/man3/ares_parse_caa_reply.3
-- Installing: /home/baidu/scrapanium-experiments/scrapanium-wss-recv-cold-20260924/build/wss-recv-coalescing/backend-work/build/deps/install/share/man/man3/ares_parse_mx_reply.3
-- Installing: /home/baidu/scrapanium-experiments/scrapanium-wss-recv-cold-20260924/build/wss-recv-coalescing/backend-work/build/deps/install/share/man/man3/ares_parse_naptr_reply.3
-- Installing: /home/baidu/scrapanium-experiments/scrapanium-wss-recv-cold-20260924/build/wss-recv-coalescing/backend-work/build/deps/install/share/man/man3/ares_parse_ns_reply.3
-- Installing: /home/baidu/scrapanium-experiments/scrapanium-wss-recv-cold-20260924/build/wss-recv-coalescing/backend-work/build/deps/install/share/man/man3/ares_parse_ptr_reply.3
-- Installing: /home/baidu/scrapanium-experiments/scrapanium-wss-recv-cold-20260924/build/wss-recv-coalescing/backend-work/build/deps/install/share/man/man3/ares_parse_soa_reply.3
-- Installing: /home/baidu/scrapanium-experiments/scrapanium-wss-recv-cold-20260924/build/wss-recv-coalescing/backend-work/build/deps/install/share/man/man3/ares_parse_srv_reply.3
-- Installing: /home/baidu/scrapanium-experiments/scrapanium-wss-recv-cold-20260924/build/wss-recv-coalescing/backend-work/build/deps/install/share/man/man3/ares_parse_txt_reply.3
-- Installing: /home/baidu/scrapanium-experiments/scrapanium-wss-recv-cold-20260924/build/wss-recv-coalescing/backend-work/build/deps/install/share/man/man3/ares_parse_uri_reply.3
-- Installing: /home/baidu/scrapanium-experiments/scrapanium-wss-recv-cold-20260924/build/wss-recv-coalescing/backend-work/build/deps/install/share/man/man3/ares_process.3
-- Installing: /home/baidu/scrapanium-experiments/scrapanium-wss-recv-cold-20260924/build/wss-recv-coalescing/backend-work/build/deps/install/share/man/man3/ares_process_fd.3
-- Installing: /home/baidu/scrapanium-experiments/scrapanium-wss-recv-cold-20260924/build/wss-recv-coalescing/backend-work/build/deps/install/share/man/man3/ares_process_fds.3
-- Installing: /home/baidu/scrapanium-experiments/scrapanium-wss-recv-cold-20260924/build/wss-recv-coalescing/backend-work/build/deps/install/share/man/man3/ares_process_pending_write.3
-- Installing: /home/baidu/scrapanium-experiments/scrapanium-wss-recv-cold-20260924/build/wss-recv-coalescing/backend-work/build/deps/install/share/man/man3/ares_query.3
-- Installing: /home/baidu/scrapanium-experiments/scrapanium-wss-recv-cold-20260924/build/wss-recv-coalescing/backend-work/build/deps/install/share/man/man3/ares_query_dnsrec.3
-- Installing: /home/baidu/scrapanium-experiments/scrapanium-wss-recv-cold-20260924/build/wss-recv-coalescing/backend-work/build/deps/install/share/man/man3/ares_queue.3
-- Installing: /home/baidu/scrapanium-experiments/scrapanium-wss-recv-cold-20260924/build/wss-recv-coalescing/backend-work/build/deps/install/share/man/man3/ares_queue_active_queries.3
-- Installing: /home/baidu/scrapanium-experiments/scrapanium-wss-recv-cold-20260924/build/wss-recv-coalescing/backend-work/build/deps/install/share/man/man3/ares_queue_wait_empty.3
-- Installing: /home/baidu/scrapanium-experiments/scrapanium-wss-recv-cold-20260924/build/wss-recv-coalescing/backend-work/build/deps/install/share/man/man3/ares_reinit.3
-- Installing: /home/baidu/scrapanium-experiments/scrapanium-wss-recv-cold-20260924/build/wss-recv-coalescing/backend-work/build/deps/install/share/man/man3/ares_save_options.3
-- Installing: /home/baidu/scrapanium-experiments/scrapanium-wss-recv-cold-20260924/build/wss-recv-coalescing/backend-work/build/deps/install/share/man/man3/ares_search.3
-- Installing: /home/baidu/scrapanium-experiments/scrapanium-wss-recv-cold-20260924/build/wss-recv-coalescing/backend-work/build/deps/install/share/man/man3/ares_search_dnsrec.3
-- Installing: /home/baidu/scrapanium-experiments/scrapanium-wss-recv-cold-20260924/build/wss-recv-coalescing/backend-work/build/deps/install/share/man/man3/ares_send.3
-- Installing: /home/baidu/scrapanium-experiments/scrapanium-wss-recv-cold-20260924/build/wss-recv-coalescing/backend-work/build/deps/install/share/man/man3/ares_send_dnsrec.3
-- Installing: /home/baidu/scrapanium-experiments/scrapanium-wss-recv-cold-20260924/build/wss-recv-coalescing/backend-work/build/deps/install/share/man/man3/ares_set_local_dev.3
-- Installing: /home/baidu/scrapanium-experiments/scrapanium-wss-recv-cold-20260924/build/wss-recv-coalescing/backend-work/build/deps/install/share/man/man3/ares_set_local_ip4.3
-- Installing: /home/baidu/scrapanium-experiments/scrapanium-wss-recv-cold-20260924/build/wss-recv-coalescing/backend-work/build/deps/install/share/man/man3/ares_set_local_ip6.3
-- Installing: /home/baidu/scrapanium-experiments/scrapanium-wss-recv-cold-20260924/build/wss-recv-coalescing/backend-work/build/deps/install/share/man/man3/ares_set_pending_write_cb.3
-- Installing: /home/baidu/scrapanium-experiments/scrapanium-wss-recv-cold-20260924/build/wss-recv-coalescing/backend-work/build/deps/install/share/man/man3/ares_set_server_state_callback.3
-- Installing: /home/baidu/scrapanium-experiments/scrapanium-wss-recv-cold-20260924/build/wss-recv-coalescing/backend-work/build/deps/install/share/man/man3/ares_set_servers.3
-- Installing: /home/baidu/scrapanium-experiments/scrapanium-wss-recv-cold-20260924/build/wss-recv-coalescing/backend-work/build/deps/install/share/man/man3/ares_set_servers_csv.3
-- Installing: /home/baidu/scrapanium-experiments/scrapanium-wss-recv-cold-20260924/build/wss-recv-coalescing/backend-work/build/deps/install/share/man/man3/ares_set_servers_ports.3
-- Installing: /home/baidu/scrapanium-experiments/scrapanium-wss-recv-cold-20260924/build/wss-recv-coalescing/backend-work/build/deps/install/share/man/man3/ares_set_servers_ports_csv.3
-- Installing: /home/baidu/scrapanium-experiments/scrapanium-wss-recv-cold-20260924/build/wss-recv-coalescing/backend-work/build/deps/install/share/man/man3/ares_set_socket_callback.3
-- Installing: /home/baidu/scrapanium-experiments/scrapanium-wss-recv-cold-20260924/build/wss-recv-coalescing/backend-work/build/deps/install/share/man/man3/ares_set_socket_configure_callback.3
-- Installing: /home/baidu/scrapanium-experiments/scrapanium-wss-recv-cold-20260924/build/wss-recv-coalescing/backend-work/build/deps/install/share/man/man3/ares_set_socket_functions.3
-- Installing: /home/baidu/scrapanium-experiments/scrapanium-wss-recv-cold-20260924/build/wss-recv-coalescing/backend-work/build/deps/install/share/man/man3/ares_set_socket_functions_ex.3
-- Installing: /home/baidu/scrapanium-experiments/scrapanium-wss-recv-cold-20260924/build/wss-recv-coalescing/backend-work/build/deps/install/share/man/man3/ares_set_sortlist.3
-- Installing: /home/baidu/scrapanium-experiments/scrapanium-wss-recv-cold-20260924/build/wss-recv-coalescing/backend-work/build/deps/install/share/man/man3/ares_strerror.3
-- Installing: /home/baidu/scrapanium-experiments/scrapanium-wss-recv-cold-20260924/build/wss-recv-coalescing/backend-work/build/deps/install/share/man/man3/ares_svcb_param_t.3
-- Installing: /home/baidu/scrapanium-experiments/scrapanium-wss-recv-cold-20260924/build/wss-recv-coalescing/backend-work/build/deps/install/share/man/man3/ares_threadsafety.3
-- Installing: /home/baidu/scrapanium-experiments/scrapanium-wss-recv-cold-20260924/build/wss-recv-coalescing/backend-work/build/deps/install/share/man/man3/ares_timeout.3
-- Installing: /home/baidu/scrapanium-experiments/scrapanium-wss-recv-cold-20260924/build/wss-recv-coalescing/backend-work/build/deps/install/share/man/man3/ares_tlsa_match_t.3
-- Installing: /home/baidu/scrapanium-experiments/scrapanium-wss-recv-cold-20260924/build/wss-recv-coalescing/backend-work/build/deps/install/share/man/man3/ares_tlsa_selector_t.3
-- Installing: /home/baidu/scrapanium-experiments/scrapanium-wss-recv-cold-20260924/build/wss-recv-coalescing/backend-work/build/deps/install/share/man/man3/ares_tlsa_usage_t.3
-- Installing: /home/baidu/scrapanium-experiments/scrapanium-wss-recv-cold-20260924/build/wss-recv-coalescing/backend-work/build/deps/install/share/man/man3/ares_version.3
[52/74] Performing install step for 'zlib'
[0/1] Install the project...
-- Install configuration: "Release"
-- Installing: /home/baidu/scrapanium-experiments/scrapanium-wss-recv-cold-20260924/build/wss-recv-coalescing/backend-work/build/deps/install/lib/libz.so.1.3.1
-- Installing: /home/baidu/scrapanium-experiments/scrapanium-wss-recv-cold-20260924/build/wss-recv-coalescing/backend-work/build/deps/install/lib/libz.so.1
-- Installing: /home/baidu/scrapanium-experiments/scrapanium-wss-recv-cold-20260924/build/wss-recv-coalescing/backend-work/build/deps/install/lib/libz.so
-- Installing: /home/baidu/scrapanium-experiments/scrapanium-wss-recv-cold-20260924/build/wss-recv-coalescing/backend-work/build/deps/install/lib/libz.a
-- Installing: /home/baidu/scrapanium-experiments/scrapanium-wss-recv-cold-20260924/build/wss-recv-coalescing/backend-work/build/deps/install/include/zconf.h
-- Installing: /home/baidu/scrapanium-experiments/scrapanium-wss-recv-cold-20260924/build/wss-recv-coalescing/backend-work/build/deps/install/include/zlib.h
-- Installing: /home/baidu/scrapanium-experiments/scrapanium-wss-recv-cold-20260924/build/wss-recv-coalescing/backend-work/build/deps/install/share/man/man3/zlib.3
-- Installing: /home/baidu/scrapanium-experiments/scrapanium-wss-recv-cold-20260924/build/wss-recv-coalescing/backend-work/build/deps/install/share/pkgconfig/zlib.pc
[53/74] Performing install step for 'zstd'
[0/1] Install the project...
-- Install configuration: "Release"
-- Installing: /home/baidu/scrapanium-experiments/scrapanium-wss-recv-cold-20260924/build/wss-recv-coalescing/backend-work/build/deps/install/lib/cmake/zstd/zstdTargets.cmake
-- Installing: /home/baidu/scrapanium-experiments/scrapanium-wss-recv-cold-20260924/build/wss-recv-coalescing/backend-work/build/deps/install/lib/cmake/zstd/zstdTargets-release.cmake
-- Installing: /home/baidu/scrapanium-experiments/scrapanium-wss-recv-cold-20260924/build/wss-recv-coalescing/backend-work/build/deps/install/lib/cmake/zstd/zstdConfig.cmake
-- Installing: /home/baidu/scrapanium-experiments/scrapanium-wss-recv-cold-20260924/build/wss-recv-coalescing/backend-work/build/deps/install/lib/cmake/zstd/zstdConfigVersion.cmake
-- Installing: /home/baidu/scrapanium-experiments/scrapanium-wss-recv-cold-20260924/build/wss-recv-coalescing/backend-work/build/deps/install/lib/pkgconfig/libzstd.pc
-- Installing: /home/baidu/scrapanium-experiments/scrapanium-wss-recv-cold-20260924/build/wss-recv-coalescing/backend-work/build/deps/install/include/zdict.h
-- Installing: /home/baidu/scrapanium-experiments/scrapanium-wss-recv-cold-20260924/build/wss-recv-coalescing/backend-work/build/deps/install/include/zstd.h
-- Installing: /home/baidu/scrapanium-experiments/scrapanium-wss-recv-cold-20260924/build/wss-recv-coalescing/backend-work/build/deps/install/include/zstd_errors.h
-- Installing: /home/baidu/scrapanium-experiments/scrapanium-wss-recv-cold-20260924/build/wss-recv-coalescing/backend-work/build/deps/install/lib/libzstd.a
[54/74] Performing install step for 'brotli'
[0/1] Install the project...
-- Install configuration: "Release"
-- Installing: /home/baidu/scrapanium-experiments/scrapanium-wss-recv-cold-20260924/build/wss-recv-coalescing/backend-work/build/deps/install/lib/libbrotlienc.a
-- Installing: /home/baidu/scrapanium-experiments/scrapanium-wss-recv-cold-20260924/build/wss-recv-coalescing/backend-work/build/deps/install/lib/libbrotlidec.a
-- Installing: /home/baidu/scrapanium-experiments/scrapanium-wss-recv-cold-20260924/build/wss-recv-coalescing/backend-work/build/deps/install/lib/libbrotlicommon.a
-- Installing: /home/baidu/scrapanium-experiments/scrapanium-wss-recv-cold-20260924/build/wss-recv-coalescing/backend-work/build/deps/install/include/brotli
-- Installing: /home/baidu/scrapanium-experiments/scrapanium-wss-recv-cold-20260924/build/wss-recv-coalescing/backend-work/build/deps/install/include/brotli/shared_dictionary.h
-- Installing: /home/baidu/scrapanium-experiments/scrapanium-wss-recv-cold-20260924/build/wss-recv-coalescing/backend-work/build/deps/install/include/brotli/types.h
-- Installing: /home/baidu/scrapanium-experiments/scrapanium-wss-recv-cold-20260924/build/wss-recv-coalescing/backend-work/build/deps/install/include/brotli/encode.h
-- Installing: /home/baidu/scrapanium-experiments/scrapanium-wss-recv-cold-20260924/build/wss-recv-coalescing/backend-work/build/deps/install/include/brotli/decode.h
-- Installing: /home/baidu/scrapanium-experiments/scrapanium-wss-recv-cold-20260924/build/wss-recv-coalescing/backend-work/build/deps/install/include/brotli/port.h
-- Installing: /home/baidu/scrapanium-experiments/scrapanium-wss-recv-cold-20260924/build/wss-recv-coalescing/backend-work/build/deps/install/lib/pkgconfig/libbrotlicommon.pc
-- Installing: /home/baidu/scrapanium-experiments/scrapanium-wss-recv-cold-20260924/build/wss-recv-coalescing/backend-work/build/deps/install/lib/pkgconfig/libbrotlidec.pc
-- Installing: /home/baidu/scrapanium-experiments/scrapanium-wss-recv-cold-20260924/build/wss-recv-coalescing/backend-work/build/deps/install/lib/pkgconfig/libbrotlienc.pc
-- Installing: /home/baidu/scrapanium-experiments/scrapanium-wss-recv-cold-20260924/build/wss-recv-coalescing/backend-work/build/deps/install/share/man/man3/constants.h.3
-- Installing: /home/baidu/scrapanium-experiments/scrapanium-wss-recv-cold-20260924/build/wss-recv-coalescing/backend-work/build/deps/install/share/man/man3/decode.h.3
-- Installing: /home/baidu/scrapanium-experiments/scrapanium-wss-recv-cold-20260924/build/wss-recv-coalescing/backend-work/build/deps/install/share/man/man3/encode.h.3
-- Installing: /home/baidu/scrapanium-experiments/scrapanium-wss-recv-cold-20260924/build/wss-recv-coalescing/backend-work/build/deps/install/share/man/man3/types.h.3
[55/74] Performing install step for 'nghttp2'
[0/1] Install the project...
-- Install configuration: "Release"
-- Installing: /home/baidu/scrapanium-experiments/scrapanium-wss-recv-cold-20260924/build/wss-recv-coalescing/backend-work/build/deps/install/share/doc/nghttp2/README.rst
-- Installing: /home/baidu/scrapanium-experiments/scrapanium-wss-recv-cold-20260924/build/wss-recv-coalescing/backend-work/build/deps/install/include/nghttp2/nghttp2.h
-- Installing: /home/baidu/scrapanium-experiments/scrapanium-wss-recv-cold-20260924/build/wss-recv-coalescing/backend-work/build/deps/install/include/nghttp2/nghttp2ver.h
-- Installing: /home/baidu/scrapanium-experiments/scrapanium-wss-recv-cold-20260924/build/wss-recv-coalescing/backend-work/build/deps/install/lib/libnghttp2.a
-- Installing: /home/baidu/scrapanium-experiments/scrapanium-wss-recv-cold-20260924/build/wss-recv-coalescing/backend-work/build/deps/install/lib/pkgconfig/libnghttp2.pc
-- Installing: /home/baidu/scrapanium-experiments/scrapanium-wss-recv-cold-20260924/build/wss-recv-coalescing/backend-work/build/deps/install/lib/cmake/nghttp2/nghttp2-targets.cmake
-- Installing: /home/baidu/scrapanium-experiments/scrapanium-wss-recv-cold-20260924/build/wss-recv-coalescing/backend-work/build/deps/install/lib/cmake/nghttp2/nghttp2-targets-release.cmake
-- Installing: /home/baidu/scrapanium-experiments/scrapanium-wss-recv-cold-20260924/build/wss-recv-coalescing/backend-work/build/deps/install/share/nghttp2/fetch-ocsp-response
[56/74] Performing install step for 'nghttp3'
[0/1] Install the project...
-- Install configuration: "Release"
-- Installing: /home/baidu/scrapanium-experiments/scrapanium-wss-recv-cold-20260924/build/wss-recv-coalescing/backend-work/build/deps/install/share/doc/nghttp3/README.rst
-- Installing: /home/baidu/scrapanium-experiments/scrapanium-wss-recv-cold-20260924/build/wss-recv-coalescing/backend-work/build/deps/install/include/nghttp3/nghttp3.h
-- Installing: /home/baidu/scrapanium-experiments/scrapanium-wss-recv-cold-20260924/build/wss-recv-coalescing/backend-work/build/deps/install/include/nghttp3/version.h
-- Installing: /home/baidu/scrapanium-experiments/scrapanium-wss-recv-cold-20260924/build/wss-recv-coalescing/backend-work/build/deps/install/lib/cmake/nghttp3/nghttp3Config.cmake
-- Installing: /home/baidu/scrapanium-experiments/scrapanium-wss-recv-cold-20260924/build/wss-recv-coalescing/backend-work/build/deps/install/lib/cmake/nghttp3/nghttp3ConfigVersion.cmake
-- Installing: /home/baidu/scrapanium-experiments/scrapanium-wss-recv-cold-20260924/build/wss-recv-coalescing/backend-work/build/deps/install/lib/libnghttp3.a
-- Installing: /home/baidu/scrapanium-experiments/scrapanium-wss-recv-cold-20260924/build/wss-recv-coalescing/backend-work/build/deps/install/lib/cmake/nghttp3/nghttp3Targets.cmake
-- Installing: /home/baidu/scrapanium-experiments/scrapanium-wss-recv-cold-20260924/build/wss-recv-coalescing/backend-work/build/deps/install/lib/cmake/nghttp3/nghttp3Targets-release.cmake
-- Installing: /home/baidu/scrapanium-experiments/scrapanium-wss-recv-cold-20260924/build/wss-recv-coalescing/backend-work/build/deps/install/lib/pkgconfig/libnghttp3.pc
[57/74] Performing install step for 'ngtcp2'
[0/1] Install the project...
-- Install configuration: "Release"
-- Installing: /home/baidu/scrapanium-experiments/scrapanium-wss-recv-cold-20260924/build/wss-recv-coalescing/backend-work/build/deps/install/share/doc/ngtcp2/README.rst
-- Installing: /home/baidu/scrapanium-experiments/scrapanium-wss-recv-cold-20260924/build/wss-recv-coalescing/backend-work/build/deps/install/include/ngtcp2/ngtcp2.h
-- Installing: /home/baidu/scrapanium-experiments/scrapanium-wss-recv-cold-20260924/build/wss-recv-coalescing/backend-work/build/deps/install/include/ngtcp2/version.h
-- Installing: /home/baidu/scrapanium-experiments/scrapanium-wss-recv-cold-20260924/build/wss-recv-coalescing/backend-work/build/deps/install/lib/cmake/ngtcp2/ngtcp2Config.cmake
-- Installing: /home/baidu/scrapanium-experiments/scrapanium-wss-recv-cold-20260924/build/wss-recv-coalescing/backend-work/build/deps/install/lib/cmake/ngtcp2/ngtcp2ConfigVersion.cmake
-- Installing: /home/baidu/scrapanium-experiments/scrapanium-wss-recv-cold-20260924/build/wss-recv-coalescing/backend-work/build/deps/install/lib/libngtcp2.a
-- Installing: /home/baidu/scrapanium-experiments/scrapanium-wss-recv-cold-20260924/build/wss-recv-coalescing/backend-work/build/deps/install/lib/cmake/ngtcp2/ngtcp2Targets.cmake
-- Installing: /home/baidu/scrapanium-experiments/scrapanium-wss-recv-cold-20260924/build/wss-recv-coalescing/backend-work/build/deps/install/lib/cmake/ngtcp2/ngtcp2Targets-release.cmake
-- Installing: /home/baidu/scrapanium-experiments/scrapanium-wss-recv-cold-20260924/build/wss-recv-coalescing/backend-work/build/deps/install/lib/pkgconfig/libngtcp2.pc
-- Installing: /home/baidu/scrapanium-experiments/scrapanium-wss-recv-cold-20260924/build/wss-recv-coalescing/backend-work/build/deps/install/include/ngtcp2/ngtcp2_crypto.h
-- Installing: /home/baidu/scrapanium-experiments/scrapanium-wss-recv-cold-20260924/build/wss-recv-coalescing/backend-work/build/deps/install/include/ngtcp2/ngtcp2_crypto_boringssl.h
-- Installing: /home/baidu/scrapanium-experiments/scrapanium-wss-recv-cold-20260924/build/wss-recv-coalescing/backend-work/build/deps/install/lib/libngtcp2_crypto_boringssl.a
-- Installing: /home/baidu/scrapanium-experiments/scrapanium-wss-recv-cold-20260924/build/wss-recv-coalescing/backend-work/build/deps/install/lib/pkgconfig/libngtcp2_crypto_boringssl.pc
[58/74] Completed 'cares'
[59/74] Completed 'zlib'
[60/74] Completed 'zstd'
[61/74] Completed 'brotli'
[62/74] Completed 'nghttp2'
[63/74] Completed 'nghttp3'
[64/74] Completed 'ngtcp2'
[65/74] cd /home/baidu/scrapanium-experiments/scrapanium-wss-recv-cold-20260924/build/wss-recv-coalescing/backend-work/build && /usr/bin/cmake -E echo Using\ prebuilt\ libidn2\ from\ /home/baidu/scrapanium-experiments/scrapanium-wss-recv-cold-20260924/build/wss-recv-coalescing/backend-work/build/deps/install
Using prebuilt libidn2 from /home/baidu/scrapanium-experiments/scrapanium-wss-recv-cold-20260924/build/wss-recv-coalescing/backend-work/build/deps/install
[66/74] Creating directories for 'curl'
[67/74] Performing download step (download, verify and extract) for 'curl'
-- Downloading...
   dst='/home/baidu/scrapanium-experiments/scrapanium-wss-recv-cold-20260924/build/wss-recv-coalescing/backend-work/build/curl-prefix/src/curl-8_22_0.tar.gz'
   timeout='none'
   inactivity timeout='none'
-- Using src='https://github.com/curl/curl/archive/curl-8_22_0.tar.gz'
-- [download 0% complete]
-- [download 1% complete]
-- [download 2% complete]
-- [download 3% complete]
-- [download 4% complete]
-- [download 5% complete]
-- [download 6% complete]
-- [download 7% complete]
-- [download 8% complete]
-- [download 9% complete]
-- [download 10% complete]
-- [download 11% complete]
-- [download 12% complete]
-- [download 13% complete]
-- [download 14% complete]
-- [download 15% complete]
-- [download 16% complete]
-- [download 17% complete]
-- [download 18% complete]
-- [download 19% complete]
-- [download 20% complete]
-- [download 21% complete]
-- [download 22% complete]
-- [download 23% complete]
-- [download 24% complete]
-- [download 25% complete]
-- [download 26% complete]
-- [download 27% complete]
-- [download 28% complete]
-- [download 29% complete]
-- [download 30% complete]
-- [download 31% complete]
-- [download 32% complete]
-- [download 33% complete]
-- [download 34% complete]
-- [download 35% complete]
-- [download 36% complete]
-- [download 37% complete]
-- [download 38% complete]
-- [download 39% complete]
-- [download 40% complete]
-- [download 41% complete]
-- [download 42% complete]
-- [download 43% complete]
-- [download 44% complete]
-- [download 45% complete]
-- [download 46% complete]
-- [download 47% complete]
-- [download 48% complete]
-- [download 49% complete]
-- [download 50% complete]
-- [download 51% complete]
-- [download 52% complete]
-- [download 53% complete]
-- [download 54% complete]
-- [download 55% complete]
-- [download 56% complete]
-- [download 57% complete]
-- [download 58% complete]
-- [download 59% complete]
-- [download 60% complete]
-- [download 61% complete]
-- [download 62% complete]
-- [download 63% complete]
-- [download 64% complete]
-- [download 65% complete]
-- [download 66% complete]
-- [download 67% complete]
-- [download 68% complete]
-- [download 69% complete]
-- [download 70% complete]
-- [download 71% complete]
-- [download 72% complete]
-- [download 73% complete]
-- [download 74% complete]
-- [download 75% complete]
-- [download 76% complete]
-- [download 77% complete]
-- [download 78% complete]
-- [download 79% complete]
-- [download 80% complete]
-- [download 81% complete]
-- [download 82% complete]
-- [download 83% complete]
-- [download 84% complete]
-- [download 85% complete]
-- [download 86% complete]
-- [download 87% complete]
-- [download 88% complete]
-- [download 89% complete]
-- [download 90% complete]
-- [download 91% complete]
-- [download 92% complete]
-- [download 93% complete]
-- [download 94% complete]
-- [download 95% complete]
-- [download 96% complete]
-- [download 97% complete]
-- [download 98% complete]
-- [download 99% complete]
-- [download 100% complete]
-- verifying file...
       file='/home/baidu/scrapanium-experiments/scrapanium-wss-recv-cold-20260924/build/wss-recv-coalescing/backend-work/build/curl-prefix/src/curl-8_22_0.tar.gz'
-- Downloading... done
-- extracting...
     src='/home/baidu/scrapanium-experiments/scrapanium-wss-recv-cold-20260924/build/wss-recv-coalescing/backend-work/build/curl-prefix/src/curl-8_22_0.tar.gz'
     dst='/home/baidu/scrapanium-experiments/scrapanium-wss-recv-cold-20260924/build/wss-recv-coalescing/backend-work/build/deps/src/curl'
-- extracting... [tar xf]
-- extracting... [analysis]
-- extracting... [rename]
-- extracting... [clean up]
-- extracting... done
[68/74] No update step for 'curl'
[69/74] Performing patch step for 'curl'
patching file AGENTS.md
patching file CMake/Macros.cmake
patching file CMakeLists.txt
patching file Makefile.am
patching file configure.ac
patching file curl-config.in
patching file docs/CMakeLists.txt
patching file docs/Makefile.am
patching file docs/libcurl/curl_easy_getinfo.md
patching file docs/libcurl/opts/CURLINFO_REDIRECT_HISTORY.md
patching file docs/libcurl/opts/Makefile.inc
patching file docs/libcurl/symbols-in-versions
patching file docs/wcurl-impersonate.md
patching file docs/wcurl.md
patching file export.sh
patching file include/curl/curl.h
patching file include/curl/curlver.h
patching file include/curl/easy.h
patching file include/curl/typecheck-gcc.h
patching file lib/CMakeLists.txt
patching file lib/Makefile.am
patching file lib/Makefile.inc
patching file lib/cf-ip-happy.c
patching file lib/cf-setup.c
patching file lib/cf-socket.c
patching file lib/cookie.c
patching file lib/cookie.h
patching file lib/dynhds.c
patching file lib/dynhds.h
patching file lib/easy.c
patching file lib/easyoptions.c
patching file lib/getinfo.c
patching file lib/getinfo.h
patching file lib/http.c
patching file lib/http2.c
patching file lib/http2.h
patching file lib/impersonate.c
patching file lib/impersonate.h
patching file lib/libcurl.def
patching file lib/mime.c
patching file lib/mime.h
patching file lib/multi.c
patching file lib/protocol.c
patching file lib/setopt.c
patching file lib/socks.c
patching file lib/socks.h
patching file lib/transfer.c
patching file lib/transfer.h
patching file lib/url.c
patching file lib/urldata.h
patching file lib/version.c
patching file lib/vquic/cf-ngtcp2-cmn.c
patching file lib/vquic/cf-ngtcp2-cmn.h
patching file lib/vquic/cf-ngtcp2-proxy.c
patching file lib/vquic/cf-ngtcp2.c
patching file lib/vquic/cf-quiche.c
patching file lib/vquic/vquic-tls.c
patching file lib/vquic/vquic-tls.h
patching file lib/vquic/vquic.c
patching file lib/vtls/openssl.c
patching file lib/vtls/vtls.c
patching file lib/vtls/vtls.h
patching file lib/vtls/vtls_config.c
patching file lib/vtls/vtls_config.h
patching file lib/vtls/vtls_int.h
patching file lib/vtls/vtls_scache.c
patching file lib/vtls/vtls_scache.h
patching file lib/vtls/wolfssl.c
patching file lib/ws.c
patching file libcurl.pc.in
patching file m4/curl-compilers.m4
patching file scripts/Makefile.am
patching file scripts/singleuse.pl
patching file scripts/wcurl-impersonate (renamed from scripts/wcurl)
patching file src/CMakeLists.txt
patching file src/Makefile.am
patching file src/config2setopts.c
patching file src/tool_cfgable.c
patching file src/tool_cfgable.h
patching file src/tool_getparam.c
patching file src/tool_getparam.h
patching file src/tool_help.c
patching file src/tool_listhelp.c
patching file src/tool_paramhlp.c
patching file src/tool_setopt.c
patching file include/curl/curl.h
patching file lib/vtls/vtls_config.h
patching file lib/vtls/vtls_config.c
patching file lib/urldata.h
patching file lib/setopt.c
patching file lib/vtls/openssl.c
patching file lib/vtls/vtls_scache.c
patching file lib/http2.c
patching file lib/easyoptions.c
[70/74] Performing configure step for 'curl'
-- Using CMake version 4.2.3
-- curl version=[8.22.0-IMPERSONATE]
-- The C compiler identification is Clang 21.1.8
-- The CXX compiler identification is Clang 21.1.8
-- Detecting C compiler ABI info
-- Detecting C compiler ABI info - done
-- Check for working C compiler: /usr/bin/clang - skipped
-- Detecting C compile features
-- Detecting C compile features - done
-- Detecting CXX compiler ABI info
-- Detecting CXX compiler ABI info - done
-- Check for working CXX compiler: /usr/bin/clang++ - skipped
-- Detecting CXX compile features
-- Detecting CXX compile features - done
-- CMake platform flags: UNIX LLVM-CLANG
-- Picky compiler options: -Werror-implicit-function-declaration -Wextra -Wall -Wpedantic -Wbad-function-cast -Wconversion -Wmissing-declarations -Wmissing-prototypes -Wnested-externs -Wno-long-long -Wno-multichar -Wpointer-arith -Wshadow -Wsign-compare -Wundef -Wunused -Wwrite-strings -Waddress -Wattributes -Wcast-align -Wcast-qual -Wdeclaration-after-statement -Wdiv-by-zero -Wempty-body -Wendif-labels -Wfloat-equal -Wformat-security -Wignored-qualifiers -Wmissing-field-initializers -Wmissing-noreturn -Wno-padded -Wno-sign-conversion -Wno-switch-default -Wno-switch-enum -Wno-system-headers -Wold-style-definition -Wredundant-decls -Wstrict-prototypes -Wtype-limits -Wunreachable-code -Wunused-parameter -Wvla -Wconditional-uninitialized -Wno-used-but-marked-unused -Wshift-sign-overflow -Wshorten-64-to-32 -Wformat=2 -Wlanguage-extension-token -Wno-covered-switch-default -Wno-disabled-macro-expansion -Wformat-non-iso -Wenum-conversion -Wmissing-variable-declarations -Wno-documentation-unknown-command -Wsometimes-uninitialized -Wdouble-promotion -Wheader-guard -Wpragmas -Wunused-const-variable -Wcomma -Wassign-enum -Wextra-semi-stmt -Wimplicit-fallthrough -Wxor-used-as-pow -Wcast-function-type -Wreserved-identifier -Wno-reserved-macro-identifier -Wno-unsafe-buffer-usage -Wcast-function-type-strict -Wformat-signedness -Warray-compare -Wc++-hidden-decl -Wimplicit-int-enum-cast -Wjump-misses-init -Wno-implicit-void-ptr-cast -Wtentative-definition-compat -Wc++-keyword
-- Found Cares (via CMake Config): /home/baidu/scrapanium-experiments/scrapanium-wss-recv-cold-20260924/build/wss-recv-coalescing/backend-work/build/deps/install/lib/cmake/c-ares/c-ares-config.cmake (found version "1.34.8")
-- Found Perl: /usr/bin/perl (found version "5.40.1")
-- Performing Test CMAKE_HAVE_LIBC_PTHREAD
-- Performing Test CMAKE_HAVE_LIBC_PTHREAD - Success
-- Found Threads: TRUE
-- Looking for connect in socket
-- Looking for connect in socket - not found
-- Performing Test HAVE_SOCKADDR_IN6_SIN6_SCOPE_ID
-- Performing Test HAVE_SOCKADDR_IN6_SIN6_SCOPE_ID - Success
-- Performing Test HAVE_SOCKADDR_IN6_SIN6_ADDR
-- Performing Test HAVE_SOCKADDR_IN6_SIN6_ADDR - Success
-- Found OpenSSL: /home/baidu/scrapanium-experiments/scrapanium-wss-recv-cold-20260924/build/wss-recv-coalescing/backend-work/build/deps/install/lib/libcrypto.a (found version "")
-- Found ZLIB: /home/baidu/scrapanium-experiments/scrapanium-wss-recv-cold-20260924/build/wss-recv-coalescing/backend-work/build/deps/install/lib/libz.a (found version "1.3.1")
-- Found Brotli: /home/baidu/scrapanium-experiments/scrapanium-wss-recv-cold-20260924/build/wss-recv-coalescing/backend-work/build/deps/install/include
-- Found Zstd: /home/baidu/scrapanium-experiments/scrapanium-wss-recv-cold-20260924/build/wss-recv-coalescing/backend-work/build/deps/install/include (found version "1.5.7")
-- ECH enabled
-- HTTPSRR enabled
-- SSL export enabled.
-- Found NGHTTP2: /home/baidu/scrapanium-experiments/scrapanium-wss-recv-cold-20260924/build/wss-recv-coalescing/backend-work/build/deps/install/include (found version "1.63.0")
-- Found NGTCP2: /home/baidu/scrapanium-experiments/scrapanium-wss-recv-cold-20260924/build/wss-recv-coalescing/backend-work/build/deps/install/include (found version "1.20.0") found components: BoringSSL
-- Found NGHTTP3: /home/baidu/scrapanium-experiments/scrapanium-wss-recv-cold-20260924/build/wss-recv-coalescing/backend-work/build/deps/install/include (found version "1.15.0")
-- HTTP/3 proxy support enabled (experimental)
-- Found Libidn2: /home/baidu/scrapanium-experiments/scrapanium-wss-recv-cold-20260924/build/wss-recv-coalescing/backend-work/build/deps/install/include (found version "2.3.7")
-- Performing Test USE_UNIX_SOCKETS
-- Performing Test USE_UNIX_SOCKETS - Success
-- Found CA bundle: /etc/ssl/certs/ca-certificates.crt
-- Found CA path: /etc/ssl/certs
-- Looking for sys/eventfd.h
-- Looking for sys/eventfd.h - found
-- Looking for sys/filio.h
-- Looking for sys/filio.h - not found
-- Looking for sys/ioctl.h
-- Looking for sys/ioctl.h - found
-- Looking for sys/param.h
-- Looking for sys/param.h - found
-- Looking for sys/poll.h
-- Looking for sys/poll.h - found
-- Looking for sys/resource.h
-- Looking for sys/resource.h - found
-- Looking for 3 include files sys/socket.h, ..., sys/select.h
-- Looking for 3 include files sys/socket.h, ..., sys/select.h - found
-- Looking for sys/sockio.h
-- Looking for sys/sockio.h - not found
-- Looking for 4 include files sys/socket.h, ..., sys/types.h
-- Looking for 4 include files sys/socket.h, ..., sys/types.h - found
-- Looking for sys/un.h
-- Looking for sys/un.h - found
-- Looking for 5 include files sys/socket.h, ..., sys/utime.h
-- Looking for 5 include files sys/socket.h, ..., sys/utime.h - not found
-- Looking for 5 include files sys/socket.h, ..., arpa/inet.h
-- Looking for 5 include files sys/socket.h, ..., arpa/inet.h - found
-- Looking for fcntl.h
-- Looking for fcntl.h - found
-- Looking for 6 include files sys/socket.h, ..., ifaddrs.h
-- Looking for 6 include files sys/socket.h, ..., ifaddrs.h - found
-- Looking for io.h
-- Looking for io.h - not found
-- Looking for 7 include files sys/socket.h, ..., libgen.h
-- Looking for 7 include files sys/socket.h, ..., libgen.h - found
-- Looking for linux/tcp.h
-- Looking for linux/tcp.h - found
-- Looking for locale.h
-- Looking for locale.h - found
-- Looking for 8 include files sys/socket.h, ..., net/if.h
-- Looking for 8 include files sys/socket.h, ..., net/if.h - found
-- Looking for 9 include files sys/socket.h, ..., netdb.h
-- Looking for 9 include files sys/socket.h, ..., netdb.h - found
-- Looking for 10 include files sys/socket.h, ..., netinet/in.h
-- Looking for 10 include files sys/socket.h, ..., netinet/in.h - found
-- Looking for netinet/in6.h
-- Looking for netinet/in6.h - not found
-- Looking for netinet/ip.h
-- Looking for netinet/ip.h - found
-- Looking for 11 include files sys/socket.h, ..., netinet/tcp.h
-- Looking for 11 include files sys/socket.h, ..., netinet/tcp.h - found
-- Looking for 12 include files sys/socket.h, ..., netinet/udp.h
-- Looking for 12 include files sys/socket.h, ..., netinet/udp.h - found
-- Looking for poll.h
-- Looking for poll.h - found
-- Looking for pwd.h
-- Looking for pwd.h - found
-- Looking for stdatomic.h
-- Looking for stdatomic.h - found
-- Looking for stdbool.h
-- Looking for stdbool.h - found
-- Looking for strings.h
-- Looking for strings.h - found
-- Looking for stropts.h
-- Looking for stropts.h - not found
-- Looking for termio.h
-- Looking for termio.h - not found
-- Looking for termios.h
-- Looking for termios.h - found
-- Looking for 13 include files sys/socket.h, ..., unistd.h
-- Looking for 13 include files sys/socket.h, ..., unistd.h - found
-- Looking for utime.h
-- Looking for utime.h - found
-- Looking for stdint.h
-- Looking for stdint.h - found
-- Looking for stddef.h
-- Looking for stddef.h - found
-- Check size of size_t
-- Check size of size_t - done
-- Check size of ssize_t
-- Check size of ssize_t - done
-- Check size of long
-- Check size of long - done
-- Check size of int
-- Check size of int - done
-- Check size of __int64
-- Check size of __int64 - failed
-- Check size of time_t
-- Check size of time_t - done
-- Check size of suseconds_t
-- Check size of suseconds_t - done
-- Looking for accept4
-- Looking for accept4 - found
-- Looking for fnmatch
-- Looking for fnmatch - found
-- Looking for basename
-- Looking for basename - found
-- Looking for poll
-- Looking for poll - found
-- Looking for socket
-- Looking for socket - found
-- Looking for socketpair
-- Looking for socketpair - found
-- Looking for recv
-- Looking for recv - found
-- Looking for send
-- Looking for send - found
-- Looking for sendmsg
-- Looking for sendmsg - found
-- Looking for sendmmsg
-- Looking for sendmmsg - found
-- Looking for memrchr
-- Looking for memrchr - found
-- Looking for alarm
-- Looking for alarm - found
-- Looking for fcntl
-- Looking for fcntl - found
-- Looking for getppid
-- Looking for getppid - found
-- Looking for utimes
-- Looking for utimes - found
-- Looking for closesocket
-- Looking for closesocket - not found
-- Looking for sigsetjmp
-- Looking for sigsetjmp - found
-- Looking for getpass_r
-- Looking for getpass_r - not found
-- Looking for getpwuid
-- Looking for getpwuid - found
-- Looking for getpwuid_r
-- Looking for getpwuid_r - found
-- Looking for geteuid
-- Looking for geteuid - found
-- Looking for utime
-- Looking for utime - found
-- Looking for gmtime_r
-- Looking for gmtime_r - found
-- Looking for localtime_r
-- Looking for localtime_r - found
-- Looking for gethostbyname_r
-- Looking for gethostbyname_r - found
-- Looking for gethostname
-- Looking for gethostname - found
-- Looking for signal
-- Looking for signal - found
-- Looking for strerror_r
-- Looking for strerror_r - found
-- Looking for sigaction
-- Looking for sigaction - found
-- Looking for siginterrupt
-- Looking for siginterrupt - found
-- Looking for getaddrinfo
-- Looking for getaddrinfo - found
-- Looking for getifaddrs
-- Looking for getifaddrs - found
-- Looking for freeaddrinfo
-- Looking for freeaddrinfo - found
-- Looking for pipe
-- Looking for pipe - found
-- Looking for eventfd
-- Looking for eventfd - found
-- Looking for getpeername
-- Looking for getpeername - found
-- Looking for getsockname
-- Looking for getsockname - found
-- Looking for getrlimit
-- Looking for getrlimit - found
-- Looking for setlocale
-- Looking for setlocale - found
-- Looking for setrlimit
-- Looking for setrlimit - found
-- Looking for pipe2
-- Looking for pipe2 - found
-- Looking for dirent.h
-- Looking for dirent.h - found
-- Looking for gettimeofday
-- Looking for gettimeofday - found
-- Looking for if_nametoindex
-- Looking for if_nametoindex - found
-- Looking for realpath
-- Looking for realpath - found
-- Looking for sched_yield
-- Looking for sched_yield - found
-- Looking for opendir
-- Looking for opendir - found
-- Looking for strcasecmp
-- Looking for strcasecmp - found
-- Looking for stricmp
-- Looking for stricmp - not found
-- Looking for strcmpi
-- Looking for strcmpi - not found
-- Looking for memset_s
-- Looking for memset_s - not found
-- Looking for memset_explicit
-- Looking for memset_explicit - found
-- Looking for fsetxattr
-- Looking for fsetxattr - found
-- Performing Test HAVE_FSETXATTR_5
-- Performing Test HAVE_FSETXATTR_5 - Success
-- Performing Test HAVE_FSETXATTR_6
-- Performing Test HAVE_FSETXATTR_6 - Failed
-- Check size of sa_family_t
-- Check size of sa_family_t - done
-- Performing Test HAVE_FCNTL_O_NONBLOCK
-- Performing Test HAVE_FCNTL_O_NONBLOCK - Success
-- Performing Test HAVE_IOCTLSOCKET
-- Performing Test HAVE_IOCTLSOCKET - Failed
-- Performing Test HAVE_IOCTLSOCKET_CAMEL
-- Performing Test HAVE_IOCTLSOCKET_CAMEL - Failed
-- Performing Test HAVE_IOCTLSOCKET_CAMEL_FIONBIO
-- Performing Test HAVE_IOCTLSOCKET_CAMEL_FIONBIO - Failed
-- Performing Test HAVE_IOCTLSOCKET_FIONBIO
-- Performing Test HAVE_IOCTLSOCKET_FIONBIO - Failed
-- Performing Test HAVE_IOCTL_FIONBIO
-- Performing Test HAVE_IOCTL_FIONBIO - Success
-- Performing Test HAVE_IOCTL_SIOCGIFADDR
-- Performing Test HAVE_IOCTL_SIOCGIFADDR - Success
-- Performing Test HAVE_SETSOCKOPT_SO_NONBLOCK
-- Performing Test HAVE_SETSOCKOPT_SO_NONBLOCK - Failed
-- Performing Test HAVE_GETHOSTBYNAME_R_3
-- Performing Test HAVE_GETHOSTBYNAME_R_3 - Failed
-- Performing Test HAVE_GETHOSTBYNAME_R_5
-- Performing Test HAVE_GETHOSTBYNAME_R_5 - Failed
-- Performing Test HAVE_GETHOSTBYNAME_R_6
-- Performing Test HAVE_GETHOSTBYNAME_R_6 - Success
-- Performing Test HAVE_BOOL_T
-- Performing Test HAVE_BOOL_T - Success
-- Performing Test HAVE_ATOMIC
-- Performing Test HAVE_ATOMIC - Success
-- Performing Test HAVE_GETHOSTBYNAME_R_3_REENTRANT
-- Performing Test HAVE_GETHOSTBYNAME_R_3_REENTRANT - Failed
-- Performing Test HAVE_GETHOSTBYNAME_R_5_REENTRANT
-- Performing Test HAVE_GETHOSTBYNAME_R_5_REENTRANT - Failed
-- Performing Test HAVE_GETHOSTBYNAME_R_6_REENTRANT
-- Performing Test HAVE_GETHOSTBYNAME_R_6_REENTRANT - Success
-- Performing Test HAVE_FILE_OFFSET_BITS
-- Performing Test HAVE_FILE_OFFSET_BITS - Success
-- Check size of off_t
-- Check size of off_t - done
-- Looking for fseeko
-- Looking for fseeko - found
-- Check size of curl_off_t
-- Check size of curl_off_t - done
-- Check size of curl_socket_t
-- Check size of curl_socket_t - done
-- Performing Test HAVE_WRITABLE_ARGV
-- Performing Test HAVE_WRITABLE_ARGV - Success
-- Performing Test HAVE_TIME_T_UNSIGNED
-- Performing Test HAVE_TIME_T_UNSIGNED - Failed
-- Performing Test HAVE_GLIBC_STRERROR_R
-- Performing Test HAVE_GLIBC_STRERROR_R - Success
-- Performing Test HAVE_POSIX_STRERROR_R
-- Performing Test HAVE_POSIX_STRERROR_R - Failed
-- Performing Test HAVE_CLOCK_GETTIME_MONOTONIC
-- Performing Test HAVE_CLOCK_GETTIME_MONOTONIC - Success
-- Check size of struct sockaddr_storage
-- Check size of struct sockaddr_storage - done
-- Performing Test HAVE_STRUCT_TIMEVAL
-- Performing Test HAVE_STRUCT_TIMEVAL - Success
-- Performing Test HAVE_H_ERRNO
-- Performing Test HAVE_H_ERRNO - Success
-- Performing Test HAVE_CLOCK_GETTIME_MONOTONIC_RAW
-- Performing Test HAVE_CLOCK_GETTIME_MONOTONIC_RAW - Success
-- Enabled examples with dependencies: cacertinmem:USE_OPENSSL threaded:HAVE_THREADS_POSIX usercertinmem:USE_OPENSSL
-- Protocols: dict file ftp ftps gopher gophers http https imap imaps ipfs ipns mqtt mqtts pop3 pop3s rtsp smtp smtps telnet tftp ws wss
-- Features: alt-svc AsynchDNS brotli ECH HSTS HTTP2 HTTP3 HTTPS-proxy HTTPSRR IDN IPv6 Largefile libz proxy-HTTP3 SSL SSLS-EXPORT threadsafe UnixSockets zstd
-- Enabled SSL backends: BoringSSL
-- Configuring done (21.3s)
-- Generating done (0.2s)
CMake Warning:
  Manually-specified variables were not used by the project:

    HAVE_LIBRESSL
    HAVE_OPENSSL_SRP
    USE_LIBRTMP


-- Build files have been written to: /home/baidu/scrapanium-experiments/scrapanium-wss-recv-cold-20260924/build/wss-recv-coalescing/backend-work/build/deps/build/curl
[71/74] Performing build step for 'curl'
[1/443] Building C object lib/CMakeFiles/libcurl_static.dir/amigaos.c.o
[2/443] Building C object lib/CMakeFiles/libcurl_static.dir/api.c.o
In file included from /home/baidu/scrapanium-experiments/scrapanium-wss-recv-cold-20260924/build/wss-recv-coalescing/backend-work/build/deps/src/curl/lib/api.c:26:
In file included from /home/baidu/scrapanium-experiments/scrapanium-wss-recv-cold-20260924/build/wss-recv-coalescing/backend-work/build/deps/src/curl/lib/urldata.h:73:
In file included from /home/baidu/scrapanium-experiments/scrapanium-wss-recv-cold-20260924/build/wss-recv-coalescing/backend-work/build/deps/src/curl/lib/vdns/asyn.h:29:
In file included from /home/baidu/scrapanium-experiments/scrapanium-wss-recv-cold-20260924/build/wss-recv-coalescing/backend-work/build/deps/src/curl/lib/vdns/httpsrr.h:29:
/home/baidu/scrapanium-experiments/scrapanium-wss-recv-cold-20260924/build/wss-recv-coalescing/backend-work/build/deps/install/include/ares.h:421:19: warning: identifier '_S6_u8' is reserved because it starts with '_' followed by a capital letter [-Wreserved-identifier]
  421 |     unsigned char _S6_u8[16];
      |                   ^
/home/baidu/scrapanium-experiments/scrapanium-wss-recv-cold-20260924/build/wss-recv-coalescing/backend-work/build/deps/install/include/ares.h:422:5: warning: identifier '_S6_un' is reserved because it starts with '_' followed by a capital letter [-Wreserved-identifier]
  422 |   } _S6_un;
      |     ^
2 warnings generated.
[3/443] Generating CURLINFO_ACTIVESOCKET.3, CURLINFO_APPCONNECT_TIME.3, CURLINFO_APPCONNECT_TIME_T.3, CURLINFO_CAINFO.3, CURLINFO_CAPATH.3, CURLINFO_CERTINFO.3, CURLINFO_CONDITION_UNMET.3, CURLINFO_CONNECT_TIME.3, CURLINFO_CONN_ID.3, CURLINFO_CONNECT_TIME_T.3, CURLINFO_CONTENT_LENGTH_DOWNLOAD.3, CURLINFO_CONTENT_LENGTH_DOWNLOAD_T.3, CURLINFO_CONTENT_LENGTH_UPLOAD.3, CURLINFO_CONTENT_LENGTH_UPLOAD_T.3, CURLINFO_CONTENT_TYPE.3, CURLINFO_COOKIELIST.3, CURLINFO_EARLYDATA_SENT_T.3, CURLINFO_EFFECTIVE_METHOD.3, CURLINFO_EFFECTIVE_URL.3, CURLINFO_FILETIME.3, CURLINFO_FILETIME_T.3, CURLINFO_FTP_ENTRY_PATH.3, CURLINFO_HEADER_SIZE.3, CURLINFO_HTTP_CONNECTCODE.3, CURLINFO_HTTP_VERSION.3, CURLINFO_HTTPAUTH_AVAIL.3, CURLINFO_HTTPAUTH_USED.3, CURLINFO_LASTSOCKET.3, CURLINFO_LOCAL_IP.3, CURLINFO_LOCAL_PORT.3, CURLINFO_NAMELOOKUP_TIME.3, CURLINFO_NAMELOOKUP_TIME_T.3, CURLINFO_NUM_CONNECTS.3, CURLINFO_OS_ERRNO.3, CURLINFO_PRETRANSFER_TIME.3, CURLINFO_PRETRANSFER_TIME_T.3, CURLINFO_POSTTRANSFER_TIME_T.3, CURLINFO_PRIMARY_IP.3, CURLINFO_PRIMARY_PORT.3, CURLINFO_PRIVATE.3, CURLINFO_PROTOCOL.3, CURLINFO_PROXY_ERROR.3, CURLINFO_PROXY_SSL_VERIFYRESULT.3, CURLINFO_PROXYAUTH_AVAIL.3, CURLINFO_PROXYAUTH_USED.3, CURLINFO_QUEUE_TIME_T.3, CURLINFO_REDIRECT_COUNT.3, CURLINFO_REDIRECT_HISTORY.3, CURLINFO_REDIRECT_TIME.3, CURLINFO_REDIRECT_TIME_T.3, CURLINFO_REDIRECT_URL.3, CURLINFO_REFERER.3, CURLINFO_REQUEST_SIZE.3, CURLINFO_RESPONSE_CODE.3, CURLINFO_RETRY_AFTER.3, CURLINFO_RTSP_CLIENT_CSEQ.3, CURLINFO_RTSP_CSEQ_RECV.3, CURLINFO_RTSP_SERVER_CSEQ.3, CURLINFO_RTSP_SESSION_ID.3, CURLINFO_SCHEME.3, CURLINFO_SIZE_DELIVERED.3, CURLINFO_SIZE_DOWNLOAD.3, CURLINFO_SIZE_DOWNLOAD_T.3, CURLINFO_SIZE_UPLOAD.3, CURLINFO_SIZE_UPLOAD_T.3, CURLINFO_SPEED_DOWNLOAD.3, CURLINFO_SPEED_DOWNLOAD_T.3, CURLINFO_SPEED_UPLOAD.3, CURLINFO_SPEED_UPLOAD_T.3, CURLINFO_SSL_ENGINES.3, CURLINFO_SSL_VERIFYRESULT.3, CURLINFO_STARTTRANSFER_TIME.3, CURLINFO_STARTTRANSFER_TIME_T.3, CURLINFO_TLS_SESSION.3, CURLINFO_TLS_SSL_PTR.3, CURLINFO_TOTAL_TIME.3, CURLINFO_TOTAL_TIME_T.3, CURLINFO_USED_PROXY.3, CURLINFO_XFER_ID.3, CURLMINFO_XFERS_ADDED.3, CURLMINFO_XFERS_CURRENT.3, CURLMINFO_XFERS_DONE.3, CURLMINFO_XFERS_PENDING.3, CURLMINFO_XFERS_RUNNING.3, CURLMOPT_CHUNK_LENGTH_PENALTY_SIZE.3, CURLMOPT_CONTENT_LENGTH_PENALTY_SIZE.3, CURLMOPT_MAX_CONCURRENT_STREAMS.3, CURLMOPT_MAX_HOST_CONNECTIONS.3, CURLMOPT_MAX_PIPELINE_LENGTH.3, CURLMOPT_MAX_TOTAL_CONNECTIONS.3, CURLMOPT_MAXCONNECTS.3, CURLMOPT_NETWORK_CHANGED.3, CURLMOPT_NOTIFYDATA.3, CURLMOPT_NOTIFYFUNCTION.3, CURLMOPT_PIPELINING.3, CURLMOPT_PIPELINING_SERVER_BL.3, CURLMOPT_PIPELINING_SITE_BL.3, CURLMOPT_PUSHDATA.3, CURLMOPT_PUSHFUNCTION.3, CURLMOPT_QUICK_EXIT.3, CURLMOPT_RESOLVE_THREADS_MAX.3, CURLMOPT_SOCKETDATA.3, CURLMOPT_SOCKETFUNCTION.3, CURLMOPT_TIMERDATA.3, CURLMOPT_TIMERFUNCTION.3, CURLOPT_ABSTRACT_UNIX_SOCKET.3, CURLOPT_ACCEPT_ENCODING.3, CURLOPT_ACCEPTTIMEOUT_MS.3, CURLOPT_ADDRESS_SCOPE.3, CURLOPT_ALTSVC.3, CURLOPT_ALTSVC_CTRL.3, CURLOPT_APPEND.3, CURLOPT_AUTOREFERER.3, CURLOPT_AWS_SIGV4.3, CURLOPT_BUFFERSIZE.3, CURLOPT_CAINFO.3, CURLOPT_CAINFO_BLOB.3, CURLOPT_CAPATH.3, CURLOPT_CA_CACHE_TIMEOUT.3, CURLOPT_CERTINFO.3, CURLOPT_CHUNK_BGN_FUNCTION.3, CURLOPT_CHUNK_DATA.3, CURLOPT_CHUNK_END_FUNCTION.3, CURLOPT_CLOSESOCKETDATA.3, CURLOPT_CLOSESOCKETFUNCTION.3, CURLOPT_CONNECT_ONLY.3, CURLOPT_CONNECT_TO.3, CURLOPT_CONNECTTIMEOUT.3, CURLOPT_CONNECTTIMEOUT_MS.3, CURLOPT_CONV_FROM_NETWORK_FUNCTION.3, CURLOPT_CONV_FROM_UTF8_FUNCTION.3, CURLOPT_CONV_TO_NETWORK_FUNCTION.3, CURLOPT_COOKIE.3, CURLOPT_COOKIEFILE.3, CURLOPT_COOKIEJAR.3, CURLOPT_COOKIELIST.3, CURLOPT_COOKIESESSION.3, CURLOPT_COPYPOSTFIELDS.3, CURLOPT_CRLF.3, CURLOPT_CRLFILE.3, CURLOPT_CURLU.3, CURLOPT_CUSTOMREQUEST.3, CURLOPT_DEBUGDATA.3, CURLOPT_DEBUGFUNCTION.3, CURLOPT_DEFAULT_PROTOCOL.3, CURLOPT_DIRLISTONLY.3, CURLOPT_DISALLOW_USERNAME_IN_URL.3, CURLOPT_DNS_CACHE_TIMEOUT.3, CURLOPT_DNS_INTERFACE.3, CURLOPT_DNS_LOCAL_IP4.3, CURLOPT_DNS_LOCAL_IP6.3, CURLOPT_DNS_SERVERS.3, CURLOPT_DNS_SHUFFLE_ADDRESSES.3, CURLOPT_DNS_USE_GLOBAL_CACHE.3, CURLOPT_DOH_SSL_VERIFYHOST.3, CURLOPT_DOH_SSL_VERIFYPEER.3, CURLOPT_DOH_SSL_VERIFYSTATUS.3, CURLOPT_DOH_URL.3, CURLOPT_ECH.3, CURLOPT_EGDSOCKET.3, CURLOPT_ERRORBUFFER.3, CURLOPT_EXPECT_100_TIMEOUT_MS.3, CURLOPT_FAILONERROR.3, CURLOPT_FILETIME.3, CURLOPT_FNMATCH_DATA.3, CURLOPT_FNMATCH_FUNCTION.3, CURLOPT_FOLLOWLOCATION.3, CURLOPT_FORBID_REUSE.3, CURLOPT_FRESH_CONNECT.3, CURLOPT_FTP_ACCOUNT.3, CURLOPT_FTP_ALTERNATIVE_TO_USER.3, CURLOPT_FTP_CREATE_MISSING_DIRS.3, CURLOPT_FTP_FILEMETHOD.3, CURLOPT_FTP_SKIP_PASV_IP.3, CURLOPT_FTP_SSL_CCC.3, CURLOPT_FTP_USE_EPRT.3, CURLOPT_FTP_USE_EPSV.3, CURLOPT_FTP_USE_PRET.3, CURLOPT_FTPPORT.3, CURLOPT_FTPSSLAUTH.3, CURLOPT_GSSAPI_DELEGATION.3, CURLOPT_HAPPY_EYEBALLS_TIMEOUT_MS.3, CURLOPT_HAPROXYPROTOCOL.3, CURLOPT_HAPROXY_CLIENT_IP.3, CURLOPT_HEADER.3, CURLOPT_HEADERDATA.3, CURLOPT_HEADERFUNCTION.3, CURLOPT_HEADEROPT.3, CURLOPT_HSTS.3, CURLOPT_HSTS_CTRL.3, CURLOPT_HSTSREADDATA.3, CURLOPT_HSTSREADFUNCTION.3, CURLOPT_HSTSWRITEDATA.3, CURLOPT_HSTSWRITEFUNCTION.3, CURLOPT_HTTP09_ALLOWED.3, CURLOPT_HTTP200ALIASES.3, CURLOPT_HTTP_CONTENT_DECODING.3, CURLOPT_HTTP_TRANSFER_DECODING.3, CURLOPT_HTTP_VERSION.3, CURLOPT_HTTPAUTH.3, CURLOPT_HTTPGET.3, CURLOPT_HTTPHEADER.3, CURLOPT_HTTPPOST.3, CURLOPT_HTTPPROXYTUNNEL.3, CURLOPT_HTTPSIG_ALGORITHM.3, CURLOPT_HTTPSIG_HEADERS.3, CURLOPT_HTTPSIG_KEY.3, CURLOPT_HTTPSIG_KEYID.3, CURLOPT_IGNORE_CONTENT_LENGTH.3, CURLOPT_INFILESIZE.3, CURLOPT_INFILESIZE_LARGE.3, CURLOPT_INTERFACE.3, CURLOPT_INTERLEAVEDATA.3, CURLOPT_INTERLEAVEFUNCTION.3, CURLOPT_IOCTLDATA.3, CURLOPT_IOCTLFUNCTION.3, CURLOPT_IPRESOLVE.3, CURLOPT_ISSUERCERT.3, CURLOPT_ISSUERCERT_BLOB.3, CURLOPT_KEEP_SENDING_ON_ERROR.3, CURLOPT_KEYPASSWD.3, CURLOPT_KRBLEVEL.3, CURLOPT_LOCALPORT.3, CURLOPT_LOCALPORTRANGE.3, CURLOPT_LOGIN_OPTIONS.3, CURLOPT_LOW_SPEED_LIMIT.3, CURLOPT_LOW_SPEED_TIME.3, CURLOPT_MAIL_AUTH.3, CURLOPT_MAIL_FROM.3, CURLOPT_MAIL_RCPT.3, CURLOPT_MAIL_RCPT_ALLOWFAILS.3, CURLOPT_MAX_RECV_SPEED_LARGE.3, CURLOPT_MAX_SEND_SPEED_LARGE.3, CURLOPT_MAXAGE_CONN.3, CURLOPT_MAXCONNECTS.3, CURLOPT_MAXFILESIZE.3, CURLOPT_MAXFILESIZE_LARGE.3, CURLOPT_MAXLIFETIME_CONN.3, CURLOPT_MAXREDIRS.3, CURLOPT_MIME_OPTIONS.3, CURLOPT_MIMEPOST.3, CURLOPT_NETRC.3, CURLOPT_NETRC_FILE.3, CURLOPT_NEW_DIRECTORY_PERMS.3, CURLOPT_NEW_FILE_PERMS.3, CURLOPT_NOBODY.3, CURLOPT_NOPROGRESS.3, CURLOPT_NOPROXY.3, CURLOPT_NOSIGNAL.3, CURLOPT_OPENSOCKETDATA.3, CURLOPT_OPENSOCKETFUNCTION.3, CURLOPT_PASSWORD.3, CURLOPT_PATH_AS_IS.3, CURLOPT_PINNEDPUBLICKEY.3, CURLOPT_PIPEWAIT.3, CURLOPT_PORT.3, CURLOPT_POST.3, CURLOPT_POSTFIELDS.3, CURLOPT_POSTFIELDSIZE.3, CURLOPT_POSTFIELDSIZE_LARGE.3, CURLOPT_POSTQUOTE.3, CURLOPT_POSTREDIR.3, CURLOPT_PRE_PROXY.3, CURLOPT_PREQUOTE.3, CURLOPT_PREREQDATA.3, CURLOPT_PREREQFUNCTION.3, CURLOPT_PRIVATE.3, CURLOPT_PROGRESSDATA.3, CURLOPT_PROGRESSFUNCTION.3, CURLOPT_PROTOCOLS.3, CURLOPT_PROTOCOLS_STR.3, CURLOPT_PROXY.3, CURLOPT_PROXY_CAINFO.3, CURLOPT_PROXY_CAINFO_BLOB.3, CURLOPT_PROXY_CAPATH.3, CURLOPT_PROXY_CRLFILE.3, CURLOPT_PROXY_ISSUERCERT.3, CURLOPT_PROXY_ISSUERCERT_BLOB.3, CURLOPT_PROXY_KEYPASSWD.3, CURLOPT_PROXY_PINNEDPUBLICKEY.3, CURLOPT_PROXY_SERVICE_NAME.3, CURLOPT_PROXY_SSL_CIPHER_LIST.3, CURLOPT_PROXY_SSL_OPTIONS.3, CURLOPT_PROXY_SSL_VERIFYHOST.3, CURLOPT_PROXY_SSL_VERIFYPEER.3, CURLOPT_PROXY_SSLCERT.3, CURLOPT_PROXY_SSLCERT_BLOB.3, CURLOPT_PROXY_SSLCERTTYPE.3, CURLOPT_PROXY_SSLKEY.3, CURLOPT_PROXY_SSLKEY_BLOB.3, CURLOPT_PROXY_SSLKEYTYPE.3, CURLOPT_PROXY_SSLVERSION.3, CURLOPT_PROXY_TLS13_CIPHERS.3, CURLOPT_PROXY_TLSAUTH_PASSWORD.3, CURLOPT_PROXY_TLSAUTH_TYPE.3, CURLOPT_PROXY_TLSAUTH_USERNAME.3, CURLOPT_PROXY_TRANSFER_MODE.3, CURLOPT_PROXYAUTH.3, CURLOPT_PROXYHEADER.3, CURLOPT_PROXYPASSWORD.3, CURLOPT_PROXYPORT.3, CURLOPT_PROXYTYPE.3, CURLOPT_PROXYUSERNAME.3, CURLOPT_PROXYUSERPWD.3, CURLOPT_PUT.3, CURLOPT_QUICK_EXIT.3, CURLOPT_QUOTE.3, CURLOPT_RANDOM_FILE.3, CURLOPT_RANGE.3, CURLOPT_READDATA.3, CURLOPT_READFUNCTION.3, CURLOPT_REDIR_PROTOCOLS.3, CURLOPT_REDIR_PROTOCOLS_STR.3, CURLOPT_REFERER.3, CURLOPT_REQUEST_TARGET.3, CURLOPT_RESOLVE.3, CURLOPT_RESOLVER_START_DATA.3, CURLOPT_RESOLVER_START_FUNCTION.3, CURLOPT_RESUME_FROM.3, CURLOPT_RESUME_FROM_LARGE.3, CURLOPT_RTSP_CLIENT_CSEQ.3, CURLOPT_RTSP_REQUEST.3, CURLOPT_RTSP_SERVER_CSEQ.3, CURLOPT_RTSP_SESSION_ID.3, CURLOPT_RTSP_STREAM_URI.3, CURLOPT_RTSP_TRANSPORT.3, CURLOPT_SASL_AUTHZID.3, CURLOPT_SASL_IR.3, CURLOPT_SEEKDATA.3, CURLOPT_SEEKFUNCTION.3, CURLOPT_SERVER_RESPONSE_TIMEOUT.3, CURLOPT_SERVER_RESPONSE_TIMEOUT_MS.3, CURLOPT_SERVICE_NAME.3, CURLOPT_SHARE.3, CURLOPT_SOCKOPTDATA.3, CURLOPT_SOCKOPTFUNCTION.3, CURLOPT_SOCKS5_AUTH.3, CURLOPT_SOCKS5_GSSAPI_NEC.3, CURLOPT_SOCKS5_GSSAPI_SERVICE.3, CURLOPT_SSH_AUTH_TYPES.3, CURLOPT_SSH_COMPRESSION.3, CURLOPT_SSH_HOSTKEYDATA.3, CURLOPT_SSH_HOSTKEYFUNCTION.3, CURLOPT_SSH_HOST_PUBLIC_KEY_MD5.3, CURLOPT_SSH_HOST_PUBLIC_KEY_SHA256.3, CURLOPT_SSH_KEYDATA.3, CURLOPT_SSH_KEYFUNCTION.3, CURLOPT_SSH_KNOWNHOSTS.3, CURLOPT_SSH_PRIVATE_KEYFILE.3, CURLOPT_SSH_PUBLIC_KEYFILE.3, CURLOPT_SSL_CIPHER_LIST.3, CURLOPT_SSL_CTX_DATA.3, CURLOPT_SSL_CTX_FUNCTION.3, CURLOPT_SSL_EC_CURVES.3, CURLOPT_SSL_ENABLE_ALPN.3, CURLOPT_SSL_ENABLE_NPN.3, CURLOPT_SSL_FALSESTART.3, CURLOPT_SSL_OPTIONS.3, CURLOPT_SSL_SESSIONID_CACHE.3, CURLOPT_SSL_SIGNATURE_ALGORITHMS.3, CURLOPT_SSL_VERIFYHOST.3, CURLOPT_SSL_VERIFYPEER.3, CURLOPT_SSL_VERIFYSTATUS.3, CURLOPT_SSLCERT.3, CURLOPT_SSLCERT_BLOB.3, CURLOPT_SSLCERTTYPE.3, CURLOPT_SSLENGINE.3, CURLOPT_SSLENGINE_DEFAULT.3, CURLOPT_SSLKEY.3, CURLOPT_SSLKEY_BLOB.3, CURLOPT_SSLKEYTYPE.3, CURLOPT_SSLVERSION.3, CURLOPT_STDERR.3, CURLOPT_STREAM_DEPENDS.3, CURLOPT_STREAM_DEPENDS_E.3, CURLOPT_STREAM_WEIGHT.3, CURLOPT_SUPPRESS_CONNECT_HEADERS.3, CURLOPT_TCP_FASTOPEN.3, CURLOPT_TCP_KEEPALIVE.3, CURLOPT_TCP_KEEPIDLE.3, CURLOPT_TCP_KEEPINTVL.3, CURLOPT_TCP_KEEPCNT.3, CURLOPT_TCP_NODELAY.3, CURLOPT_TELNETOPTIONS.3, CURLOPT_TFTP_BLKSIZE.3, CURLOPT_TFTP_NO_OPTIONS.3, CURLOPT_TIMECONDITION.3, CURLOPT_TIMEOUT.3, CURLOPT_TIMEOUT_MS.3, CURLOPT_TIMEVALUE.3, CURLOPT_TIMEVALUE_LARGE.3, CURLOPT_TLS13_CIPHERS.3, CURLOPT_TLSAUTH_PASSWORD.3, CURLOPT_TLSAUTH_TYPE.3, CURLOPT_TLSAUTH_USERNAME.3, CURLOPT_TRAILERDATA.3, CURLOPT_TRAILERFUNCTION.3, CURLOPT_TRANSFER_ENCODING.3, CURLOPT_TRANSFERTEXT.3, CURLOPT_UNIX_SOCKET_PATH.3, CURLOPT_UNRESTRICTED_AUTH.3, CURLOPT_UPKEEP_INTERVAL_MS.3, CURLOPT_UPLOAD.3, CURLOPT_UPLOAD_BUFFERSIZE.3, CURLOPT_UPLOAD_FLAGS.3, CURLOPT_URL.3, CURLOPT_USE_SSL.3, CURLOPT_USERAGENT.3, CURLOPT_USERNAME.3, CURLOPT_USERPWD.3, CURLOPT_VERBOSE.3, CURLOPT_WILDCARDMATCH.3, CURLOPT_WRITEDATA.3, CURLOPT_WRITEFUNCTION.3, CURLOPT_WS_OPTIONS.3, CURLOPT_XFERINFODATA.3, CURLOPT_XFERINFOFUNCTION.3, CURLOPT_XOAUTH2_BEARER.3, CURLSHOPT_LOCKFUNC.3, CURLSHOPT_SHARE.3, CURLSHOPT_UNLOCKFUNC.3, CURLSHOPT_UNSHARE.3, CURLSHOPT_USERDATA.3
[4/443] Building C object lib/CMakeFiles/libcurl_static.dir/altsvc.c.o
In file included from /home/baidu/scrapanium-experiments/scrapanium-wss-recv-cold-20260924/build/wss-recv-coalescing/backend-work/build/deps/src/curl/lib/altsvc.c:31:
In file included from /home/baidu/scrapanium-experiments/scrapanium-wss-recv-cold-20260924/build/wss-recv-coalescing/backend-work/build/deps/src/curl/lib/urldata.h:73:
In file included from /home/baidu/scrapanium-experiments/scrapanium-wss-recv-cold-20260924/build/wss-recv-coalescing/backend-work/build/deps/src/curl/lib/vdns/asyn.h:29:
In file included from /home/baidu/scrapanium-experiments/scrapanium-wss-recv-cold-20260924/build/wss-recv-coalescing/backend-work/build/deps/src/curl/lib/vdns/httpsrr.h:29:
/home/baidu/scrapanium-experiments/scrapanium-wss-recv-cold-20260924/build/wss-recv-coalescing/backend-work/build/deps/install/include/ares.h:421:19: warning: identifier '_S6_u8' is reserved because it starts with '_' followed by a capital letter [-Wreserved-identifier]
  421 |     unsigned char _S6_u8[16];
      |                   ^
/home/baidu/scrapanium-experiments/scrapanium-wss-recv-cold-20260924/build/wss-recv-coalescing/backend-work/build/deps/install/include/ares.h:422:5: warning: identifier '_S6_un' is reserved because it starts with '_' followed by a capital letter [-Wreserved-identifier]
  422 |   } _S6_un;
      |     ^
2 warnings generated.
[5/443] Building C object lib/CMakeFiles/libcurl_static.dir/bufref.c.o
In file included from /home/baidu/scrapanium-experiments/scrapanium-wss-recv-cold-20260924/build/wss-recv-coalescing/backend-work/build/deps/src/curl/lib/bufref.c:26:
In file included from /home/baidu/scrapanium-experiments/scrapanium-wss-recv-cold-20260924/build/wss-recv-coalescing/backend-work/build/deps/src/curl/lib/urldata.h:73:
In file included from /home/baidu/scrapanium-experiments/scrapanium-wss-recv-cold-20260924/build/wss-recv-coalescing/backend-work/build/deps/src/curl/lib/vdns/asyn.h:29:
In file included from /home/baidu/scrapanium-experiments/scrapanium-wss-recv-cold-20260924/build/wss-recv-coalescing/backend-work/build/deps/src/curl/lib/vdns/httpsrr.h:29:
/home/baidu/scrapanium-experiments/scrapanium-wss-recv-cold-20260924/build/wss-recv-coalescing/backend-work/build/deps/install/include/ares.h:421:19: warning: identifier '_S6_u8' is reserved because it starts with '_' followed by a capital letter [-Wreserved-identifier]
  421 |     unsigned char _S6_u8[16];
      |                   ^
/home/baidu/scrapanium-experiments/scrapanium-wss-recv-cold-20260924/build/wss-recv-coalescing/backend-work/build/deps/install/include/ares.h:422:5: warning: identifier '_S6_un' is reserved because it starts with '_' followed by a capital letter [-Wreserved-identifier]
  422 |   } _S6_un;
      |     ^
2 warnings generated.
[6/443] Building C object lib/CMakeFiles/libcurl_static.dir/bufq.c.o
[7/443] Building C object lib/CMakeFiles/libcurl_static.dir/cf-haproxy.c.o
In file included from /home/baidu/scrapanium-experiments/scrapanium-wss-recv-cold-20260924/build/wss-recv-coalescing/backend-work/build/deps/src/curl/lib/cf-haproxy.c:28:
In file included from /home/baidu/scrapanium-experiments/scrapanium-wss-recv-cold-20260924/build/wss-recv-coalescing/backend-work/build/deps/src/curl/lib/urldata.h:73:
In file included from /home/baidu/scrapanium-experiments/scrapanium-wss-recv-cold-20260924/build/wss-recv-coalescing/backend-work/build/deps/src/curl/lib/vdns/asyn.h:29:
In file included from /home/baidu/scrapanium-experiments/scrapanium-wss-recv-cold-20260924/build/wss-recv-coalescing/backend-work/build/deps/src/curl/lib/vdns/httpsrr.h:29:
/home/baidu/scrapanium-experiments/scrapanium-wss-recv-cold-20260924/build/wss-recv-coalescing/backend-work/build/deps/install/include/ares.h:421:19: warning: identifier '_S6_u8' is reserved because it starts with '_' followed by a capital letter [-Wreserved-identifier]
  421 |     unsigned char _S6_u8[16];
      |                   ^
/home/baidu/scrapanium-experiments/scrapanium-wss-recv-cold-20260924/build/wss-recv-coalescing/backend-work/build/deps/install/include/ares.h:422:5: warning: identifier '_S6_un' is reserved because it starts with '_' followed by a capital letter [-Wreserved-identifier]
  422 |   } _S6_un;
      |     ^
2 warnings generated.
[8/443] Building C object lib/CMakeFiles/libcurl_static.dir/cf-h1-proxy.c.o
In file included from /home/baidu/scrapanium-experiments/scrapanium-wss-recv-cold-20260924/build/wss-recv-coalescing/backend-work/build/deps/src/curl/lib/cf-h1-proxy.c:30:
In file included from /home/baidu/scrapanium-experiments/scrapanium-wss-recv-cold-20260924/build/wss-recv-coalescing/backend-work/build/deps/src/curl/lib/urldata.h:73:
In file included from /home/baidu/scrapanium-experiments/scrapanium-wss-recv-cold-20260924/build/wss-recv-coalescing/backend-work/build/deps/src/curl/lib/vdns/asyn.h:29:
In file included from /home/baidu/scrapanium-experiments/scrapanium-wss-recv-cold-20260924/build/wss-recv-coalescing/backend-work/build/deps/src/curl/lib/vdns/httpsrr.h:29:
/home/baidu/scrapanium-experiments/scrapanium-wss-recv-cold-20260924/build/wss-recv-coalescing/backend-work/build/deps/install/include/ares.h:421:19: warning: identifier '_S6_u8' is reserved because it starts with '_' followed by a capital letter [-Wreserved-identifier]
  421 |     unsigned char _S6_u8[16];
      |                   ^
/home/baidu/scrapanium-experiments/scrapanium-wss-recv-cold-20260924/build/wss-recv-coalescing/backend-work/build/deps/install/include/ares.h:422:5: warning: identifier '_S6_un' is reserved because it starts with '_' followed by a capital letter [-Wreserved-identifier]
  422 |   } _S6_un;
      |     ^
2 warnings generated.
[9/443] Building C object lib/CMakeFiles/libcurl_static.dir/cf-https-connect.c.o
In file included from /home/baidu/scrapanium-experiments/scrapanium-wss-recv-cold-20260924/build/wss-recv-coalescing/backend-work/build/deps/src/curl/lib/cf-https-connect.c:28:
In file included from /home/baidu/scrapanium-experiments/scrapanium-wss-recv-cold-20260924/build/wss-recv-coalescing/backend-work/build/deps/src/curl/lib/urldata.h:73:
In file included from /home/baidu/scrapanium-experiments/scrapanium-wss-recv-cold-20260924/build/wss-recv-coalescing/backend-work/build/deps/src/curl/lib/vdns/asyn.h:29:
In file included from /home/baidu/scrapanium-experiments/scrapanium-wss-recv-cold-20260924/build/wss-recv-coalescing/backend-work/build/deps/src/curl/lib/vdns/httpsrr.h:29:
/home/baidu/scrapanium-experiments/scrapanium-wss-recv-cold-20260924/build/wss-recv-coalescing/backend-work/build/deps/install/include/ares.h:421:19: warning: identifier '_S6_u8' is reserved because it starts with '_' followed by a capital letter [-Wreserved-identifier]
  421 |     unsigned char _S6_u8[16];
      |                   ^
/home/baidu/scrapanium-experiments/scrapanium-wss-recv-cold-20260924/build/wss-recv-coalescing/backend-work/build/deps/install/include/ares.h:422:5: warning: identifier '_S6_un' is reserved because it starts with '_' followed by a capital letter [-Wreserved-identifier]
  422 |   } _S6_un;
      |     ^
2 warnings generated.
[10/443] Building C object lib/CMakeFiles/libcurl_static.dir/cf-h2-proxy.c.o
In file included from /home/baidu/scrapanium-experiments/scrapanium-wss-recv-cold-20260924/build/wss-recv-coalescing/backend-work/build/deps/src/curl/lib/cf-h2-proxy.c:31:
In file included from /home/baidu/scrapanium-experiments/scrapanium-wss-recv-cold-20260924/build/wss-recv-coalescing/backend-work/build/deps/src/curl/lib/urldata.h:73:
In file included from /home/baidu/scrapanium-experiments/scrapanium-wss-recv-cold-20260924/build/wss-recv-coalescing/backend-work/build/deps/src/curl/lib/vdns/asyn.h:29:
In file included from /home/baidu/scrapanium-experiments/scrapanium-wss-recv-cold-20260924/build/wss-recv-coalescing/backend-work/build/deps/src/curl/lib/vdns/httpsrr.h:29:
/home/baidu/scrapanium-experiments/scrapanium-wss-recv-cold-20260924/build/wss-recv-coalescing/backend-work/build/deps/install/include/ares.h:421:19: warning: identifier '_S6_u8' is reserved because it starts with '_' followed by a capital letter [-Wreserved-identifier]
  421 |     unsigned char _S6_u8[16];
      |                   ^
/home/baidu/scrapanium-experiments/scrapanium-wss-recv-cold-20260924/build/wss-recv-coalescing/backend-work/build/deps/install/include/ares.h:422:5: warning: identifier '_S6_un' is reserved because it starts with '_' followed by a capital letter [-Wreserved-identifier]
  422 |   } _S6_un;
      |     ^
2 warnings generated.
[11/443] Building C object lib/CMakeFiles/libcurl_static.dir/cf-recvbuf.c.o
In file included from /home/baidu/scrapanium-experiments/scrapanium-wss-recv-cold-20260924/build/wss-recv-coalescing/backend-work/build/deps/src/curl/lib/cf-recvbuf.c:29:
In file included from /home/baidu/scrapanium-experiments/scrapanium-wss-recv-cold-20260924/build/wss-recv-coalescing/backend-work/build/deps/src/curl/lib/urldata.h:73:
In file included from /home/baidu/scrapanium-experiments/scrapanium-wss-recv-cold-20260924/build/wss-recv-coalescing/backend-work/build/deps/src/curl/lib/vdns/asyn.h:29:
In file included from /home/baidu/scrapanium-experiments/scrapanium-wss-recv-cold-20260924/build/wss-recv-coalescing/backend-work/build/deps/src/curl/lib/vdns/httpsrr.h:29:
/home/baidu/scrapanium-experiments/scrapanium-wss-recv-cold-20260924/build/wss-recv-coalescing/backend-work/build/deps/install/include/ares.h:421:19: warning: identifier '_S6_u8' is reserved because it starts with '_' followed by a capital letter [-Wreserved-identifier]
  421 |     unsigned char _S6_u8[16];
      |                   ^
/home/baidu/scrapanium-experiments/scrapanium-wss-recv-cold-20260924/build/wss-recv-coalescing/backend-work/build/deps/install/include/ares.h:422:5: warning: identifier '_S6_un' is reserved because it starts with '_' followed by a capital letter [-Wreserved-identifier]
  422 |   } _S6_un;
      |     ^
2 warnings generated.
[12/443] Building C object lib/CMakeFiles/libcurl_static.dir/cf-ip-happy.c.o
In file included from /home/baidu/scrapanium-experiments/scrapanium-wss-recv-cold-20260924/build/wss-recv-coalescing/backend-work/build/deps/src/curl/lib/cf-ip-happy.c:49:
In file included from /home/baidu/scrapanium-experiments/scrapanium-wss-recv-cold-20260924/build/wss-recv-coalescing/backend-work/build/deps/src/curl/lib/urldata.h:73:
In file included from /home/baidu/scrapanium-experiments/scrapanium-wss-recv-cold-20260924/build/wss-recv-coalescing/backend-work/build/deps/src/curl/lib/vdns/asyn.h:29:
In file included from /home/baidu/scrapanium-experiments/scrapanium-wss-recv-cold-20260924/build/wss-recv-coalescing/backend-work/build/deps/src/curl/lib/vdns/httpsrr.h:29:
/home/baidu/scrapanium-experiments/scrapanium-wss-recv-cold-20260924/build/wss-recv-coalescing/backend-work/build/deps/install/include/ares.h:421:19: warning: identifier '_S6_u8' is reserved because it starts with '_' followed by a capital letter [-Wreserved-identifier]
  421 |     unsigned char _S6_u8[16];
      |                   ^
/home/baidu/scrapanium-experiments/scrapanium-wss-recv-cold-20260924/build/wss-recv-coalescing/backend-work/build/deps/install/include/ares.h:422:5: warning: identifier '_S6_un' is reserved because it starts with '_' followed by a capital letter [-Wreserved-identifier]
  422 |   } _S6_un;
      |     ^
2 warnings generated.
[13/443] Building C object lib/CMakeFiles/libcurl_static.dir/cf-setup.c.o
In file included from /home/baidu/scrapanium-experiments/scrapanium-wss-recv-cold-20260924/build/wss-recv-coalescing/backend-work/build/deps/src/curl/lib/cf-setup.c:26:
In file included from /home/baidu/scrapanium-experiments/scrapanium-wss-recv-cold-20260924/build/wss-recv-coalescing/backend-work/build/deps/src/curl/lib/urldata.h:73:
In file included from /home/baidu/scrapanium-experiments/scrapanium-wss-recv-cold-20260924/build/wss-recv-coalescing/backend-work/build/deps/src/curl/lib/vdns/asyn.h:29:
In file included from /home/baidu/scrapanium-experiments/scrapanium-wss-recv-cold-20260924/build/wss-recv-coalescing/backend-work/build/deps/src/curl/lib/vdns/httpsrr.h:29:
/home/baidu/scrapanium-experiments/scrapanium-wss-recv-cold-20260924/build/wss-recv-coalescing/backend-work/build/deps/install/include/ares.h:421:19: warning: identifier '_S6_u8' is reserved because it starts with '_' followed by a capital letter [-Wreserved-identifier]
  421 |     unsigned char _S6_u8[16];
      |                   ^
/home/baidu/scrapanium-experiments/scrapanium-wss-recv-cold-20260924/build/wss-recv-coalescing/backend-work/build/deps/install/include/ares.h:422:5: warning: identifier '_S6_un' is reserved because it starts with '_' followed by a capital letter [-Wreserved-identifier]
  422 |   } _S6_un;
      |     ^
2 warnings generated.
[14/443] Building C object lib/CMakeFiles/libcurl_static.dir/cfilters.c.o
In file included from /home/baidu/scrapanium-experiments/scrapanium-wss-recv-cold-20260924/build/wss-recv-coalescing/backend-work/build/deps/src/curl/lib/cfilters.c:26:
In file included from /home/baidu/scrapanium-experiments/scrapanium-wss-recv-cold-20260924/build/wss-recv-coalescing/backend-work/build/deps/src/curl/lib/urldata.h:73:
In file included from /home/baidu/scrapanium-experiments/scrapanium-wss-recv-cold-20260924/build/wss-recv-coalescing/backend-work/build/deps/src/curl/lib/vdns/asyn.h:29:
In file included from /home/baidu/scrapanium-experiments/scrapanium-wss-recv-cold-20260924/build/wss-recv-coalescing/backend-work/build/deps/src/curl/lib/vdns/httpsrr.h:29:
/home/baidu/scrapanium-experiments/scrapanium-wss-recv-cold-20260924/build/wss-recv-coalescing/backend-work/build/deps/install/include/ares.h:421:19: warning: identifier '_S6_u8' is reserved because it starts with '_' followed by a capital letter [-Wreserved-identifier]
  421 |     unsigned char _S6_u8[16];
      |                   ^
/home/baidu/scrapanium-experiments/scrapanium-wss-recv-cold-20260924/build/wss-recv-coalescing/backend-work/build/deps/install/include/ares.h:422:5: warning: identifier '_S6_un' is reserved because it starts with '_' followed by a capital letter [-Wreserved-identifier]
  422 |   } _S6_un;
      |     ^
2 warnings generated.
[15/443] Building C object lib/CMakeFiles/libcurl_static.dir/connect.c.o
In file included from /home/baidu/scrapanium-experiments/scrapanium-wss-recv-cold-20260924/build/wss-recv-coalescing/backend-work/build/deps/src/curl/lib/connect.c:26:
In file included from /home/baidu/scrapanium-experiments/scrapanium-wss-recv-cold-20260924/build/wss-recv-coalescing/backend-work/build/deps/src/curl/lib/urldata.h:73:
In file included from /home/baidu/scrapanium-experiments/scrapanium-wss-recv-cold-20260924/build/wss-recv-coalescing/backend-work/build/deps/src/curl/lib/vdns/asyn.h:29:
In file included from /home/baidu/scrapanium-experiments/scrapanium-wss-recv-cold-20260924/build/wss-recv-coalescing/backend-work/build/deps/src/curl/lib/vdns/httpsrr.h:29:
/home/baidu/scrapanium-experiments/scrapanium-wss-recv-cold-20260924/build/wss-recv-coalescing/backend-work/build/deps/install/include/ares.h:421:19: warning: identifier '_S6_u8' is reserved because it starts with '_' followed by a capital letter [-Wreserved-identifier]
  421 |     unsigned char _S6_u8[16];
      |                   ^
/home/baidu/scrapanium-experiments/scrapanium-wss-recv-cold-20260924/build/wss-recv-coalescing/backend-work/build/deps/install/include/ares.h:422:5: warning: identifier '_S6_un' is reserved because it starts with '_' followed by a capital letter [-Wreserved-identifier]
  422 |   } _S6_un;
      |     ^
2 warnings generated.
[16/443] Building C object lib/CMakeFiles/libcurl_static.dir/cf-socket.c.o
In file included from /home/baidu/scrapanium-experiments/scrapanium-wss-recv-cold-20260924/build/wss-recv-coalescing/backend-work/build/deps/src/curl/lib/cf-socket.c:64:
In file included from /home/baidu/scrapanium-experiments/scrapanium-wss-recv-cold-20260924/build/wss-recv-coalescing/backend-work/build/deps/src/curl/lib/urldata.h:73:
In file included from /home/baidu/scrapanium-experiments/scrapanium-wss-recv-cold-20260924/build/wss-recv-coalescing/backend-work/build/deps/src/curl/lib/vdns/asyn.h:29:
In file included from /home/baidu/scrapanium-experiments/scrapanium-wss-recv-cold-20260924/build/wss-recv-coalescing/backend-work/build/deps/src/curl/lib/vdns/httpsrr.h:29:
/home/baidu/scrapanium-experiments/scrapanium-wss-recv-cold-20260924/build/wss-recv-coalescing/backend-work/build/deps/install/include/ares.h:421:19: warning: identifier '_S6_u8' is reserved because it starts with '_' followed by a capital letter [-Wreserved-identifier]
  421 |     unsigned char _S6_u8[16];
      |                   ^
/home/baidu/scrapanium-experiments/scrapanium-wss-recv-cold-20260924/build/wss-recv-coalescing/backend-work/build/deps/install/include/ares.h:422:5: warning: identifier '_S6_un' is reserved because it starts with '_' followed by a capital letter [-Wreserved-identifier]
  422 |   } _S6_un;
      |     ^
2 warnings generated.
[17/443] Building C object lib/CMakeFiles/libcurl_static.dir/conncache.c.o
In file included from /home/baidu/scrapanium-experiments/scrapanium-wss-recv-cold-20260924/build/wss-recv-coalescing/backend-work/build/deps/src/curl/lib/conncache.c:27:
In file included from /home/baidu/scrapanium-experiments/scrapanium-wss-recv-cold-20260924/build/wss-recv-coalescing/backend-work/build/deps/src/curl/lib/urldata.h:73:
In file included from /home/baidu/scrapanium-experiments/scrapanium-wss-recv-cold-20260924/build/wss-recv-coalescing/backend-work/build/deps/src/curl/lib/vdns/asyn.h:29:
In file included from /home/baidu/scrapanium-experiments/scrapanium-wss-recv-cold-20260924/build/wss-recv-coalescing/backend-work/build/deps/src/curl/lib/vdns/httpsrr.h:29:
/home/baidu/scrapanium-experiments/scrapanium-wss-recv-cold-20260924/build/wss-recv-coalescing/backend-work/build/deps/install/include/ares.h:421:19: warning: identifier '_S6_u8' is reserved because it starts with '_' followed by a capital letter [-Wreserved-identifier]
  421 |     unsigned char _S6_u8[16];
      |                   ^
/home/baidu/scrapanium-experiments/scrapanium-wss-recv-cold-20260924/build/wss-recv-coalescing/backend-work/build/deps/install/include/ares.h:422:5: warning: identifier '_S6_un' is reserved because it starts with '_' followed by a capital letter [-Wreserved-identifier]
  422 |   } _S6_un;
      |     ^
2 warnings generated.
[18/443] Building C object lib/CMakeFiles/libcurl_static.dir/content_encoding.c.o
In file included from /home/baidu/scrapanium-experiments/scrapanium-wss-recv-cold-20260924/build/wss-recv-coalescing/backend-work/build/deps/src/curl/lib/content_encoding.c:26:
In file included from /home/baidu/scrapanium-experiments/scrapanium-wss-recv-cold-20260924/build/wss-recv-coalescing/backend-work/build/deps/src/curl/lib/urldata.h:73:
In file included from /home/baidu/scrapanium-experiments/scrapanium-wss-recv-cold-20260924/build/wss-recv-coalescing/backend-work/build/deps/src/curl/lib/vdns/asyn.h:29:
In file included from /home/baidu/scrapanium-experiments/scrapanium-wss-recv-cold-20260924/build/wss-recv-coalescing/backend-work/build/deps/src/curl/lib/vdns/httpsrr.h:29:
/home/baidu/scrapanium-experiments/scrapanium-wss-recv-cold-20260924/build/wss-recv-coalescing/backend-work/build/deps/install/include/ares.h:421:19: warning: identifier '_S6_u8' is reserved because it starts with '_' followed by a capital letter [-Wreserved-identifier]
  421 |     unsigned char _S6_u8[16];
      |                   ^
/home/baidu/scrapanium-experiments/scrapanium-wss-recv-cold-20260924/build/wss-recv-coalescing/backend-work/build/deps/install/include/ares.h:422:5: warning: identifier '_S6_un' is reserved because it starts with '_' followed by a capital letter [-Wreserved-identifier]
  422 |   } _S6_un;
      |     ^
2 warnings generated.
[19/443] Building C object lib/CMakeFiles/libcurl_static.dir/creds.c.o
In file included from /home/baidu/scrapanium-experiments/scrapanium-wss-recv-cold-20260924/build/wss-recv-coalescing/backend-work/build/deps/src/curl/lib/creds.c:31:
In file included from /home/baidu/scrapanium-experiments/scrapanium-wss-recv-cold-20260924/build/wss-recv-coalescing/backend-work/build/deps/src/curl/lib/urldata.h:73:
In file included from /home/baidu/scrapanium-experiments/scrapanium-wss-recv-cold-20260924/build/wss-recv-coalescing/backend-work/build/deps/src/curl/lib/vdns/asyn.h:29:
In file included from /home/baidu/scrapanium-experiments/scrapanium-wss-recv-cold-20260924/build/wss-recv-coalescing/backend-work/build/deps/src/curl/lib/vdns/httpsrr.h:29:
/home/baidu/scrapanium-experiments/scrapanium-wss-recv-cold-20260924/build/wss-recv-coalescing/backend-work/build/deps/install/include/ares.h:421:19: warning: identifier '_S6_u8' is reserved because it starts with '_' followed by a capital letter [-Wreserved-identifier]
  421 |     unsigned char _S6_u8[16];
      |                   ^
/home/baidu/scrapanium-experiments/scrapanium-wss-recv-cold-20260924/build/wss-recv-coalescing/backend-work/build/deps/install/include/ares.h:422:5: warning: identifier '_S6_un' is reserved because it starts with '_' followed by a capital letter [-Wreserved-identifier]
  422 |   } _S6_un;
      |     ^
2 warnings generated.
[20/443] Building C object lib/CMakeFiles/libcurl_static.dir/curl_endian.c.o
[21/443] Building C object lib/CMakeFiles/libcurl_static.dir/cshutdn.c.o
In file included from /home/baidu/scrapanium-experiments/scrapanium-wss-recv-cold-20260924/build/wss-recv-coalescing/backend-work/build/deps/src/curl/lib/cshutdn.c:27:
In file included from /home/baidu/scrapanium-experiments/scrapanium-wss-recv-cold-20260924/build/wss-recv-coalescing/backend-work/build/deps/src/curl/lib/urldata.h:73:
In file included from /home/baidu/scrapanium-experiments/scrapanium-wss-recv-cold-20260924/build/wss-recv-coalescing/backend-work/build/deps/src/curl/lib/vdns/asyn.h:29:
In file included from /home/baidu/scrapanium-experiments/scrapanium-wss-recv-cold-20260924/build/wss-recv-coalescing/backend-work/build/deps/src/curl/lib/vdns/httpsrr.h:29:
/home/baidu/scrapanium-experiments/scrapanium-wss-recv-cold-20260924/build/wss-recv-coalescing/backend-work/build/deps/install/include/ares.h:421:19: warning: identifier '_S6_u8' is reserved because it starts with '_' followed by a capital letter [-Wreserved-identifier]
  421 |     unsigned char _S6_u8[16];
      |                   ^
/home/baidu/scrapanium-experiments/scrapanium-wss-recv-cold-20260924/build/wss-recv-coalescing/backend-work/build/deps/install/include/ares.h:422:5: warning: identifier '_S6_un' is reserved because it starts with '_' followed by a capital letter [-Wreserved-identifier]
  422 |   } _S6_un;
      |     ^
2 warnings generated.
[22/443] Building C object lib/CMakeFiles/libcurl_static.dir/curl_addrinfo.c.o
In file included from /home/baidu/scrapanium-experiments/scrapanium-wss-recv-cold-20260924/build/wss-recv-coalescing/backend-work/build/deps/src/curl/lib/curl_addrinfo.c:50:
In file included from /home/baidu/scrapanium-experiments/scrapanium-wss-recv-cold-20260924/build/wss-recv-coalescing/backend-work/build/deps/src/curl/lib/fake_addrinfo.h:29:
/home/baidu/scrapanium-experiments/scrapanium-wss-recv-cold-20260924/build/wss-recv-coalescing/backend-work/build/deps/install/include/ares.h:421:19: warning: identifier '_S6_u8' is reserved because it starts with '_' followed by a capital letter [-Wreserved-identifier]
  421 |     unsigned char _S6_u8[16];
      |                   ^
/home/baidu/scrapanium-experiments/scrapanium-wss-recv-cold-20260924/build/wss-recv-coalescing/backend-work/build/deps/install/include/ares.h:422:5: warning: identifier '_S6_un' is reserved because it starts with '_' followed by a capital letter [-Wreserved-identifier]
  422 |   } _S6_un;
      |     ^
2 warnings generated.
[23/443] Building C object lib/CMakeFiles/libcurl_static.dir/curl_fnmatch.c.o
[24/443] Building C object lib/CMakeFiles/libcurl_static.dir/curl_fopen.c.o
In file included from /home/baidu/scrapanium-experiments/scrapanium-wss-recv-cold-20260924/build/wss-recv-coalescing/backend-work/build/deps/src/curl/lib/curl_fopen.c:29:
In file included from /home/baidu/scrapanium-experiments/scrapanium-wss-recv-cold-20260924/build/wss-recv-coalescing/backend-work/build/deps/src/curl/lib/urldata.h:73:
In file included from /home/baidu/scrapanium-experiments/scrapanium-wss-recv-cold-20260924/build/wss-recv-coalescing/backend-work/build/deps/src/curl/lib/vdns/asyn.h:29:
In file included from /home/baidu/scrapanium-experiments/scrapanium-wss-recv-cold-20260924/build/wss-recv-coalescing/backend-work/build/deps/src/curl/lib/vdns/httpsrr.h:29:
/home/baidu/scrapanium-experiments/scrapanium-wss-recv-cold-20260924/build/wss-recv-coalescing/backend-work/build/deps/install/include/ares.h:421:19: warning: identifier '_S6_u8' is reserved because it starts with '_' followed by a capital letter [-Wreserved-identifier]
  421 |     unsigned char _S6_u8[16];
      |                   ^
/home/baidu/scrapanium-experiments/scrapanium-wss-recv-cold-20260924/build/wss-recv-coalescing/backend-work/build/deps/install/include/ares.h:422:5: warning: identifier '_S6_un' is reserved because it starts with '_' followed by a capital letter [-Wreserved-identifier]
  422 |   } _S6_un;
      |     ^
2 warnings generated.
[25/443] Building C object lib/CMakeFiles/libcurl_static.dir/curl_get_line.c.o
[26/443] Building C object lib/CMakeFiles/libcurl_static.dir/cookie.c.o
In file included from /home/baidu/scrapanium-experiments/scrapanium-wss-recv-cold-20260924/build/wss-recv-coalescing/backend-work/build/deps/src/curl/lib/cookie.c:28:
In file included from /home/baidu/scrapanium-experiments/scrapanium-wss-recv-cold-20260924/build/wss-recv-coalescing/backend-work/build/deps/src/curl/lib/urldata.h:73:
In file included from /home/baidu/scrapanium-experiments/scrapanium-wss-recv-cold-20260924/build/wss-recv-coalescing/backend-work/build/deps/src/curl/lib/vdns/asyn.h:29:
In file included from /home/baidu/scrapanium-experiments/scrapanium-wss-recv-cold-20260924/build/wss-recv-coalescing/backend-work/build/deps/src/curl/lib/vdns/httpsrr.h:29:
/home/baidu/scrapanium-experiments/scrapanium-wss-recv-cold-20260924/build/wss-recv-coalescing/backend-work/build/deps/install/include/ares.h:421:19: warning: identifier '_S6_u8' is reserved because it starts with '_' followed by a capital letter [-Wreserved-identifier]
  421 |     unsigned char _S6_u8[16];
      |                   ^
/home/baidu/scrapanium-experiments/scrapanium-wss-recv-cold-20260924/build/wss-recv-coalescing/backend-work/build/deps/install/include/ares.h:422:5: warning: identifier '_S6_un' is reserved because it starts with '_' followed by a capital letter [-Wreserved-identifier]
  422 |   } _S6_un;
      |     ^
2 warnings generated.
[27/443] Building C object lib/CMakeFiles/libcurl_static.dir/curl_gethostname.c.o
[28/443] Building C object lib/CMakeFiles/libcurl_static.dir/curl_gssapi.c.o
[29/443] Building C object lib/CMakeFiles/libcurl_static.dir/curl_memrchr.c.o
[30/443] Building C object lib/CMakeFiles/libcurl_static.dir/curl_ntlm_core.c.o
[31/443] Building C object lib/CMakeFiles/libcurl_static.dir/curl_range.c.o
In file included from /home/baidu/scrapanium-experiments/scrapanium-wss-recv-cold-20260924/build/wss-recv-coalescing/backend-work/build/deps/src/curl/lib/curl_range.c:26:
In file included from /home/baidu/scrapanium-experiments/scrapanium-wss-recv-cold-20260924/build/wss-recv-coalescing/backend-work/build/deps/src/curl/lib/curl_range.h:28:
In file included from /home/baidu/scrapanium-experiments/scrapanium-wss-recv-cold-20260924/build/wss-recv-coalescing/backend-work/build/deps/src/curl/lib/urldata.h:73:
In file included from /home/baidu/scrapanium-experiments/scrapanium-wss-recv-cold-20260924/build/wss-recv-coalescing/backend-work/build/deps/src/curl/lib/vdns/asyn.h:29:
In file included from /home/baidu/scrapanium-experiments/scrapanium-wss-recv-cold-20260924/build/wss-recv-coalescing/backend-work/build/deps/src/curl/lib/vdns/httpsrr.h:29:
/home/baidu/scrapanium-experiments/scrapanium-wss-recv-cold-20260924/build/wss-recv-coalescing/backend-work/build/deps/install/include/ares.h:421:19: warning: identifier '_S6_u8' is reserved because it starts with '_' followed by a capital letter [-Wreserved-identifier]
  421 |     unsigned char _S6_u8[16];
      |                   ^
/home/baidu/scrapanium-experiments/scrapanium-wss-recv-cold-20260924/build/wss-recv-coalescing/backend-work/build/deps/install/include/ares.h:422:5: warning: identifier '_S6_un' is reserved because it starts with '_' followed by a capital letter [-Wreserved-identifier]
  422 |   } _S6_un;
      |     ^
2 warnings generated.
[32/443] Building C object lib/CMakeFiles/libcurl_static.dir/curl_sha512_256.c.o
[33/443] Building C object lib/CMakeFiles/libcurl_static.dir/curl_sspi.c.o
[34/443] Building C object lib/CMakeFiles/libcurl_static.dir/curl_threads.c.o
[35/443] Building C object lib/CMakeFiles/libcurl_static.dir/curl_share.c.o
In file included from /home/baidu/scrapanium-experiments/scrapanium-wss-recv-cold-20260924/build/wss-recv-coalescing/backend-work/build/deps/src/curl/lib/curl_share.c:26:
In file included from /home/baidu/scrapanium-experiments/scrapanium-wss-recv-cold-20260924/build/wss-recv-coalescing/backend-work/build/deps/src/curl/lib/urldata.h:73:
In file included from /home/baidu/scrapanium-experiments/scrapanium-wss-recv-cold-20260924/build/wss-recv-coalescing/backend-work/build/deps/src/curl/lib/vdns/asyn.h:29:
In file included from /home/baidu/scrapanium-experiments/scrapanium-wss-recv-cold-20260924/build/wss-recv-coalescing/backend-work/build/deps/src/curl/lib/vdns/httpsrr.h:29:
/home/baidu/scrapanium-experiments/scrapanium-wss-recv-cold-20260924/build/wss-recv-coalescing/backend-work/build/deps/install/include/ares.h:421:19: warning: identifier '_S6_u8' is reserved because it starts with '_' followed by a capital letter [-Wreserved-identifier]
  421 |     unsigned char _S6_u8[16];
      |                   ^
/home/baidu/scrapanium-experiments/scrapanium-wss-recv-cold-20260924/build/wss-recv-coalescing/backend-work/build/deps/install/include/ares.h:422:5: warning: identifier '_S6_un' is reserved because it starts with '_' followed by a capital letter [-Wreserved-identifier]
  422 |   } _S6_un;
      |     ^
2 warnings generated.
[36/443] Building C object lib/CMakeFiles/libcurl_static.dir/curl_sasl.c.o
In file included from /home/baidu/scrapanium-experiments/scrapanium-wss-recv-cold-20260924/build/wss-recv-coalescing/backend-work/build/deps/src/curl/lib/curl_sasl.c:41:
In file included from /home/baidu/scrapanium-experiments/scrapanium-wss-recv-cold-20260924/build/wss-recv-coalescing/backend-work/build/deps/src/curl/lib/urldata.h:73:
In file included from /home/baidu/scrapanium-experiments/scrapanium-wss-recv-cold-20260924/build/wss-recv-coalescing/backend-work/build/deps/src/curl/lib/vdns/asyn.h:29:
In file included from /home/baidu/scrapanium-experiments/scrapanium-wss-recv-cold-20260924/build/wss-recv-coalescing/backend-work/build/deps/src/curl/lib/vdns/httpsrr.h:29:
/home/baidu/scrapanium-experiments/scrapanium-wss-recv-cold-20260924/build/wss-recv-coalescing/backend-work/build/deps/install/include/ares.h:421:19: warning: identifier '_S6_u8' is reserved because it starts with '_' followed by a capital letter [-Wreserved-identifier]
  421 |     unsigned char _S6_u8[16];
      |                   ^
/home/baidu/scrapanium-experiments/scrapanium-wss-recv-cold-20260924/build/wss-recv-coalescing/backend-work/build/deps/install/include/ares.h:422:5: warning: identifier '_S6_un' is reserved because it starts with '_' followed by a capital letter [-Wreserved-identifier]
  422 |   } _S6_un;
      |     ^
2 warnings generated.
[37/443] Building C object lib/CMakeFiles/libcurl_static.dir/cw-pause.c.o
In file included from /home/baidu/scrapanium-experiments/scrapanium-wss-recv-cold-20260924/build/wss-recv-coalescing/backend-work/build/deps/src/curl/lib/cw-pause.c:26:
In file included from /home/baidu/scrapanium-experiments/scrapanium-wss-recv-cold-20260924/build/wss-recv-coalescing/backend-work/build/deps/src/curl/lib/urldata.h:73:
In file included from /home/baidu/scrapanium-experiments/scrapanium-wss-recv-cold-20260924/build/wss-recv-coalescing/backend-work/build/deps/src/curl/lib/vdns/asyn.h:29:
In file included from /home/baidu/scrapanium-experiments/scrapanium-wss-recv-cold-20260924/build/wss-recv-coalescing/backend-work/build/deps/src/curl/lib/vdns/httpsrr.h:29:
/home/baidu/scrapanium-experiments/scrapanium-wss-recv-cold-20260924/build/wss-recv-coalescing/backend-work/build/deps/install/include/ares.h:421:19: warning: identifier '_S6_u8' is reserved because it starts with '_' followed by a capital letter [-Wreserved-identifier]
  421 |     unsigned char _S6_u8[16];
      |                   ^
/home/baidu/scrapanium-experiments/scrapanium-wss-recv-cold-20260924/build/wss-recv-coalescing/backend-work/build/deps/install/include/ares.h:422:5: warning: identifier '_S6_un' is reserved because it starts with '_' followed by a capital letter [-Wreserved-identifier]
  422 |   } _S6_un;
      |     ^
2 warnings generated.
[38/443] Building C object lib/CMakeFiles/libcurl_static.dir/curl_trc.c.o
In file included from /home/baidu/scrapanium-experiments/scrapanium-wss-recv-cold-20260924/build/wss-recv-coalescing/backend-work/build/deps/src/curl/lib/curl_trc.c:27:
In file included from /home/baidu/scrapanium-experiments/scrapanium-wss-recv-cold-20260924/build/wss-recv-coalescing/backend-work/build/deps/src/curl/lib/urldata.h:73:
In file included from /home/baidu/scrapanium-experiments/scrapanium-wss-recv-cold-20260924/build/wss-recv-coalescing/backend-work/build/deps/src/curl/lib/vdns/asyn.h:29:
In file included from /home/baidu/scrapanium-experiments/scrapanium-wss-recv-cold-20260924/build/wss-recv-coalescing/backend-work/build/deps/src/curl/lib/vdns/httpsrr.h:29:
/home/baidu/scrapanium-experiments/scrapanium-wss-recv-cold-20260924/build/wss-recv-coalescing/backend-work/build/deps/install/include/ares.h:421:19: warning: identifier '_S6_u8' is reserved because it starts with '_' followed by a capital letter [-Wreserved-identifier]
  421 |     unsigned char _S6_u8[16];
      |                   ^
/home/baidu/scrapanium-experiments/scrapanium-wss-recv-cold-20260924/build/wss-recv-coalescing/backend-work/build/deps/install/include/ares.h:422:5: warning: identifier '_S6_un' is reserved because it starts with '_' followed by a capital letter [-Wreserved-identifier]
  422 |   } _S6_un;
      |     ^
2 warnings generated.
[39/443] Building C object lib/CMakeFiles/libcurl_static.dir/dict.c.o
In file included from /home/baidu/scrapanium-experiments/scrapanium-wss-recv-cold-20260924/build/wss-recv-coalescing/backend-work/build/deps/src/curl/lib/dict.c:25:
In file included from /home/baidu/scrapanium-experiments/scrapanium-wss-recv-cold-20260924/build/wss-recv-coalescing/backend-work/build/deps/src/curl/lib/urldata.h:73:
In file included from /home/baidu/scrapanium-experiments/scrapanium-wss-recv-cold-20260924/build/wss-recv-coalescing/backend-work/build/deps/src/curl/lib/vdns/asyn.h:29:
In file included from /home/baidu/scrapanium-experiments/scrapanium-wss-recv-cold-20260924/build/wss-recv-coalescing/backend-work/build/deps/src/curl/lib/vdns/httpsrr.h:29:
/home/baidu/scrapanium-experiments/scrapanium-wss-recv-cold-20260924/build/wss-recv-coalescing/backend-work/build/deps/install/include/ares.h:421:19: warning: identifier '_S6_u8' is reserved because it starts with '_' followed by a capital letter [-Wreserved-identifier]
  421 |     unsigned char _S6_u8[16];
      |                   ^
/home/baidu/scrapanium-experiments/scrapanium-wss-recv-cold-20260924/build/wss-recv-coalescing/backend-work/build/deps/install/include/ares.h:422:5: warning: identifier '_S6_un' is reserved because it starts with '_' followed by a capital letter [-Wreserved-identifier]
  422 |   } _S6_un;
      |     ^
2 warnings generated.
[40/443] Building C object lib/CMakeFiles/libcurl_static.dir/cw-out.c.o
In file included from /home/baidu/scrapanium-experiments/scrapanium-wss-recv-cold-20260924/build/wss-recv-coalescing/backend-work/build/deps/src/curl/lib/cw-out.c:26:
In file included from /home/baidu/scrapanium-experiments/scrapanium-wss-recv-cold-20260924/build/wss-recv-coalescing/backend-work/build/deps/src/curl/lib/urldata.h:73:
In file included from /home/baidu/scrapanium-experiments/scrapanium-wss-recv-cold-20260924/build/wss-recv-coalescing/backend-work/build/deps/src/curl/lib/vdns/asyn.h:29:
In file included from /home/baidu/scrapanium-experiments/scrapanium-wss-recv-cold-20260924/build/wss-recv-coalescing/backend-work/build/deps/src/curl/lib/vdns/httpsrr.h:29:
/home/baidu/scrapanium-experiments/scrapanium-wss-recv-cold-20260924/build/wss-recv-coalescing/backend-work/build/deps/install/include/ares.h:421:19: warning: identifier '_S6_u8' is reserved because it starts with '_' followed by a capital letter [-Wreserved-identifier]
  421 |     unsigned char _S6_u8[16];
      |                   ^
/home/baidu/scrapanium-experiments/scrapanium-wss-recv-cold-20260924/build/wss-recv-coalescing/backend-work/build/deps/install/include/ares.h:422:5: warning: identifier '_S6_un' is reserved because it starts with '_' followed by a capital letter [-Wreserved-identifier]
  422 |   } _S6_un;
      |     ^
2 warnings generated.
[41/443] Building C object lib/CMakeFiles/libcurl_static.dir/easygetopt.c.o
[42/443] Building C object lib/CMakeFiles/libcurl_static.dir/easyoptions.c.o
[43/443] Building C object lib/CMakeFiles/libcurl_static.dir/dynhds.c.o
[44/443] Building C object lib/CMakeFiles/libcurl_static.dir/fake_addrinfo.c.o
In file included from /home/baidu/scrapanium-experiments/scrapanium-wss-recv-cold-20260924/build/wss-recv-coalescing/backend-work/build/deps/src/curl/lib/fake_addrinfo.c:26:
In file included from /home/baidu/scrapanium-experiments/scrapanium-wss-recv-cold-20260924/build/wss-recv-coalescing/backend-work/build/deps/src/curl/lib/fake_addrinfo.h:29:
/home/baidu/scrapanium-experiments/scrapanium-wss-recv-cold-20260924/build/wss-recv-coalescing/backend-work/build/deps/install/include/ares.h:421:19: warning: identifier '_S6_u8' is reserved because it starts with '_' followed by a capital letter [-Wreserved-identifier]
  421 |     unsigned char _S6_u8[16];
      |                   ^
/home/baidu/scrapanium-experiments/scrapanium-wss-recv-cold-20260924/build/wss-recv-coalescing/backend-work/build/deps/install/include/ares.h:422:5: warning: identifier '_S6_un' is reserved because it starts with '_' followed by a capital letter [-Wreserved-identifier]
  422 |   } _S6_un;
      |     ^
2 warnings generated.
[45/443] Building C object lib/CMakeFiles/libcurl_static.dir/escape.c.o
In file included from /home/baidu/scrapanium-experiments/scrapanium-wss-recv-cold-20260924/build/wss-recv-coalescing/backend-work/build/deps/src/curl/lib/escape.c:30:
In file included from /home/baidu/scrapanium-experiments/scrapanium-wss-recv-cold-20260924/build/wss-recv-coalescing/backend-work/build/deps/src/curl/lib/urldata.h:73:
In file included from /home/baidu/scrapanium-experiments/scrapanium-wss-recv-cold-20260924/build/wss-recv-coalescing/backend-work/build/deps/src/curl/lib/vdns/asyn.h:29:
In file included from /home/baidu/scrapanium-experiments/scrapanium-wss-recv-cold-20260924/build/wss-recv-coalescing/backend-work/build/deps/src/curl/lib/vdns/httpsrr.h:29:
/home/baidu/scrapanium-experiments/scrapanium-wss-recv-cold-20260924/build/wss-recv-coalescing/backend-work/build/deps/install/include/ares.h:421:19: warning: identifier '_S6_u8' is reserved because it starts with '_' followed by a capital letter [-Wreserved-identifier]
  421 |     unsigned char _S6_u8[16];
      |                   ^
/home/baidu/scrapanium-experiments/scrapanium-wss-recv-cold-20260924/build/wss-recv-coalescing/backend-work/build/deps/install/include/ares.h:422:5: warning: identifier '_S6_un' is reserved because it starts with '_' followed by a capital letter [-Wreserved-identifier]
  422 |   } _S6_un;
      |     ^
2 warnings generated.
[46/443] Building C object lib/CMakeFiles/libcurl_static.dir/fileinfo.c.o
[47/443] Building C object lib/CMakeFiles/libcurl_static.dir/file.c.o
In file included from /home/baidu/scrapanium-experiments/scrapanium-wss-recv-cold-20260924/build/wss-recv-coalescing/backend-work/build/deps/src/curl/lib/file.c:25:
In file included from /home/baidu/scrapanium-experiments/scrapanium-wss-recv-cold-20260924/build/wss-recv-coalescing/backend-work/build/deps/src/curl/lib/urldata.h:73:
In file included from /home/baidu/scrapanium-experiments/scrapanium-wss-recv-cold-20260924/build/wss-recv-coalescing/backend-work/build/deps/src/curl/lib/vdns/asyn.h:29:
In file included from /home/baidu/scrapanium-experiments/scrapanium-wss-recv-cold-20260924/build/wss-recv-coalescing/backend-work/build/deps/src/curl/lib/vdns/httpsrr.h:29:
/home/baidu/scrapanium-experiments/scrapanium-wss-recv-cold-20260924/build/wss-recv-coalescing/backend-work/build/deps/install/include/ares.h:421:19: warning: identifier '_S6_u8' is reserved because it starts with '_' followed by a capital letter [-Wreserved-identifier]
  421 |     unsigned char _S6_u8[16];
      |                   ^
/home/baidu/scrapanium-experiments/scrapanium-wss-recv-cold-20260924/build/wss-recv-coalescing/backend-work/build/deps/install/include/ares.h:422:5: warning: identifier '_S6_un' is reserved because it starts with '_' followed by a capital letter [-Wreserved-identifier]
  422 |   } _S6_un;
      |     ^
2 warnings generated.
[48/443] Building C object lib/CMakeFiles/libcurl_static.dir/formdata.c.o
In file included from /home/baidu/scrapanium-experiments/scrapanium-wss-recv-cold-20260924/build/wss-recv-coalescing/backend-work/build/deps/src/curl/lib/formdata.c:32:
In file included from /home/baidu/scrapanium-experiments/scrapanium-wss-recv-cold-20260924/build/wss-recv-coalescing/backend-work/build/deps/src/curl/lib/urldata.h:73:
In file included from /home/baidu/scrapanium-experiments/scrapanium-wss-recv-cold-20260924/build/wss-recv-coalescing/backend-work/build/deps/src/curl/lib/vdns/asyn.h:29:
In file included from /home/baidu/scrapanium-experiments/scrapanium-wss-recv-cold-20260924/build/wss-recv-coalescing/backend-work/build/deps/src/curl/lib/vdns/httpsrr.h:29:
/home/baidu/scrapanium-experiments/scrapanium-wss-recv-cold-20260924/build/wss-recv-coalescing/backend-work/build/deps/install/include/ares.h:421:19: warning: identifier '_S6_u8' is reserved because it starts with '_' followed by a capital letter [-Wreserved-identifier]
  421 |     unsigned char _S6_u8[16];
      |                   ^
/home/baidu/scrapanium-experiments/scrapanium-wss-recv-cold-20260924/build/wss-recv-coalescing/backend-work/build/deps/install/include/ares.h:422:5: warning: identifier '_S6_un' is reserved because it starts with '_' followed by a capital letter [-Wreserved-identifier]
  422 |   } _S6_un;
      |     ^
2 warnings generated.
[49/443] Building C object lib/CMakeFiles/libcurl_static.dir/getenv.c.o
[50/443] Building C object lib/CMakeFiles/libcurl_static.dir/ftplistparser.c.o
In file included from /home/baidu/scrapanium-experiments/scrapanium-wss-recv-cold-20260924/build/wss-recv-coalescing/backend-work/build/deps/src/curl/lib/ftplistparser.c:43:
In file included from /home/baidu/scrapanium-experiments/scrapanium-wss-recv-cold-20260924/build/wss-recv-coalescing/backend-work/build/deps/src/curl/lib/urldata.h:73:
In file included from /home/baidu/scrapanium-experiments/scrapanium-wss-recv-cold-20260924/build/wss-recv-coalescing/backend-work/build/deps/src/curl/lib/vdns/asyn.h:29:
In file included from /home/baidu/scrapanium-experiments/scrapanium-wss-recv-cold-20260924/build/wss-recv-coalescing/backend-work/build/deps/src/curl/lib/vdns/httpsrr.h:29:
/home/baidu/scrapanium-experiments/scrapanium-wss-recv-cold-20260924/build/wss-recv-coalescing/backend-work/build/deps/install/include/ares.h:421:19: warning: identifier '_S6_u8' is reserved because it starts with '_' followed by a capital letter [-Wreserved-identifier]
  421 |     unsigned char _S6_u8[16];
      |                   ^
/home/baidu/scrapanium-experiments/scrapanium-wss-recv-cold-20260924/build/wss-recv-coalescing/backend-work/build/deps/install/include/ares.h:422:5: warning: identifier '_S6_un' is reserved because it starts with '_' followed by a capital letter [-Wreserved-identifier]
  422 |   } _S6_un;
      |     ^
2 warnings generated.
[51/443] Building C object lib/CMakeFiles/libcurl_static.dir/easy.c.o
In file included from /home/baidu/scrapanium-experiments/scrapanium-wss-recv-cold-20260924/build/wss-recv-coalescing/backend-work/build/deps/src/curl/lib/easy.c:46:
In file included from /home/baidu/scrapanium-experiments/scrapanium-wss-recv-cold-20260924/build/wss-recv-coalescing/backend-work/build/deps/src/curl/lib/urldata.h:73:
In file included from /home/baidu/scrapanium-experiments/scrapanium-wss-recv-cold-20260924/build/wss-recv-coalescing/backend-work/build/deps/src/curl/lib/vdns/asyn.h:29:
In file included from /home/baidu/scrapanium-experiments/scrapanium-wss-recv-cold-20260924/build/wss-recv-coalescing/backend-work/build/deps/src/curl/lib/vdns/httpsrr.h:29:
/home/baidu/scrapanium-experiments/scrapanium-wss-recv-cold-20260924/build/wss-recv-coalescing/backend-work/build/deps/install/include/ares.h:421:19: warning: identifier '_S6_u8' is reserved because it starts with '_' followed by a capital letter [-Wreserved-identifier]
  421 |     unsigned char _S6_u8[16];
      |                   ^
/home/baidu/scrapanium-experiments/scrapanium-wss-recv-cold-20260924/build/wss-recv-coalescing/backend-work/build/deps/install/include/ares.h:422:5: warning: identifier '_S6_un' is reserved because it starts with '_' followed by a capital letter [-Wreserved-identifier]
  422 |   } _S6_un;
      |     ^
/home/baidu/scrapanium-experiments/scrapanium-wss-recv-cold-20260924/build/wss-recv-coalescing/backend-work/build/deps/src/curl/lib/easy.c:341:17: warning: identifier '_do_impersonate' is reserved because it starts with '_' at global scope [-Wreserved-identifier]
  341 | static CURLcode _do_impersonate(struct Curl_easy *data,
      |                 ^
/home/baidu/scrapanium-experiments/scrapanium-wss-recv-cold-20260924/build/wss-recv-coalescing/backend-work/build/deps/src/curl/lib/easy.c:366:12: warning: implicit conversion from 'int' to enumeration type 'CURLcode' is invalid in C++ [-Wimplicit-int-enum-cast]
  366 |     return ret;
      |     ~~~~~~ ^~~
/home/baidu/scrapanium-experiments/scrapanium-wss-recv-cold-20260924/build/wss-recv-coalescing/backend-work/build/deps/src/curl/lib/easy.c:374:14: warning: implicit conversion from 'int' to enumeration type 'CURLcode' is invalid in C++ [-Wimplicit-int-enum-cast]
  374 |       return ret;
      |       ~~~~~~ ^~~
/home/baidu/scrapanium-experiments/scrapanium-wss-recv-cold-20260924/build/wss-recv-coalescing/backend-work/build/deps/src/curl/lib/easy.c:380:14: warning: implicit conversion from 'int' to enumeration type 'CURLcode' is invalid in C++ [-Wimplicit-int-enum-cast]
  380 |       return ret;
      |       ~~~~~~ ^~~
/home/baidu/scrapanium-experiments/scrapanium-wss-recv-cold-20260924/build/wss-recv-coalescing/backend-work/build/deps/src/curl/lib/easy.c:386:14: warning: implicit conversion from 'int' to enumeration type 'CURLcode' is invalid in C++ [-Wimplicit-int-enum-cast]
  386 |       return ret;
      |       ~~~~~~ ^~~
/home/baidu/scrapanium-experiments/scrapanium-wss-recv-cold-20260924/build/wss-recv-coalescing/backend-work/build/deps/src/curl/lib/easy.c:393:14: warning: implicit conversion from 'int' to enumeration type 'CURLcode' is invalid in C++ [-Wimplicit-int-enum-cast]
  393 |       return ret;
      |       ~~~~~~ ^~~
/home/baidu/scrapanium-experiments/scrapanium-wss-recv-cold-20260924/build/wss-recv-coalescing/backend-work/build/deps/src/curl/lib/easy.c:400:14: warning: implicit conversion from 'int' to enumeration type 'CURLcode' is invalid in C++ [-Wimplicit-int-enum-cast]
  400 |       return ret;
      |       ~~~~~~ ^~~
/home/baidu/scrapanium-experiments/scrapanium-wss-recv-cold-20260924/build/wss-recv-coalescing/backend-work/build/deps/src/curl/lib/easy.c:407:14: warning: implicit conversion from 'int' to enumeration type 'CURLcode' is invalid in C++ [-Wimplicit-int-enum-cast]
  407 |       return ret;
      |       ~~~~~~ ^~~
/home/baidu/scrapanium-experiments/scrapanium-wss-recv-cold-20260924/build/wss-recv-coalescing/backend-work/build/deps/src/curl/lib/easy.c:413:12: warning: implicit conversion from 'int' to enumeration type 'CURLcode' is invalid in C++ [-Wimplicit-int-enum-cast]
  413 |     return ret;
      |     ~~~~~~ ^~~
/home/baidu/scrapanium-experiments/scrapanium-wss-recv-cold-20260924/build/wss-recv-coalescing/backend-work/build/deps/src/curl/lib/easy.c:417:12: warning: implicit conversion from 'int' to enumeration type 'CURLcode' is invalid in C++ [-Wimplicit-int-enum-cast]
  417 |     return ret;
      |     ~~~~~~ ^~~
/home/baidu/scrapanium-experiments/scrapanium-wss-recv-cold-20260924/build/wss-recv-coalescing/backend-work/build/deps/src/curl/lib/easy.c:421:12: warning: implicit conversion from 'int' to enumeration type 'CURLcode' is invalid in C++ [-Wimplicit-int-enum-cast]
  421 |     return ret;
      |     ~~~~~~ ^~~
/home/baidu/scrapanium-experiments/scrapanium-wss-recv-cold-20260924/build/wss-recv-coalescing/backend-work/build/deps/src/curl/lib/easy.c:426:12: warning: implicit conversion from 'int' to enumeration type 'CURLcode' is invalid in C++ [-Wimplicit-int-enum-cast]
  426 |     return ret;
      |     ~~~~~~ ^~~
/home/baidu/scrapanium-experiments/scrapanium-wss-recv-cold-20260924/build/wss-recv-coalescing/backend-work/build/deps/src/curl/lib/easy.c:431:14: warning: implicit conversion from 'int' to enumeration type 'CURLcode' is invalid in C++ [-Wimplicit-int-enum-cast]
  431 |       return ret;
      |       ~~~~~~ ^~~
/home/baidu/scrapanium-experiments/scrapanium-wss-recv-cold-20260924/build/wss-recv-coalescing/backend-work/build/deps/src/curl/lib/easy.c:437:12: warning: implicit conversion from 'int' to enumeration type 'CURLcode' is invalid in C++ [-Wimplicit-int-enum-cast]
  437 |     return ret;
      |     ~~~~~~ ^~~
/home/baidu/scrapanium-experiments/scrapanium-wss-recv-cold-20260924/build/wss-recv-coalescing/backend-work/build/deps/src/curl/lib/easy.c:442:12: warning: implicit conversion from 'int' to enumeration type 'CURLcode' is invalid in C++ [-Wimplicit-int-enum-cast]
  442 |     return ret;
      |     ~~~~~~ ^~~
/home/baidu/scrapanium-experiments/scrapanium-wss-recv-cold-20260924/build/wss-recv-coalescing/backend-work/build/deps/src/curl/lib/easy.c:448:14: warning: implicit conversion from 'int' to enumeration type 'CURLcode' is invalid in C++ [-Wimplicit-int-enum-cast]
  448 |       return ret;
      |       ~~~~~~ ^~~
/home/baidu/scrapanium-experiments/scrapanium-wss-recv-cold-20260924/build/wss-recv-coalescing/backend-work/build/deps/src/curl/lib/easy.c:454:14: warning: implicit conversion from 'int' to enumeration type 'CURLcode' is invalid in C++ [-Wimplicit-int-enum-cast]
  454 |       return ret;
      |       ~~~~~~ ^~~
/home/baidu/scrapanium-experiments/scrapanium-wss-recv-cold-20260924/build/wss-recv-coalescing/backend-work/build/deps/src/curl/lib/easy.c:462:14: warning: implicit conversion from 'int' to enumeration type 'CURLcode' is invalid in C++ [-Wimplicit-int-enum-cast]
  462 |       return ret;
      |       ~~~~~~ ^~~
/home/baidu/scrapanium-experiments/scrapanium-wss-recv-cold-20260924/build/wss-recv-coalescing/backend-work/build/deps/src/curl/lib/easy.c:470:14: warning: implicit conversion from 'int' to enumeration type 'CURLcode' is invalid in C++ [-Wimplicit-int-enum-cast]
  470 |       return ret;
      |       ~~~~~~ ^~~
/home/baidu/scrapanium-experiments/scrapanium-wss-recv-cold-20260924/build/wss-recv-coalescing/backend-work/build/deps/src/curl/lib/easy.c:488:16: warning: implicit conversion from 'int' to enumeration type 'CURLcode' is invalid in C++ [-Wimplicit-int-enum-cast]
  488 |         return ret;
      |         ~~~~~~ ^~~
/home/baidu/scrapanium-experiments/scrapanium-wss-recv-cold-20260924/build/wss-recv-coalescing/backend-work/build/deps/src/curl/lib/easy.c:497:14: warning: implicit conversion from 'int' to enumeration type 'CURLcode' is invalid in C++ [-Wimplicit-int-enum-cast]
  497 |       return ret;
      |       ~~~~~~ ^~~
/home/baidu/scrapanium-experiments/scrapanium-wss-recv-cold-20260924/build/wss-recv-coalescing/backend-work/build/deps/src/curl/lib/easy.c:503:14: warning: implicit conversion from 'int' to enumeration type 'CURLcode' is invalid in C++ [-Wimplicit-int-enum-cast]
  503 |       return ret;
      |       ~~~~~~ ^~~
/home/baidu/scrapanium-experiments/scrapanium-wss-recv-cold-20260924/build/wss-recv-coalescing/backend-work/build/deps/src/curl/lib/easy.c:510:14: warning: implicit conversion from 'int' to enumeration type 'CURLcode' is invalid in C++ [-Wimplicit-int-enum-cast]
  510 |       return ret;
      |       ~~~~~~ ^~~
/home/baidu/scrapanium-experiments/scrapanium-wss-recv-cold-20260924/build/wss-recv-coalescing/backend-work/build/deps/src/curl/lib/easy.c:517:14: warning: implicit conversion from 'int' to enumeration type 'CURLcode' is invalid in C++ [-Wimplicit-int-enum-cast]
  517 |       return ret;
      |       ~~~~~~ ^~~
/home/baidu/scrapanium-experiments/scrapanium-wss-recv-cold-20260924/build/wss-recv-coalescing/backend-work/build/deps/src/curl/lib/easy.c:524:14: warning: implicit conversion from 'int' to enumeration type 'CURLcode' is invalid in C++ [-Wimplicit-int-enum-cast]
  524 |       return ret;
      |       ~~~~~~ ^~~
/home/baidu/scrapanium-experiments/scrapanium-wss-recv-cold-20260924/build/wss-recv-coalescing/backend-work/build/deps/src/curl/lib/easy.c:532:14: warning: implicit conversion from 'int' to enumeration type 'CURLcode' is invalid in C++ [-Wimplicit-int-enum-cast]
  532 |       return ret;
      |       ~~~~~~ ^~~
/home/baidu/scrapanium-experiments/scrapanium-wss-recv-cold-20260924/build/wss-recv-coalescing/backend-work/build/deps/src/curl/lib/easy.c:538:14: warning: implicit conversion from 'int' to enumeration type 'CURLcode' is invalid in C++ [-Wimplicit-int-enum-cast]
  538 |       return ret;
      |       ~~~~~~ ^~~
/home/baidu/scrapanium-experiments/scrapanium-wss-recv-cold-20260924/build/wss-recv-coalescing/backend-work/build/deps/src/curl/lib/easy.c:545:14: warning: implicit conversion from 'int' to enumeration type 'CURLcode' is invalid in C++ [-Wimplicit-int-enum-cast]
  545 |       return ret;
      |       ~~~~~~ ^~~
/home/baidu/scrapanium-experiments/scrapanium-wss-recv-cold-20260924/build/wss-recv-coalescing/backend-work/build/deps/src/curl/lib/easy.c:551:12: warning: implicit conversion from 'int' to enumeration type 'CURLcode' is invalid in C++ [-Wimplicit-int-enum-cast]
  551 |     return ret;
      |     ~~~~~~ ^~~
/home/baidu/scrapanium-experiments/scrapanium-wss-recv-cold-20260924/build/wss-recv-coalescing/backend-work/build/deps/src/curl/lib/easy.c:557:14: warning: implicit conversion from 'int' to enumeration type 'CURLcode' is invalid in C++ [-Wimplicit-int-enum-cast]
  557 |       return ret;
      |       ~~~~~~ ^~~
/home/baidu/scrapanium-experiments/scrapanium-wss-recv-cold-20260924/build/wss-recv-coalescing/backend-work/build/deps/src/curl/lib/easy.c:563:14: warning: implicit conversion from 'int' to enumeration type 'CURLcode' is invalid in C++ [-Wimplicit-int-enum-cast]
  563 |       return ret;
      |       ~~~~~~ ^~~
/home/baidu/scrapanium-experiments/scrapanium-wss-recv-cold-20260924/build/wss-recv-coalescing/backend-work/build/deps/src/curl/lib/easy.c:569:14: warning: implicit conversion from 'int' to enumeration type 'CURLcode' is invalid in C++ [-Wimplicit-int-enum-cast]
  569 |       return ret;
      |       ~~~~~~ ^~~
/home/baidu/scrapanium-experiments/scrapanium-wss-recv-cold-20260924/build/wss-recv-coalescing/backend-work/build/deps/src/curl/lib/easy.c:575:14: warning: implicit conversion from 'int' to enumeration type 'CURLcode' is invalid in C++ [-Wimplicit-int-enum-cast]
  575 |       return ret;
      |       ~~~~~~ ^~~
/home/baidu/scrapanium-experiments/scrapanium-wss-recv-cold-20260924/build/wss-recv-coalescing/backend-work/build/deps/src/curl/lib/easy.c:581:14: warning: implicit conversion from 'int' to enumeration type 'CURLcode' is invalid in C++ [-Wimplicit-int-enum-cast]
  581 |       return ret;
      |       ~~~~~~ ^~~
/home/baidu/scrapanium-experiments/scrapanium-wss-recv-cold-20260924/build/wss-recv-coalescing/backend-work/build/deps/src/curl/lib/easy.c:586:12: warning: implicit conversion from 'int' to enumeration type 'CURLcode' is invalid in C++ [-Wimplicit-int-enum-cast]
  586 |     return ret;
      |     ~~~~~~ ^~~
/home/baidu/scrapanium-experiments/scrapanium-wss-recv-cold-20260924/build/wss-recv-coalescing/backend-work/build/deps/src/curl/lib/easy.c:592:14: warning: implicit conversion from 'int' to enumeration type 'CURLcode' is invalid in C++ [-Wimplicit-int-enum-cast]
  592 |       return ret;
      |       ~~~~~~ ^~~
/home/baidu/scrapanium-experiments/scrapanium-wss-recv-cold-20260924/build/wss-recv-coalescing/backend-work/build/deps/src/curl/lib/easy.c:599:14: warning: implicit conversion from 'int' to enumeration type 'CURLcode' is invalid in C++ [-Wimplicit-int-enum-cast]
  599 |       return ret;
      |       ~~~~~~ ^~~
/home/baidu/scrapanium-experiments/scrapanium-wss-recv-cold-20260924/build/wss-recv-coalescing/backend-work/build/deps/src/curl/lib/easy.c:605:14: warning: implicit conversion from 'int' to enumeration type 'CURLcode' is invalid in C++ [-Wimplicit-int-enum-cast]
  605 |       return ret;
      |       ~~~~~~ ^~~
/home/baidu/scrapanium-experiments/scrapanium-wss-recv-cold-20260924/build/wss-recv-coalescing/backend-work/build/deps/src/curl/lib/easy.c:611:14: warning: implicit conversion from 'int' to enumeration type 'CURLcode' is invalid in C++ [-Wimplicit-int-enum-cast]
  611 |       return ret;
      |       ~~~~~~ ^~~
/home/baidu/scrapanium-experiments/scrapanium-wss-recv-cold-20260924/build/wss-recv-coalescing/backend-work/build/deps/src/curl/lib/easy.c:617:14: warning: implicit conversion from 'int' to enumeration type 'CURLcode' is invalid in C++ [-Wimplicit-int-enum-cast]
  617 |       return ret;
      |       ~~~~~~ ^~~
/home/baidu/scrapanium-experiments/scrapanium-wss-recv-cold-20260924/build/wss-recv-coalescing/backend-work/build/deps/src/curl/lib/easy.c:623:14: warning: implicit conversion from 'int' to enumeration type 'CURLcode' is invalid in C++ [-Wimplicit-int-enum-cast]
  623 |       return ret;
      |       ~~~~~~ ^~~
/home/baidu/scrapanium-experiments/scrapanium-wss-recv-cold-20260924/build/wss-recv-coalescing/backend-work/build/deps/src/curl/lib/easy.c:629:14: warning: implicit conversion from 'int' to enumeration type 'CURLcode' is invalid in C++ [-Wimplicit-int-enum-cast]
  629 |       return ret;
      |       ~~~~~~ ^~~
/home/baidu/scrapanium-experiments/scrapanium-wss-recv-cold-20260924/build/wss-recv-coalescing/backend-work/build/deps/src/curl/lib/easy.c:635:14: warning: implicit conversion from 'int' to enumeration type 'CURLcode' is invalid in C++ [-Wimplicit-int-enum-cast]
  635 |       return ret;
      |       ~~~~~~ ^~~
/home/baidu/scrapanium-experiments/scrapanium-wss-recv-cold-20260924/build/wss-recv-coalescing/backend-work/build/deps/src/curl/lib/easy.c:641:14: warning: implicit conversion from 'int' to enumeration type 'CURLcode' is invalid in C++ [-Wimplicit-int-enum-cast]
  641 |       return ret;
      |       ~~~~~~ ^~~
/home/baidu/scrapanium-experiments/scrapanium-wss-recv-cold-20260924/build/wss-recv-coalescing/backend-work/build/deps/src/curl/lib/easy.c:647:12: warning: implicit conversion from 'int' to enumeration type 'CURLcode' is invalid in C++ [-Wimplicit-int-enum-cast]
  647 |     return ret;
      |     ~~~~~~ ^~~
/home/baidu/scrapanium-experiments/scrapanium-wss-recv-cold-20260924/build/wss-recv-coalescing/backend-work/build/deps/src/curl/lib/easy.c:653:14: warning: implicit conversion from 'int' to enumeration type 'CURLcode' is invalid in C++ [-Wimplicit-int-enum-cast]
  653 |       return ret;
      |       ~~~~~~ ^~~
/home/baidu/scrapanium-experiments/scrapanium-wss-recv-cold-20260924/build/wss-recv-coalescing/backend-work/build/deps/src/curl/lib/easy.c:356:8: warning: mixing declarations and code is incompatible with standards before C99 [-Wdeclaration-after-statement]
  356 |   long selected_http_version;
      |        ^
/home/baidu/scrapanium-experiments/scrapanium-wss-recv-cold-20260924/build/wss-recv-coalescing/backend-work/build/deps/src/curl/lib/easy.c:356:8: warning: variable 'selected_http_version' set but not used [-Wunused-but-set-variable]
/home/baidu/scrapanium-experiments/scrapanium-wss-recv-cold-20260924/build/wss-recv-coalescing/backend-work/build/deps/src/curl/lib/easy.c:672:12: warning: implicit conversion from 'int' to enumeration type 'CURLcode' is invalid in C++ [-Wimplicit-int-enum-cast]
  672 |     return ret;
      |     ~~~~~~ ^~~
/home/baidu/scrapanium-experiments/scrapanium-wss-recv-cold-20260924/build/wss-recv-coalescing/backend-work/build/deps/src/curl/lib/easy.c:664:10: warning: no previous prototype for function 'curl_easy_impersonate_customized' [-Wmissing-prototypes]
  664 | CURLcode curl_easy_impersonate_customized(struct Curl_easy *data,
      |          ^
/home/baidu/scrapanium-experiments/scrapanium-wss-recv-cold-20260924/build/wss-recv-coalescing/backend-work/build/deps/src/curl/lib/easy.c:664:1: note: declare 'static' if the function is not intended to be used outside of this translation unit
  664 | CURLcode curl_easy_impersonate_customized(struct Curl_easy *data,
      | ^
      | static 
/home/baidu/scrapanium-experiments/scrapanium-wss-recv-cold-20260924/build/wss-recv-coalescing/backend-work/build/deps/src/curl/lib/easy.c:681:19: warning: implicit conversion loses integer precision: 'size_t' (aka 'unsigned long') to 'int' [-Wshorten-64-to-32]
  681 |   int high = size - 1;
      |       ~~~~   ~~~~~^~~
/home/baidu/scrapanium-experiments/scrapanium-wss-recv-cold-20260924/build/wss-recv-coalescing/backend-work/build/deps/src/curl/lib/easy.c:733:12: warning: implicit conversion from 'int' to enumeration type 'CURLcode' is invalid in C++ [-Wimplicit-int-enum-cast]
  733 |     return ret;
      |     ~~~~~~ ^~~
/home/baidu/scrapanium-experiments/scrapanium-wss-recv-cold-20260924/build/wss-recv-coalescing/backend-work/build/deps/src/curl/lib/easy.c:715:22: warning: comparison of integers of different signs: 'int' and 'const size_t' (aka 'const unsigned long') [-Wsign-compare]
  715 |     for(int i = 0; i < num_impersonations; ++i) {
      |                    ~ ^ ~~~~~~~~~~~~~~~~~~
/home/baidu/scrapanium-experiments/scrapanium-wss-recv-cold-20260924/build/wss-recv-coalescing/backend-work/build/deps/src/curl/lib/easy.c:372:11: warning: call to 'Wcurl_easy_setopt_err_long' declared with 'warning' attribute: curl_easy_setopt expects a long argument [-Wattribute-warning]
  372 |     ret = curl_easy_setopt(data, CURLOPT_SSLVERSION, opts->ssl_version);
      |           ^
/home/baidu/scrapanium-experiments/scrapanium-wss-recv-cold-20260924/build/wss-recv-coalescing/backend-work/build/deps/src/curl/include/curl/typecheck-gcc.h:50:13: note: expanded from macro 'curl_easy_setopt'
   50 |             Wcurl_easy_setopt_err_long();                               \
      |             ^
/home/baidu/scrapanium-experiments/scrapanium-wss-recv-cold-20260924/build/wss-recv-coalescing/backend-work/build/deps/src/curl/lib/easy.c:411:9: warning: call to 'Wcurl_easy_setopt_err_long' declared with 'warning' attribute: curl_easy_setopt expects a long argument [-Wattribute-warning]
  411 |   ret = curl_easy_setopt(data, CURLOPT_SSL_ENABLE_NPN, opts->npn ? 1 : 0);
      |         ^
/home/baidu/scrapanium-experiments/scrapanium-wss-recv-cold-20260924/build/wss-recv-coalescing/backend-work/build/deps/src/curl/include/curl/typecheck-gcc.h:50:13: note: expanded from macro 'curl_easy_setopt'
   50 |             Wcurl_easy_setopt_err_long();                               \
      |             ^
/home/baidu/scrapanium-experiments/scrapanium-wss-recv-cold-20260924/build/wss-recv-coalescing/backend-work/build/deps/src/curl/lib/easy.c:415:9: warning: call to 'Wcurl_easy_setopt_err_long' declared with 'warning' attribute: curl_easy_setopt expects a long argument [-Wattribute-warning]
  415 |   ret = curl_easy_setopt(data, CURLOPT_SSL_ENABLE_ALPN, opts->alpn ? 1 : 0);
      |         ^
/home/baidu/scrapanium-experiments/scrapanium-wss-recv-cold-20260924/build/wss-recv-coalescing/backend-work/build/deps/src/curl/include/curl/typecheck-gcc.h:50:13: note: expanded from macro 'curl_easy_setopt'
   50 |             Wcurl_easy_setopt_err_long();                               \
      |             ^
/home/baidu/scrapanium-experiments/scrapanium-wss-recv-cold-20260924/build/wss-recv-coalescing/backend-work/build/deps/src/curl/lib/easy.c:419:9: warning: call to 'Wcurl_easy_setopt_err_long' declared with 'warning' attribute: curl_easy_setopt expects a long argument [-Wattribute-warning]
  419 |   ret = curl_easy_setopt(data, CURLOPT_SSL_ENABLE_ALPS, opts->alps ? 1 : 0);
      |         ^
/home/baidu/scrapanium-experiments/scrapanium-wss-recv-cold-20260924/build/wss-recv-coalescing/backend-work/build/deps/src/curl/include/curl/typecheck-gcc.h:50:13: note: expanded from macro 'curl_easy_setopt'
   50 |             Wcurl_easy_setopt_err_long();                               \
      |             ^
/home/baidu/scrapanium-experiments/scrapanium-wss-recv-cold-20260924/build/wss-recv-coalescing/backend-work/build/deps/src/curl/lib/easy.c:423:9: warning: call to 'Wcurl_easy_setopt_err_long' declared with 'warning' attribute: curl_easy_setopt expects a long argument [-Wattribute-warning]
  423 |   ret = curl_easy_setopt(data, CURLOPT_SSL_ENABLE_TICKET,
      |         ^
/home/baidu/scrapanium-experiments/scrapanium-wss-recv-cold-20260924/build/wss-recv-coalescing/backend-work/build/deps/src/curl/include/curl/typecheck-gcc.h:50:13: note: expanded from macro 'curl_easy_setopt'
   50 |             Wcurl_easy_setopt_err_long();                               \
      |             ^
/home/baidu/scrapanium-experiments/scrapanium-wss-recv-cold-20260924/build/wss-recv-coalescing/backend-work/build/deps/src/curl/lib/easy.c:435:9: warning: call to 'Wcurl_easy_setopt_err_long' declared with 'warning' attribute: curl_easy_setopt expects a long argument [-Wattribute-warning]
  435 |   ret = curl_easy_setopt(data, CURLOPT_TLS_SIGNED_CERT_TIMESTAMPS, 1);
      |         ^
/home/baidu/scrapanium-experiments/scrapanium-wss-recv-cold-20260924/build/wss-recv-coalescing/backend-work/build/deps/src/curl/include/curl/typecheck-gcc.h:50:13: note: expanded from macro 'curl_easy_setopt'
   50 |             Wcurl_easy_setopt_err_long();                               \
      |             ^
/home/baidu/scrapanium-experiments/scrapanium-wss-recv-cold-20260924/build/wss-recv-coalescing/backend-work/build/deps/src/curl/lib/easy.c:440:9: warning: call to 'Wcurl_easy_setopt_err_long' declared with 'warning' attribute: curl_easy_setopt expects a long argument [-Wattribute-warning]
  440 |   ret = curl_easy_setopt(data, CURLOPT_TLS_STATUS_REQUEST, 1);
      |         ^
/home/baidu/scrapanium-experiments/scrapanium-wss-recv-cold-20260924/build/wss-recv-coalescing/backend-work/build/deps/src/curl/include/curl/typecheck-gcc.h:50:13: note: expanded from macro 'curl_easy_setopt'
   50 |             Wcurl_easy_setopt_err_long();                               \
      |             ^
/home/baidu/scrapanium-experiments/scrapanium-wss-recv-cold-20260924/build/wss-recv-coalescing/backend-work/build/deps/src/curl/lib/easy.c:452:11: warning: call to 'Wcurl_easy_setopt_err_long' declared with 'warning' attribute: curl_easy_setopt expects a long argument [-Wattribute-warning]
  452 |     ret = curl_easy_setopt(data, CURLOPT_SSL_PERMUTE_EXTENSIONS, 1);
      |           ^
/home/baidu/scrapanium-experiments/scrapanium-wss-recv-cold-20260924/build/wss-recv-coalescing/backend-work/build/deps/src/curl/include/curl/typecheck-gcc.h:50:13: note: expanded from macro 'curl_easy_setopt'
   50 |             Wcurl_easy_setopt_err_long();                               \
      |             ^
/home/baidu/scrapanium-experiments/scrapanium-wss-recv-cold-20260924/build/wss-recv-coalescing/backend-work/build/deps/src/curl/lib/easy.c:561:11: warning: call to 'Wcurl_easy_setopt_err_long' declared with 'warning' attribute: curl_easy_setopt expects a long argument [-Wattribute-warning]
  561 |     ret = curl_easy_setopt(data, CURLOPT_HTTP2_WINDOW_UPDATE, opts->http2_window_update);
      |           ^
/home/baidu/scrapanium-experiments/scrapanium-wss-recv-cold-20260924/build/wss-recv-coalescing/backend-work/build/deps/src/curl/include/curl/typecheck-gcc.h:50:13: note: expanded from macro 'curl_easy_setopt'
   50 |             Wcurl_easy_setopt_err_long();                               \
      |             ^
/home/baidu/scrapanium-experiments/scrapanium-wss-recv-cold-20260924/build/wss-recv-coalescing/backend-work/build/deps/src/curl/lib/easy.c:573:11: warning: call to 'Wcurl_easy_setopt_err_long' declared with 'warning' attribute: curl_easy_setopt expects a long argument [-Wattribute-warning]
  573 |     ret = curl_easy_setopt(data, CURLOPT_HTTP2_NO_PRIORITY, opts->http2_no_priority);
      |           ^
/home/baidu/scrapanium-experiments/scrapanium-wss-recv-cold-20260924/build/wss-recv-coalescing/backend-work/build/deps/src/curl/include/curl/typecheck-gcc.h:50:13: note: expanded from macro 'curl_easy_setopt'
   50 |             Wcurl_easy_setopt_err_long();                               \
      |             ^
/home/baidu/scrapanium-experiments/scrapanium-wss-recv-cold-20260924/build/wss-recv-coalescing/backend-work/build/deps/src/curl/lib/easy.c:584:9: warning: call to 'Wcurl_easy_setopt_err_long' declared with 'warning' attribute: curl_easy_setopt expects a long argument [-Wattribute-warning]
  584 |   ret = curl_easy_setopt(data, CURLOPT_TLS_GREASE, opts->tls_grease);
      |         ^
/home/baidu/scrapanium-experiments/scrapanium-wss-recv-cold-20260924/build/wss-recv-coalescing/backend-work/build/deps/src/curl/include/curl/typecheck-gcc.h:50:13: note: expanded from macro 'curl_easy_setopt'
   50 |             Wcurl_easy_setopt_err_long();                               \
      |             ^
/home/baidu/scrapanium-experiments/scrapanium-wss-recv-cold-20260924/build/wss-recv-coalescing/backend-work/build/deps/src/curl/lib/easy.c:609:11: warning: call to 'Wcurl_easy_setopt_err_long' declared with 'warning' attribute: curl_easy_setopt expects a long argument [-Wattribute-warning]
  609 |     ret = curl_easy_setopt(data, CURLOPT_TLS_RECORD_SIZE_LIMIT, opts->tls_record_size_limit);
      |           ^
/home/baidu/scrapanium-experiments/scrapanium-wss-recv-cold-20260924/build/wss-recv-coalescing/backend-work/build/deps/src/curl/include/curl/typecheck-gcc.h:50:13: note: expanded from macro 'curl_easy_setopt'
   50 |             Wcurl_easy_setopt_err_long();                               \
      |             ^
/home/baidu/scrapanium-experiments/scrapanium-wss-recv-cold-20260924/build/wss-recv-coalescing/backend-work/build/deps/src/curl/lib/easy.c:615:11: warning: call to 'Wcurl_easy_setopt_err_long' declared with 'warning' attribute: curl_easy_setopt expects a long argument [-Wattribute-warning]
  615 |     ret = curl_easy_setopt(data, CURLOPT_TLS_KEY_SHARES_LIMIT, opts->tls_key_shares_limit);
      |           ^
/home/baidu/scrapanium-experiments/scrapanium-wss-recv-cold-20260924/build/wss-recv-coalescing/backend-work/build/deps/src/curl/include/curl/typecheck-gcc.h:50:13: note: expanded from macro 'curl_easy_setopt'
   50 |             Wcurl_easy_setopt_err_long();                               \
      |             ^
/home/baidu/scrapanium-experiments/scrapanium-wss-recv-cold-20260924/build/wss-recv-coalescing/backend-work/build/deps/src/curl/lib/easy.c:621:11: warning: call to 'Wcurl_easy_setopt_err_long' declared with 'warning' attribute: curl_easy_setopt expects a long argument [-Wattribute-warning]
  621 |     ret = curl_easy_setopt(data, CURLOPT_TLS_USE_NEW_ALPS_CODEPOINT, opts->tls_use_new_alps_codepoint);
      |           ^
/home/baidu/scrapanium-experiments/scrapanium-wss-recv-cold-20260924/build/wss-recv-coalescing/backend-work/build/deps/src/curl/include/curl/typecheck-gcc.h:50:13: note: expanded from macro 'curl_easy_setopt'
   50 |             Wcurl_easy_setopt_err_long();                               \
      |             ^
/home/baidu/scrapanium-experiments/scrapanium-wss-recv-cold-20260924/build/wss-recv-coalescing/backend-work/build/deps/src/curl/lib/easy.c:627:11: warning: call to 'Wcurl_easy_setopt_err_long' declared with 'warning' attribute: curl_easy_setopt expects a long argument [-Wattribute-warning]
  627 |     ret = curl_easy_setopt(data, CURLOPT_STREAM_WEIGHT, opts->http2_stream_weight);
      |           ^
/home/baidu/scrapanium-experiments/scrapanium-wss-recv-cold-20260924/build/wss-recv-coalescing/backend-work/build/deps/src/curl/include/curl/typecheck-gcc.h:50:13: note: expanded from macro 'curl_easy_setopt'
   50 |             Wcurl_easy_setopt_err_long();                               \
      |             ^
/home/baidu/scrapanium-experiments/scrapanium-wss-recv-cold-20260924/build/wss-recv-coalescing/backend-work/build/deps/src/curl/lib/easy.c:633:11: warning: call to 'Wcurl_easy_setopt_err_long' declared with 'warning' attribute: curl_easy_setopt expects a long argument [-Wattribute-warning]
  633 |     ret = curl_easy_setopt(data, CURLOPT_STREAM_EXCLUSIVE, opts->http2_stream_exclusive);
      |           ^
/home/baidu/scrapanium-experiments/scrapanium-wss-recv-cold-20260924/build/wss-recv-coalescing/backend-work/build/deps/src/curl/include/curl/typecheck-gcc.h:50:13: note: expanded from macro 'curl_easy_setopt'
   50 |             Wcurl_easy_setopt_err_long();                               \
      |             ^
/home/baidu/scrapanium-experiments/scrapanium-wss-recv-cold-20260924/build/wss-recv-coalescing/backend-work/build/deps/src/curl/lib/easy.c:639:11: warning: call to 'Wcurl_easy_setopt_err_long' declared with 'warning' attribute: curl_easy_setopt expects a long argument [-Wattribute-warning]
  639 |     ret = curl_easy_setopt(data, CURLOPT_PROXY_CREDENTIAL_NO_REUSE, opts->proxy_credential_no_reuse);
      |           ^
/home/baidu/scrapanium-experiments/scrapanium-wss-recv-cold-20260924/build/wss-recv-coalescing/backend-work/build/deps/src/curl/include/curl/typecheck-gcc.h:50:13: note: expanded from macro 'curl_easy_setopt'
   50 |             Wcurl_easy_setopt_err_long();                               \
      |             ^
72 warnings generated.
[52/443] Building C object lib/CMakeFiles/libcurl_static.dir/gopher.c.o
In file included from /home/baidu/scrapanium-experiments/scrapanium-wss-recv-cold-20260924/build/wss-recv-coalescing/backend-work/build/deps/src/curl/lib/gopher.c:25:
In file included from /home/baidu/scrapanium-experiments/scrapanium-wss-recv-cold-20260924/build/wss-recv-coalescing/backend-work/build/deps/src/curl/lib/urldata.h:73:
In file included from /home/baidu/scrapanium-experiments/scrapanium-wss-recv-cold-20260924/build/wss-recv-coalescing/backend-work/build/deps/src/curl/lib/vdns/asyn.h:29:
In file included from /home/baidu/scrapanium-experiments/scrapanium-wss-recv-cold-20260924/build/wss-recv-coalescing/backend-work/build/deps/src/curl/lib/vdns/httpsrr.h:29:
/home/baidu/scrapanium-experiments/scrapanium-wss-recv-cold-20260924/build/wss-recv-coalescing/backend-work/build/deps/install/include/ares.h:421:19: warning: identifier '_S6_u8' is reserved because it starts with '_' followed by a capital letter [-Wreserved-identifier]
  421 |     unsigned char _S6_u8[16];
      |                   ^
/home/baidu/scrapanium-experiments/scrapanium-wss-recv-cold-20260924/build/wss-recv-coalescing/backend-work/build/deps/install/include/ares.h:422:5: warning: identifier '_S6_un' is reserved because it starts with '_' followed by a capital letter [-Wreserved-identifier]
  422 |   } _S6_un;
      |     ^
2 warnings generated.
[53/443] Building C object lib/CMakeFiles/libcurl_static.dir/getinfo.c.o
In file included from /home/baidu/scrapanium-experiments/scrapanium-wss-recv-cold-20260924/build/wss-recv-coalescing/backend-work/build/deps/src/curl/lib/getinfo.c:26:
In file included from /home/baidu/scrapanium-experiments/scrapanium-wss-recv-cold-20260924/build/wss-recv-coalescing/backend-work/build/deps/src/curl/lib/urldata.h:73:
In file included from /home/baidu/scrapanium-experiments/scrapanium-wss-recv-cold-20260924/build/wss-recv-coalescing/backend-work/build/deps/src/curl/lib/vdns/asyn.h:29:
In file included from /home/baidu/scrapanium-experiments/scrapanium-wss-recv-cold-20260924/build/wss-recv-coalescing/backend-work/build/deps/src/curl/lib/vdns/httpsrr.h:29:
/home/baidu/scrapanium-experiments/scrapanium-wss-recv-cold-20260924/build/wss-recv-coalescing/backend-work/build/deps/install/include/ares.h:421:19: warning: identifier '_S6_u8' is reserved because it starts with '_' followed by a capital letter [-Wreserved-identifier]
  421 |     unsigned char _S6_u8[16];
      |                   ^
/home/baidu/scrapanium-experiments/scrapanium-wss-recv-cold-20260924/build/wss-recv-coalescing/backend-work/build/deps/install/include/ares.h:422:5: warning: identifier '_S6_un' is reserved because it starts with '_' followed by a capital letter [-Wreserved-identifier]
  422 |   } _S6_un;
      |     ^
2 warnings generated.
[54/443] Building C object lib/CMakeFiles/libcurl_static.dir/hash.c.o
[55/443] Building C object lib/CMakeFiles/libcurl_static.dir/hmac.c.o
[56/443] Building C object lib/CMakeFiles/libcurl_static.dir/headers.c.o
In file included from /home/baidu/scrapanium-experiments/scrapanium-wss-recv-cold-20260924/build/wss-recv-coalescing/backend-work/build/deps/src/curl/lib/headers.c:26:
In file included from /home/baidu/scrapanium-experiments/scrapanium-wss-recv-cold-20260924/build/wss-recv-coalescing/backend-work/build/deps/src/curl/lib/urldata.h:73:
In file included from /home/baidu/scrapanium-experiments/scrapanium-wss-recv-cold-20260924/build/wss-recv-coalescing/backend-work/build/deps/src/curl/lib/vdns/asyn.h:29:
In file included from /home/baidu/scrapanium-experiments/scrapanium-wss-recv-cold-20260924/build/wss-recv-coalescing/backend-work/build/deps/src/curl/lib/vdns/httpsrr.h:29:
/home/baidu/scrapanium-experiments/scrapanium-wss-recv-cold-20260924/build/wss-recv-coalescing/backend-work/build/deps/install/include/ares.h:421:19: warning: identifier '_S6_u8' is reserved because it starts with '_' followed by a capital letter [-Wreserved-identifier]
  421 |     unsigned char _S6_u8[16];
      |                   ^
/home/baidu/scrapanium-experiments/scrapanium-wss-recv-cold-20260924/build/wss-recv-coalescing/backend-work/build/deps/install/include/ares.h:422:5: warning: identifier '_S6_un' is reserved because it starts with '_' followed by a capital letter [-Wreserved-identifier]
  422 |   } _S6_un;
      |     ^
2 warnings generated.
[57/443] Building C object lib/CMakeFiles/libcurl_static.dir/http1.c.o
In file included from /home/baidu/scrapanium-experiments/scrapanium-wss-recv-cold-20260924/build/wss-recv-coalescing/backend-work/build/deps/src/curl/lib/http1.c:28:
In file included from /home/baidu/scrapanium-experiments/scrapanium-wss-recv-cold-20260924/build/wss-recv-coalescing/backend-work/build/deps/src/curl/lib/urldata.h:73:
In file included from /home/baidu/scrapanium-experiments/scrapanium-wss-recv-cold-20260924/build/wss-recv-coalescing/backend-work/build/deps/src/curl/lib/vdns/asyn.h:29:
In file included from /home/baidu/scrapanium-experiments/scrapanium-wss-recv-cold-20260924/build/wss-recv-coalescing/backend-work/build/deps/src/curl/lib/vdns/httpsrr.h:29:
/home/baidu/scrapanium-experiments/scrapanium-wss-recv-cold-20260924/build/wss-recv-coalescing/backend-work/build/deps/install/include/ares.h:421:19: warning: identifier '_S6_u8' is reserved because it starts with '_' followed by a capital letter [-Wreserved-identifier]
  421 |     unsigned char _S6_u8[16];
      |                   ^
/home/baidu/scrapanium-experiments/scrapanium-wss-recv-cold-20260924/build/wss-recv-coalescing/backend-work/build/deps/install/include/ares.h:422:5: warning: identifier '_S6_un' is reserved because it starts with '_' followed by a capital letter [-Wreserved-identifier]
  422 |   } _S6_un;
      |     ^
2 warnings generated.
[58/443] Building C object lib/CMakeFiles/libcurl_static.dir/hsts.c.o
In file included from /home/baidu/scrapanium-experiments/scrapanium-wss-recv-cold-20260924/build/wss-recv-coalescing/backend-work/build/deps/src/curl/lib/hsts.c:31:
In file included from /home/baidu/scrapanium-experiments/scrapanium-wss-recv-cold-20260924/build/wss-recv-coalescing/backend-work/build/deps/src/curl/lib/urldata.h:73:
In file included from /home/baidu/scrapanium-experiments/scrapanium-wss-recv-cold-20260924/build/wss-recv-coalescing/backend-work/build/deps/src/curl/lib/vdns/asyn.h:29:
In file included from /home/baidu/scrapanium-experiments/scrapanium-wss-recv-cold-20260924/build/wss-recv-coalescing/backend-work/build/deps/src/curl/lib/vdns/httpsrr.h:29:
/home/baidu/scrapanium-experiments/scrapanium-wss-recv-cold-20260924/build/wss-recv-coalescing/backend-work/build/deps/install/include/ares.h:421:19: warning: identifier '_S6_u8' is reserved because it starts with '_' followed by a capital letter [-Wreserved-identifier]
  421 |     unsigned char _S6_u8[16];
      |                   ^
/home/baidu/scrapanium-experiments/scrapanium-wss-recv-cold-20260924/build/wss-recv-coalescing/backend-work/build/deps/install/include/ares.h:422:5: warning: identifier '_S6_un' is reserved because it starts with '_' followed by a capital letter [-Wreserved-identifier]
  422 |   } _S6_un;
      |     ^
2 warnings generated.
[59/443] Building C object lib/CMakeFiles/libcurl_static.dir/ftp.c.o
In file included from /home/baidu/scrapanium-experiments/scrapanium-wss-recv-cold-20260924/build/wss-recv-coalescing/backend-work/build/deps/src/curl/lib/ftp.c:25:
In file included from /home/baidu/scrapanium-experiments/scrapanium-wss-recv-cold-20260924/build/wss-recv-coalescing/backend-work/build/deps/src/curl/lib/urldata.h:73:
In file included from /home/baidu/scrapanium-experiments/scrapanium-wss-recv-cold-20260924/build/wss-recv-coalescing/backend-work/build/deps/src/curl/lib/vdns/asyn.h:29:
In file included from /home/baidu/scrapanium-experiments/scrapanium-wss-recv-cold-20260924/build/wss-recv-coalescing/backend-work/build/deps/src/curl/lib/vdns/httpsrr.h:29:
/home/baidu/scrapanium-experiments/scrapanium-wss-recv-cold-20260924/build/wss-recv-coalescing/backend-work/build/deps/install/include/ares.h:421:19: warning: identifier '_S6_u8' is reserved because it starts with '_' followed by a capital letter [-Wreserved-identifier]
  421 |     unsigned char _S6_u8[16];
      |                   ^
/home/baidu/scrapanium-experiments/scrapanium-wss-recv-cold-20260924/build/wss-recv-coalescing/backend-work/build/deps/install/include/ares.h:422:5: warning: identifier '_S6_un' is reserved because it starts with '_' followed by a capital letter [-Wreserved-identifier]
  422 |   } _S6_un;
      |     ^
2 warnings generated.
[60/443] Building C object lib/CMakeFiles/libcurl_static.dir/http_httpsig.c.o
[61/443] Building C object lib/CMakeFiles/libcurl_static.dir/curl_ed25519.c.o
[62/443] Building C object lib/CMakeFiles/libcurl_static.dir/http_aws_sigv4.c.o
In file included from /home/baidu/scrapanium-experiments/scrapanium-wss-recv-cold-20260924/build/wss-recv-coalescing/backend-work/build/deps/src/curl/lib/http_aws_sigv4.c:28:
In file included from /home/baidu/scrapanium-experiments/scrapanium-wss-recv-cold-20260924/build/wss-recv-coalescing/backend-work/build/deps/src/curl/lib/urldata.h:73:
In file included from /home/baidu/scrapanium-experiments/scrapanium-wss-recv-cold-20260924/build/wss-recv-coalescing/backend-work/build/deps/src/curl/lib/vdns/asyn.h:29:
In file included from /home/baidu/scrapanium-experiments/scrapanium-wss-recv-cold-20260924/build/wss-recv-coalescing/backend-work/build/deps/src/curl/lib/vdns/httpsrr.h:29:
/home/baidu/scrapanium-experiments/scrapanium-wss-recv-cold-20260924/build/wss-recv-coalescing/backend-work/build/deps/install/include/ares.h:421:19: warning: identifier '_S6_u8' is reserved because it starts with '_' followed by a capital letter [-Wreserved-identifier]
  421 |     unsigned char _S6_u8[16];
      |                   ^
/home/baidu/scrapanium-experiments/scrapanium-wss-recv-cold-20260924/build/wss-recv-coalescing/backend-work/build/deps/install/include/ares.h:422:5: warning: identifier '_S6_un' is reserved because it starts with '_' followed by a capital letter [-Wreserved-identifier]
  422 |   } _S6_un;
      |     ^
2 warnings generated.
[63/443] Building C object lib/CMakeFiles/libcurl_static.dir/http_chunks.c.o
In file included from /home/baidu/scrapanium-experiments/scrapanium-wss-recv-cold-20260924/build/wss-recv-coalescing/backend-work/build/deps/src/curl/lib/http_chunks.c:28:
In file included from /home/baidu/scrapanium-experiments/scrapanium-wss-recv-cold-20260924/build/wss-recv-coalescing/backend-work/build/deps/src/curl/lib/urldata.h:73:
In file included from /home/baidu/scrapanium-experiments/scrapanium-wss-recv-cold-20260924/build/wss-recv-coalescing/backend-work/build/deps/src/curl/lib/vdns/asyn.h:29:
In file included from /home/baidu/scrapanium-experiments/scrapanium-wss-recv-cold-20260924/build/wss-recv-coalescing/backend-work/build/deps/src/curl/lib/vdns/httpsrr.h:29:
/home/baidu/scrapanium-experiments/scrapanium-wss-recv-cold-20260924/build/wss-recv-coalescing/backend-work/build/deps/install/include/ares.h:421:19: warning: identifier '_S6_u8' is reserved because it starts with '_' followed by a capital letter [-Wreserved-identifier]
  421 |     unsigned char _S6_u8[16];
      |                   ^
/home/baidu/scrapanium-experiments/scrapanium-wss-recv-cold-20260924/build/wss-recv-coalescing/backend-work/build/deps/install/include/ares.h:422:5: warning: identifier '_S6_un' is reserved because it starts with '_' followed by a capital letter [-Wreserved-identifier]
  422 |   } _S6_un;
      |     ^
2 warnings generated.
[64/443] Building C object lib/CMakeFiles/libcurl_static.dir/http_digest.c.o
In file included from /home/baidu/scrapanium-experiments/scrapanium-wss-recv-cold-20260924/build/wss-recv-coalescing/backend-work/build/deps/src/curl/lib/http_digest.c:28:
In file included from /home/baidu/scrapanium-experiments/scrapanium-wss-recv-cold-20260924/build/wss-recv-coalescing/backend-work/build/deps/src/curl/lib/urldata.h:73:
In file included from /home/baidu/scrapanium-experiments/scrapanium-wss-recv-cold-20260924/build/wss-recv-coalescing/backend-work/build/deps/src/curl/lib/vdns/asyn.h:29:
In file included from /home/baidu/scrapanium-experiments/scrapanium-wss-recv-cold-20260924/build/wss-recv-coalescing/backend-work/build/deps/src/curl/lib/vdns/httpsrr.h:29:
/home/baidu/scrapanium-experiments/scrapanium-wss-recv-cold-20260924/build/wss-recv-coalescing/backend-work/build/deps/install/include/ares.h:421:19: warning: identifier '_S6_u8' is reserved because it starts with '_' followed by a capital letter [-Wreserved-identifier]
  421 |     unsigned char _S6_u8[16];
      |                   ^
/home/baidu/scrapanium-experiments/scrapanium-wss-recv-cold-20260924/build/wss-recv-coalescing/backend-work/build/deps/install/include/ares.h:422:5: warning: identifier '_S6_un' is reserved because it starts with '_' followed by a capital letter [-Wreserved-identifier]
  422 |   } _S6_un;
      |     ^
2 warnings generated.
[65/443] Building C object lib/CMakeFiles/libcurl_static.dir/http_negotiate.c.o
[66/443] Building C object lib/CMakeFiles/libcurl_static.dir/http_ntlm.c.o
[67/443] Building C object lib/CMakeFiles/libcurl_static.dir/http2.c.o
In file included from /home/baidu/scrapanium-experiments/scrapanium-wss-recv-cold-20260924/build/wss-recv-coalescing/backend-work/build/deps/src/curl/lib/http2.c:29:
In file included from /home/baidu/scrapanium-experiments/scrapanium-wss-recv-cold-20260924/build/wss-recv-coalescing/backend-work/build/deps/src/curl/lib/urldata.h:73:
In file included from /home/baidu/scrapanium-experiments/scrapanium-wss-recv-cold-20260924/build/wss-recv-coalescing/backend-work/build/deps/src/curl/lib/vdns/asyn.h:29:
In file included from /home/baidu/scrapanium-experiments/scrapanium-wss-recv-cold-20260924/build/wss-recv-coalescing/backend-work/build/deps/src/curl/lib/vdns/httpsrr.h:29:
/home/baidu/scrapanium-experiments/scrapanium-wss-recv-cold-20260924/build/wss-recv-coalescing/backend-work/build/deps/install/include/ares.h:421:19: warning: identifier '_S6_u8' is reserved because it starts with '_' followed by a capital letter [-Wreserved-identifier]
  421 |     unsigned char _S6_u8[16];
      |                   ^
/home/baidu/scrapanium-experiments/scrapanium-wss-recv-cold-20260924/build/wss-recv-coalescing/backend-work/build/deps/install/include/ares.h:422:5: warning: identifier '_S6_un' is reserved because it starts with '_' followed by a capital letter [-Wreserved-identifier]
  422 |   } _S6_un;
      |     ^
/home/baidu/scrapanium-experiments/scrapanium-wss-recv-cold-20260924/build/wss-recv-coalescing/backend-work/build/deps/src/curl/lib/http2.c:346:17: warning: unused function 'http2_set_stream_priorities' [-Wunused-function]
  346 | static CURLcode http2_set_stream_priorities(struct Curl_cfilter *cf,
      |                 ^~~~~~~~~~~~~~~~~~~~~~~~~~~
3 warnings generated.
[68/443] Building C object lib/CMakeFiles/libcurl_static.dir/idn.c.o
In file included from /home/baidu/scrapanium-experiments/scrapanium-wss-recv-cold-20260924/build/wss-recv-coalescing/backend-work/build/deps/src/curl/lib/idn.c:29:
In file included from /home/baidu/scrapanium-experiments/scrapanium-wss-recv-cold-20260924/build/wss-recv-coalescing/backend-work/build/deps/src/curl/lib/urldata.h:73:
In file included from /home/baidu/scrapanium-experiments/scrapanium-wss-recv-cold-20260924/build/wss-recv-coalescing/backend-work/build/deps/src/curl/lib/vdns/asyn.h:29:
In file included from /home/baidu/scrapanium-experiments/scrapanium-wss-recv-cold-20260924/build/wss-recv-coalescing/backend-work/build/deps/src/curl/lib/vdns/httpsrr.h:29:
/home/baidu/scrapanium-experiments/scrapanium-wss-recv-cold-20260924/build/wss-recv-coalescing/backend-work/build/deps/install/include/ares.h:421:19: warning: identifier '_S6_u8' is reserved because it starts with '_' followed by a capital letter [-Wreserved-identifier]
  421 |     unsigned char _S6_u8[16];
      |                   ^
/home/baidu/scrapanium-experiments/scrapanium-wss-recv-cold-20260924/build/wss-recv-coalescing/backend-work/build/deps/install/include/ares.h:422:5: warning: identifier '_S6_un' is reserved because it starts with '_' followed by a capital letter [-Wreserved-identifier]
  422 |   } _S6_un;
      |     ^
2 warnings generated.
[69/443] Building C object lib/CMakeFiles/libcurl_static.dir/http_proxy.c.o
In file included from /home/baidu/scrapanium-experiments/scrapanium-wss-recv-cold-20260924/build/wss-recv-coalescing/backend-work/build/deps/src/curl/lib/http_proxy.c:26:
In file included from /home/baidu/scrapanium-experiments/scrapanium-wss-recv-cold-20260924/build/wss-recv-coalescing/backend-work/build/deps/src/curl/lib/http_proxy.h:30:
In file included from /home/baidu/scrapanium-experiments/scrapanium-wss-recv-cold-20260924/build/wss-recv-coalescing/backend-work/build/deps/src/curl/lib/urldata.h:73:
In file included from /home/baidu/scrapanium-experiments/scrapanium-wss-recv-cold-20260924/build/wss-recv-coalescing/backend-work/build/deps/src/curl/lib/vdns/asyn.h:29:
In file included from /home/baidu/scrapanium-experiments/scrapanium-wss-recv-cold-20260924/build/wss-recv-coalescing/backend-work/build/deps/src/curl/lib/vdns/httpsrr.h:29:
/home/baidu/scrapanium-experiments/scrapanium-wss-recv-cold-20260924/build/wss-recv-coalescing/backend-work/build/deps/install/include/ares.h:421:19: warning: identifier '_S6_u8' is reserved because it starts with '_' followed by a capital letter [-Wreserved-identifier]
  421 |     unsigned char _S6_u8[16];
      |                   ^
/home/baidu/scrapanium-experiments/scrapanium-wss-recv-cold-20260924/build/wss-recv-coalescing/backend-work/build/deps/install/include/ares.h:422:5: warning: identifier '_S6_un' is reserved because it starts with '_' followed by a capital letter [-Wreserved-identifier]
  422 |   } _S6_un;
      |     ^
2 warnings generated.
[70/443] Building C object lib/CMakeFiles/libcurl_static.dir/if2ip.c.o
[71/443] Building C object lib/CMakeFiles/libcurl_static.dir/impersonate.c.o
[72/443] Building C object lib/CMakeFiles/libcurl_static.dir/http.c.o
In file included from /home/baidu/scrapanium-experiments/scrapanium-wss-recv-cold-20260924/build/wss-recv-coalescing/backend-work/build/deps/src/curl/lib/http.c:25:
In file included from /home/baidu/scrapanium-experiments/scrapanium-wss-recv-cold-20260924/build/wss-recv-coalescing/backend-work/build/deps/src/curl/lib/urldata.h:73:
In file included from /home/baidu/scrapanium-experiments/scrapanium-wss-recv-cold-20260924/build/wss-recv-coalescing/backend-work/build/deps/src/curl/lib/vdns/asyn.h:29:
In file included from /home/baidu/scrapanium-experiments/scrapanium-wss-recv-cold-20260924/build/wss-recv-coalescing/backend-work/build/deps/src/curl/lib/vdns/httpsrr.h:29:
/home/baidu/scrapanium-experiments/scrapanium-wss-recv-cold-20260924/build/wss-recv-coalescing/backend-work/build/deps/install/include/ares.h:421:19: warning: identifier '_S6_u8' is reserved because it starts with '_' followed by a capital letter [-Wreserved-identifier]
  421 |     unsigned char _S6_u8[16];
      |                   ^
/home/baidu/scrapanium-experiments/scrapanium-wss-recv-cold-20260924/build/wss-recv-coalescing/backend-work/build/deps/install/include/ares.h:422:5: warning: identifier '_S6_un' is reserved because it starts with '_' followed by a capital letter [-Wreserved-identifier]
  422 |   } _S6_un;
      |     ^
/home/baidu/scrapanium-experiments/scrapanium-wss-recv-cold-20260924/build/wss-recv-coalescing/backend-work/build/deps/src/curl/lib/http.c:2164:10: warning: implicit conversion from 'int' to enumeration type 'CURLcode' is invalid in C++ [-Wimplicit-int-enum-cast]
 2164 |   return ret;
      |   ~~~~~~ ^~~
/home/baidu/scrapanium-experiments/scrapanium-wss-recv-cold-20260924/build/wss-recv-coalescing/backend-work/build/deps/src/curl/lib/http.c:2075:7: warning: unused variable 'i' [-Wunused-variable]
 2075 |   int i;
      |       ^
/home/baidu/scrapanium-experiments/scrapanium-wss-recv-cold-20260924/build/wss-recv-coalescing/backend-work/build/deps/src/curl/lib/http.c:2073:10: warning: no previous prototype for function 'Curl_http_merge_headers' [-Wmissing-prototypes]
 2073 | CURLcode Curl_http_merge_headers(struct Curl_easy *data)
      |          ^
/home/baidu/scrapanium-experiments/scrapanium-wss-recv-cold-20260924/build/wss-recv-coalescing/backend-work/build/deps/src/curl/lib/http.c:2073:1: note: declare 'static' if the function is not intended to be used outside of this translation unit
 2073 | CURLcode Curl_http_merge_headers(struct Curl_easy *data)
      | ^
      | static 
/home/baidu/scrapanium-experiments/scrapanium-wss-recv-cold-20260924/build/wss-recv-coalescing/backend-work/build/deps/src/curl/lib/http.c:5416:9: warning: initializing 'char *' with an expression of type 'const char[5]' discards qualifiers [-Wincompatible-pointer-types-discards-qualifiers]
 5416 |   char *order = "masp";
      |         ^       ~~~~~~
/home/baidu/scrapanium-experiments/scrapanium-wss-recv-cold-20260924/build/wss-recv-coalescing/backend-work/build/deps/src/curl/lib/http.c:5451:11: warning: assigning to 'char *' from 'const char *' discards qualifiers [-Wincompatible-pointer-types-discards-qualifiers]
 5451 |     order = CURL_EASY_STR(data, STRING_HTTP3_PSEUDO_HEADERS_ORDER);
      |           ^ ~~~~~~~~~~~~~~~~~~~~~~~~~~~~~~~~~~~~~~~~~~~~~~~~~~~~~~
/home/baidu/scrapanium-experiments/scrapanium-wss-recv-cold-20260924/build/wss-recv-coalescing/backend-work/build/deps/src/curl/lib/http.c:5454:11: warning: assigning to 'char *' from 'const char *' discards qualifiers [-Wincompatible-pointer-types-discards-qualifiers]
 5454 |     order = CURL_EASY_STR(data, STRING_HTTP2_PSEUDO_HEADERS_ORDER);
      |           ^ ~~~~~~~~~~~~~~~~~~~~~~~~~~~~~~~~~~~~~~~~~~~~~~~~~~~~~~
8 warnings generated.
[73/443] Building C object lib/CMakeFiles/libcurl_static.dir/ldap.c.o
In file included from /home/baidu/scrapanium-experiments/scrapanium-wss-recv-cold-20260924/build/wss-recv-coalescing/backend-work/build/deps/src/curl/lib/ldap.c:25:
In file included from /home/baidu/scrapanium-experiments/scrapanium-wss-recv-cold-20260924/build/wss-recv-coalescing/backend-work/build/deps/src/curl/lib/urldata.h:73:
In file included from /home/baidu/scrapanium-experiments/scrapanium-wss-recv-cold-20260924/build/wss-recv-coalescing/backend-work/build/deps/src/curl/lib/vdns/asyn.h:29:
In file included from /home/baidu/scrapanium-experiments/scrapanium-wss-recv-cold-20260924/build/wss-recv-coalescing/backend-work/build/deps/src/curl/lib/vdns/httpsrr.h:29:
/home/baidu/scrapanium-experiments/scrapanium-wss-recv-cold-20260924/build/wss-recv-coalescing/backend-work/build/deps/install/include/ares.h:421:19: warning: identifier '_S6_u8' is reserved because it starts with '_' followed by a capital letter [-Wreserved-identifier]
  421 |     unsigned char _S6_u8[16];
      |                   ^
/home/baidu/scrapanium-experiments/scrapanium-wss-recv-cold-20260924/build/wss-recv-coalescing/backend-work/build/deps/install/include/ares.h:422:5: warning: identifier '_S6_un' is reserved because it starts with '_' followed by a capital letter [-Wreserved-identifier]
  422 |   } _S6_un;
      |     ^
2 warnings generated.
[74/443] Building C object lib/CMakeFiles/libcurl_static.dir/macos.c.o
[75/443] Building C object lib/CMakeFiles/libcurl_static.dir/llist.c.o
[76/443] Building C object lib/CMakeFiles/libcurl_static.dir/md4.c.o
[77/443] Building C object lib/CMakeFiles/libcurl_static.dir/md5.c.o
[78/443] Building C object lib/CMakeFiles/libcurl_static.dir/memdebug.c.o
[79/443] Building C object lib/CMakeFiles/libcurl_static.dir/imap.c.o
In file included from /home/baidu/scrapanium-experiments/scrapanium-wss-recv-cold-20260924/build/wss-recv-coalescing/backend-work/build/deps/src/curl/lib/imap.c:38:
In file included from /home/baidu/scrapanium-experiments/scrapanium-wss-recv-cold-20260924/build/wss-recv-coalescing/backend-work/build/deps/src/curl/lib/urldata.h:73:
In file included from /home/baidu/scrapanium-experiments/scrapanium-wss-recv-cold-20260924/build/wss-recv-coalescing/backend-work/build/deps/src/curl/lib/vdns/asyn.h:29:
In file included from /home/baidu/scrapanium-experiments/scrapanium-wss-recv-cold-20260924/build/wss-recv-coalescing/backend-work/build/deps/src/curl/lib/vdns/httpsrr.h:29:
/home/baidu/scrapanium-experiments/scrapanium-wss-recv-cold-20260924/build/wss-recv-coalescing/backend-work/build/deps/install/include/ares.h:421:19: warning: identifier '_S6_u8' is reserved because it starts with '_' followed by a capital letter [-Wreserved-identifier]
  421 |     unsigned char _S6_u8[16];
      |                   ^
/home/baidu/scrapanium-experiments/scrapanium-wss-recv-cold-20260924/build/wss-recv-coalescing/backend-work/build/deps/install/include/ares.h:422:5: warning: identifier '_S6_un' is reserved because it starts with '_' followed by a capital letter [-Wreserved-identifier]
  422 |   } _S6_un;
      |     ^
2 warnings generated.
[80/443] Building C object lib/CMakeFiles/libcurl_static.dir/mqtt.c.o
In file included from /home/baidu/scrapanium-experiments/scrapanium-wss-recv-cold-20260924/build/wss-recv-coalescing/backend-work/build/deps/src/curl/lib/mqtt.c:26:
In file included from /home/baidu/scrapanium-experiments/scrapanium-wss-recv-cold-20260924/build/wss-recv-coalescing/backend-work/build/deps/src/curl/lib/urldata.h:73:
In file included from /home/baidu/scrapanium-experiments/scrapanium-wss-recv-cold-20260924/build/wss-recv-coalescing/backend-work/build/deps/src/curl/lib/vdns/asyn.h:29:
In file included from /home/baidu/scrapanium-experiments/scrapanium-wss-recv-cold-20260924/build/wss-recv-coalescing/backend-work/build/deps/src/curl/lib/vdns/httpsrr.h:29:
/home/baidu/scrapanium-experiments/scrapanium-wss-recv-cold-20260924/build/wss-recv-coalescing/backend-work/build/deps/install/include/ares.h:421:19: warning: identifier '_S6_u8' is reserved because it starts with '_' followed by a capital letter [-Wreserved-identifier]
  421 |     unsigned char _S6_u8[16];
      |                   ^
/home/baidu/scrapanium-experiments/scrapanium-wss-recv-cold-20260924/build/wss-recv-coalescing/backend-work/build/deps/install/include/ares.h:422:5: warning: identifier '_S6_un' is reserved because it starts with '_' followed by a capital letter [-Wreserved-identifier]
  422 |   } _S6_un;
      |     ^
2 warnings generated.
[81/443] Building C object lib/CMakeFiles/libcurl_static.dir/mprintf.c.o
[82/443] Building C object lib/CMakeFiles/libcurl_static.dir/mime.c.o
In file included from /home/baidu/scrapanium-experiments/scrapanium-wss-recv-cold-20260924/build/wss-recv-coalescing/backend-work/build/deps/src/curl/lib/mime.c:29:
In file included from /home/baidu/scrapanium-experiments/scrapanium-wss-recv-cold-20260924/build/wss-recv-coalescing/backend-work/build/deps/src/curl/lib/urldata.h:73:
In file included from /home/baidu/scrapanium-experiments/scrapanium-wss-recv-cold-20260924/build/wss-recv-coalescing/backend-work/build/deps/src/curl/lib/vdns/asyn.h:29:
In file included from /home/baidu/scrapanium-experiments/scrapanium-wss-recv-cold-20260924/build/wss-recv-coalescing/backend-work/build/deps/src/curl/lib/vdns/httpsrr.h:29:
/home/baidu/scrapanium-experiments/scrapanium-wss-recv-cold-20260924/build/wss-recv-coalescing/backend-work/build/deps/install/include/ares.h:421:19: warning: identifier '_S6_u8' is reserved because it starts with '_' followed by a capital letter [-Wreserved-identifier]
  421 |     unsigned char _S6_u8[16];
      |                   ^
/home/baidu/scrapanium-experiments/scrapanium-wss-recv-cold-20260924/build/wss-recv-coalescing/backend-work/build/deps/install/include/ares.h:422:5: warning: identifier '_S6_un' is reserved because it starts with '_' followed by a capital letter [-Wreserved-identifier]
  422 |   } _S6_un;
      |     ^
2 warnings generated.
[83/443] Building C object lib/CMakeFiles/libcurl_static.dir/multi_ev.c.o
In file included from /home/baidu/scrapanium-experiments/scrapanium-wss-recv-cold-20260924/build/wss-recv-coalescing/backend-work/build/deps/src/curl/lib/multi_ev.c:26:
In file included from /home/baidu/scrapanium-experiments/scrapanium-wss-recv-cold-20260924/build/wss-recv-coalescing/backend-work/build/deps/src/curl/lib/urldata.h:73:
In file included from /home/baidu/scrapanium-experiments/scrapanium-wss-recv-cold-20260924/build/wss-recv-coalescing/backend-work/build/deps/src/curl/lib/vdns/asyn.h:29:
In file included from /home/baidu/scrapanium-experiments/scrapanium-wss-recv-cold-20260924/build/wss-recv-coalescing/backend-work/build/deps/src/curl/lib/vdns/httpsrr.h:29:
/home/baidu/scrapanium-experiments/scrapanium-wss-recv-cold-20260924/build/wss-recv-coalescing/backend-work/build/deps/install/include/ares.h:421:19: warning: identifier '_S6_u8' is reserved because it starts with '_' followed by a capital letter [-Wreserved-identifier]
  421 |     unsigned char _S6_u8[16];
      |                   ^
/home/baidu/scrapanium-experiments/scrapanium-wss-recv-cold-20260924/build/wss-recv-coalescing/backend-work/build/deps/install/include/ares.h:422:5: warning: identifier '_S6_un' is reserved because it starts with '_' followed by a capital letter [-Wreserved-identifier]
  422 |   } _S6_un;
      |     ^
2 warnings generated.
[84/443] Building C object lib/CMakeFiles/libcurl_static.dir/multi_ntfy.c.o
In file included from /home/baidu/scrapanium-experiments/scrapanium-wss-recv-cold-20260924/build/wss-recv-coalescing/backend-work/build/deps/src/curl/lib/multi_ntfy.c:26:
In file included from /home/baidu/scrapanium-experiments/scrapanium-wss-recv-cold-20260924/build/wss-recv-coalescing/backend-work/build/deps/src/curl/lib/urldata.h:73:
In file included from /home/baidu/scrapanium-experiments/scrapanium-wss-recv-cold-20260924/build/wss-recv-coalescing/backend-work/build/deps/src/curl/lib/vdns/asyn.h:29:
In file included from /home/baidu/scrapanium-experiments/scrapanium-wss-recv-cold-20260924/build/wss-recv-coalescing/backend-work/build/deps/src/curl/lib/vdns/httpsrr.h:29:
/home/baidu/scrapanium-experiments/scrapanium-wss-recv-cold-20260924/build/wss-recv-coalescing/backend-work/build/deps/install/include/ares.h:421:19: warning: identifier '_S6_u8' is reserved because it starts with '_' followed by a capital letter [-Wreserved-identifier]
  421 |     unsigned char _S6_u8[16];
      |                   ^
/home/baidu/scrapanium-experiments/scrapanium-wss-recv-cold-20260924/build/wss-recv-coalescing/backend-work/build/deps/install/include/ares.h:422:5: warning: identifier '_S6_un' is reserved because it starts with '_' followed by a capital letter [-Wreserved-identifier]
  422 |   } _S6_un;
      |     ^
2 warnings generated.
[85/443] Building C object lib/CMakeFiles/libcurl_static.dir/openldap.c.o
[86/443] Building C object lib/CMakeFiles/libcurl_static.dir/netrc.c.o
In file included from /home/baidu/scrapanium-experiments/scrapanium-wss-recv-cold-20260924/build/wss-recv-coalescing/backend-work/build/deps/src/curl/lib/netrc.c:39:
In file included from /home/baidu/scrapanium-experiments/scrapanium-wss-recv-cold-20260924/build/wss-recv-coalescing/backend-work/build/deps/src/curl/lib/urldata.h:73:
In file included from /home/baidu/scrapanium-experiments/scrapanium-wss-recv-cold-20260924/build/wss-recv-coalescing/backend-work/build/deps/src/curl/lib/vdns/asyn.h:29:
In file included from /home/baidu/scrapanium-experiments/scrapanium-wss-recv-cold-20260924/build/wss-recv-coalescing/backend-work/build/deps/src/curl/lib/vdns/httpsrr.h:29:
/home/baidu/scrapanium-experiments/scrapanium-wss-recv-cold-20260924/build/wss-recv-coalescing/backend-work/build/deps/install/include/ares.h:421:19: warning: identifier '_S6_u8' is reserved because it starts with '_' followed by a capital letter [-Wreserved-identifier]
  421 |     unsigned char _S6_u8[16];
      |                   ^
/home/baidu/scrapanium-experiments/scrapanium-wss-recv-cold-20260924/build/wss-recv-coalescing/backend-work/build/deps/install/include/ares.h:422:5: warning: identifier '_S6_un' is reserved because it starts with '_' followed by a capital letter [-Wreserved-identifier]
  422 |   } _S6_un;
      |     ^
2 warnings generated.
[87/443] Building C object lib/CMakeFiles/libcurl_static.dir/parsedate.c.o
[88/443] Building C object lib/CMakeFiles/libcurl_static.dir/peer.c.o
In file included from /home/baidu/scrapanium-experiments/scrapanium-wss-recv-cold-20260924/build/wss-recv-coalescing/backend-work/build/deps/src/curl/lib/peer.c:70:
In file included from /home/baidu/scrapanium-experiments/scrapanium-wss-recv-cold-20260924/build/wss-recv-coalescing/backend-work/build/deps/src/curl/lib/http_proxy.h:30:
In file included from /home/baidu/scrapanium-experiments/scrapanium-wss-recv-cold-20260924/build/wss-recv-coalescing/backend-work/build/deps/src/curl/lib/urldata.h:73:
In file included from /home/baidu/scrapanium-experiments/scrapanium-wss-recv-cold-20260924/build/wss-recv-coalescing/backend-work/build/deps/src/curl/lib/vdns/asyn.h:29:
In file included from /home/baidu/scrapanium-experiments/scrapanium-wss-recv-cold-20260924/build/wss-recv-coalescing/backend-work/build/deps/src/curl/lib/vdns/httpsrr.h:29:
/home/baidu/scrapanium-experiments/scrapanium-wss-recv-cold-20260924/build/wss-recv-coalescing/backend-work/build/deps/install/include/ares.h:421:19: warning: identifier '_S6_u8' is reserved because it starts with '_' followed by a capital letter [-Wreserved-identifier]
  421 |     unsigned char _S6_u8[16];
      |                   ^
/home/baidu/scrapanium-experiments/scrapanium-wss-recv-cold-20260924/build/wss-recv-coalescing/backend-work/build/deps/install/include/ares.h:422:5: warning: identifier '_S6_un' is reserved because it starts with '_' followed by a capital letter [-Wreserved-identifier]
  422 |   } _S6_un;
      |     ^
2 warnings generated.
[89/443] Building C object lib/CMakeFiles/libcurl_static.dir/pingpong.c.o
In file included from /home/baidu/scrapanium-experiments/scrapanium-wss-recv-cold-20260924/build/wss-recv-coalescing/backend-work/build/deps/src/curl/lib/pingpong.c:29:
In file included from /home/baidu/scrapanium-experiments/scrapanium-wss-recv-cold-20260924/build/wss-recv-coalescing/backend-work/build/deps/src/curl/lib/urldata.h:73:
In file included from /home/baidu/scrapanium-experiments/scrapanium-wss-recv-cold-20260924/build/wss-recv-coalescing/backend-work/build/deps/src/curl/lib/vdns/asyn.h:29:
In file included from /home/baidu/scrapanium-experiments/scrapanium-wss-recv-cold-20260924/build/wss-recv-coalescing/backend-work/build/deps/src/curl/lib/vdns/httpsrr.h:29:
/home/baidu/scrapanium-experiments/scrapanium-wss-recv-cold-20260924/build/wss-recv-coalescing/backend-work/build/deps/install/include/ares.h:421:19: warning: identifier '_S6_u8' is reserved because it starts with '_' followed by a capital letter [-Wreserved-identifier]
  421 |     unsigned char _S6_u8[16];
      |                   ^
/home/baidu/scrapanium-experiments/scrapanium-wss-recv-cold-20260924/build/wss-recv-coalescing/backend-work/build/deps/install/include/ares.h:422:5: warning: identifier '_S6_un' is reserved because it starts with '_' followed by a capital letter [-Wreserved-identifier]
  422 |   } _S6_un;
      |     ^
2 warnings generated.
[90/443] Building C object lib/CMakeFiles/libcurl_static.dir/protocol.c.o
In file included from /home/baidu/scrapanium-experiments/scrapanium-wss-recv-cold-20260924/build/wss-recv-coalescing/backend-work/build/deps/src/curl/lib/protocol.c:44:
In file included from /home/baidu/scrapanium-experiments/scrapanium-wss-recv-cold-20260924/build/wss-recv-coalescing/backend-work/build/deps/src/curl/lib/vssh/ssh.h:27:
In file included from /home/baidu/scrapanium-experiments/scrapanium-wss-recv-cold-20260924/build/wss-recv-coalescing/backend-work/build/deps/src/curl/lib/urldata.h:73:
In file included from /home/baidu/scrapanium-experiments/scrapanium-wss-recv-cold-20260924/build/wss-recv-coalescing/backend-work/build/deps/src/curl/lib/vdns/asyn.h:29:
In file included from /home/baidu/scrapanium-experiments/scrapanium-wss-recv-cold-20260924/build/wss-recv-coalescing/backend-work/build/deps/src/curl/lib/vdns/httpsrr.h:29:
/home/baidu/scrapanium-experiments/scrapanium-wss-recv-cold-20260924/build/wss-recv-coalescing/backend-work/build/deps/install/include/ares.h:421:19: warning: identifier '_S6_u8' is reserved because it starts with '_' followed by a capital letter [-Wreserved-identifier]
  421 |     unsigned char _S6_u8[16];
      |                   ^
/home/baidu/scrapanium-experiments/scrapanium-wss-recv-cold-20260924/build/wss-recv-coalescing/backend-work/build/deps/install/include/ares.h:422:5: warning: identifier '_S6_un' is reserved because it starts with '_' followed by a capital letter [-Wreserved-identifier]
  422 |   } _S6_un;
      |     ^
2 warnings generated.
[91/443] Building C object lib/CMakeFiles/libcurl_static.dir/multi.c.o
In file included from /home/baidu/scrapanium-experiments/scrapanium-wss-recv-cold-20260924/build/wss-recv-coalescing/backend-work/build/deps/src/curl/lib/multi.c:26:
In file included from /home/baidu/scrapanium-experiments/scrapanium-wss-recv-cold-20260924/build/wss-recv-coalescing/backend-work/build/deps/src/curl/lib/urldata.h:73:
In file included from /home/baidu/scrapanium-experiments/scrapanium-wss-recv-cold-20260924/build/wss-recv-coalescing/backend-work/build/deps/src/curl/lib/vdns/asyn.h:29:
In file included from /home/baidu/scrapanium-experiments/scrapanium-wss-recv-cold-20260924/build/wss-recv-coalescing/backend-work/build/deps/src/curl/lib/vdns/httpsrr.h:29:
/home/baidu/scrapanium-experiments/scrapanium-wss-recv-cold-20260924/build/wss-recv-coalescing/backend-work/build/deps/install/include/ares.h:421:19: warning: identifier '_S6_u8' is reserved because it starts with '_' followed by a capital letter [-Wreserved-identifier]
  421 |     unsigned char _S6_u8[16];
      |                   ^
/home/baidu/scrapanium-experiments/scrapanium-wss-recv-cold-20260924/build/wss-recv-coalescing/backend-work/build/deps/install/include/ares.h:422:5: warning: identifier '_S6_un' is reserved because it starts with '_' followed by a capital letter [-Wreserved-identifier]
  422 |   } _S6_un;
      |     ^
2 warnings generated.
[92/443] Building C object lib/CMakeFiles/libcurl_static.dir/progress.c.o
In file included from /home/baidu/scrapanium-experiments/scrapanium-wss-recv-cold-20260924/build/wss-recv-coalescing/backend-work/build/deps/src/curl/lib/progress.c:26:
In file included from /home/baidu/scrapanium-experiments/scrapanium-wss-recv-cold-20260924/build/wss-recv-coalescing/backend-work/build/deps/src/curl/lib/urldata.h:73:
In file included from /home/baidu/scrapanium-experiments/scrapanium-wss-recv-cold-20260924/build/wss-recv-coalescing/backend-work/build/deps/src/curl/lib/vdns/asyn.h:29:
In file included from /home/baidu/scrapanium-experiments/scrapanium-wss-recv-cold-20260924/build/wss-recv-coalescing/backend-work/build/deps/src/curl/lib/vdns/httpsrr.h:29:
/home/baidu/scrapanium-experiments/scrapanium-wss-recv-cold-20260924/build/wss-recv-coalescing/backend-work/build/deps/install/include/ares.h:421:19: warning: identifier '_S6_u8' is reserved because it starts with '_' followed by a capital letter [-Wreserved-identifier]
  421 |     unsigned char _S6_u8[16];
      |                   ^
/home/baidu/scrapanium-experiments/scrapanium-wss-recv-cold-20260924/build/wss-recv-coalescing/backend-work/build/deps/install/include/ares.h:422:5: warning: identifier '_S6_un' is reserved because it starts with '_' followed by a capital letter [-Wreserved-identifier]
  422 |   } _S6_un;
      |     ^
2 warnings generated.
[93/443] Building C object lib/CMakeFiles/libcurl_static.dir/pop3.c.o
In file included from /home/baidu/scrapanium-experiments/scrapanium-wss-recv-cold-20260924/build/wss-recv-coalescing/backend-work/build/deps/src/curl/lib/pop3.c:40:
In file included from /home/baidu/scrapanium-experiments/scrapanium-wss-recv-cold-20260924/build/wss-recv-coalescing/backend-work/build/deps/src/curl/lib/urldata.h:73:
In file included from /home/baidu/scrapanium-experiments/scrapanium-wss-recv-cold-20260924/build/wss-recv-coalescing/backend-work/build/deps/src/curl/lib/vdns/asyn.h:29:
In file included from /home/baidu/scrapanium-experiments/scrapanium-wss-recv-cold-20260924/build/wss-recv-coalescing/backend-work/build/deps/src/curl/lib/vdns/httpsrr.h:29:
/home/baidu/scrapanium-experiments/scrapanium-wss-recv-cold-20260924/build/wss-recv-coalescing/backend-work/build/deps/install/include/ares.h:421:19: warning: identifier '_S6_u8' is reserved because it starts with '_' followed by a capital letter [-Wreserved-identifier]
  421 |     unsigned char _S6_u8[16];
      |                   ^
/home/baidu/scrapanium-experiments/scrapanium-wss-recv-cold-20260924/build/wss-recv-coalescing/backend-work/build/deps/install/include/ares.h:422:5: warning: identifier '_S6_un' is reserved because it starts with '_' followed by a capital letter [-Wreserved-identifier]
  422 |   } _S6_un;
      |     ^
2 warnings generated.
[94/443] Building C object lib/CMakeFiles/libcurl_static.dir/psl.c.o
[95/443] Building C object lib/CMakeFiles/libcurl_static.dir/proxy.c.o
In file included from /home/baidu/scrapanium-experiments/scrapanium-wss-recv-cold-20260924/build/wss-recv-coalescing/backend-work/build/deps/src/curl/lib/proxy.c:28:
In file included from /home/baidu/scrapanium-experiments/scrapanium-wss-recv-cold-20260924/build/wss-recv-coalescing/backend-work/build/deps/src/curl/lib/urldata.h:73:
In file included from /home/baidu/scrapanium-experiments/scrapanium-wss-recv-cold-20260924/build/wss-recv-coalescing/backend-work/build/deps/src/curl/lib/vdns/asyn.h:29:
In file included from /home/baidu/scrapanium-experiments/scrapanium-wss-recv-cold-20260924/build/wss-recv-coalescing/backend-work/build/deps/src/curl/lib/vdns/httpsrr.h:29:
/home/baidu/scrapanium-experiments/scrapanium-wss-recv-cold-20260924/build/wss-recv-coalescing/backend-work/build/deps/install/include/ares.h:421:19: warning: identifier '_S6_u8' is reserved because it starts with '_' followed by a capital letter [-Wreserved-identifier]
  421 |     unsigned char _S6_u8[16];
      |                   ^
/home/baidu/scrapanium-experiments/scrapanium-wss-recv-cold-20260924/build/wss-recv-coalescing/backend-work/build/deps/install/include/ares.h:422:5: warning: identifier '_S6_un' is reserved because it starts with '_' followed by a capital letter [-Wreserved-identifier]
  422 |   } _S6_un;
      |     ^
2 warnings generated.
[96/443] Building C object lib/CMakeFiles/libcurl_static.dir/rand.c.o
In file included from /home/baidu/scrapanium-experiments/scrapanium-wss-recv-cold-20260924/build/wss-recv-coalescing/backend-work/build/deps/src/curl/lib/rand.c:30:
In file included from /home/baidu/scrapanium-experiments/scrapanium-wss-recv-cold-20260924/build/wss-recv-coalescing/backend-work/build/deps/src/curl/lib/urldata.h:73:
In file included from /home/baidu/scrapanium-experiments/scrapanium-wss-recv-cold-20260924/build/wss-recv-coalescing/backend-work/build/deps/src/curl/lib/vdns/asyn.h:29:
In file included from /home/baidu/scrapanium-experiments/scrapanium-wss-recv-cold-20260924/build/wss-recv-coalescing/backend-work/build/deps/src/curl/lib/vdns/httpsrr.h:29:
/home/baidu/scrapanium-experiments/scrapanium-wss-recv-cold-20260924/build/wss-recv-coalescing/backend-work/build/deps/install/include/ares.h:421:19: warning: identifier '_S6_u8' is reserved because it starts with '_' followed by a capital letter [-Wreserved-identifier]
  421 |     unsigned char _S6_u8[16];
      |                   ^
/home/baidu/scrapanium-experiments/scrapanium-wss-recv-cold-20260924/build/wss-recv-coalescing/backend-work/build/deps/install/include/ares.h:422:5: warning: identifier '_S6_un' is reserved because it starts with '_' followed by a capital letter [-Wreserved-identifier]
  422 |   } _S6_un;
      |     ^
2 warnings generated.
[97/443] Building C object lib/CMakeFiles/libcurl_static.dir/ratelimit.c.o
In file included from /home/baidu/scrapanium-experiments/scrapanium-wss-recv-cold-20260924/build/wss-recv-coalescing/backend-work/build/deps/src/curl/lib/ratelimit.c:26:
In file included from /home/baidu/scrapanium-experiments/scrapanium-wss-recv-cold-20260924/build/wss-recv-coalescing/backend-work/build/deps/src/curl/lib/urldata.h:73:
In file included from /home/baidu/scrapanium-experiments/scrapanium-wss-recv-cold-20260924/build/wss-recv-coalescing/backend-work/build/deps/src/curl/lib/vdns/asyn.h:29:
In file included from /home/baidu/scrapanium-experiments/scrapanium-wss-recv-cold-20260924/build/wss-recv-coalescing/backend-work/build/deps/src/curl/lib/vdns/httpsrr.h:29:
/home/baidu/scrapanium-experiments/scrapanium-wss-recv-cold-20260924/build/wss-recv-coalescing/backend-work/build/deps/install/include/ares.h:421:19: warning: identifier '_S6_u8' is reserved because it starts with '_' followed by a capital letter [-Wreserved-identifier]
  421 |     unsigned char _S6_u8[16];
      |                   ^
/home/baidu/scrapanium-experiments/scrapanium-wss-recv-cold-20260924/build/wss-recv-coalescing/backend-work/build/deps/install/include/ares.h:422:5: warning: identifier '_S6_un' is reserved because it starts with '_' followed by a capital letter [-Wreserved-identifier]
  422 |   } _S6_un;
      |     ^
2 warnings generated.
[98/443] Building C object lib/CMakeFiles/libcurl_static.dir/request.c.o
In file included from /home/baidu/scrapanium-experiments/scrapanium-wss-recv-cold-20260924/build/wss-recv-coalescing/backend-work/build/deps/src/curl/lib/request.c:26:
In file included from /home/baidu/scrapanium-experiments/scrapanium-wss-recv-cold-20260924/build/wss-recv-coalescing/backend-work/build/deps/src/curl/lib/urldata.h:73:
In file included from /home/baidu/scrapanium-experiments/scrapanium-wss-recv-cold-20260924/build/wss-recv-coalescing/backend-work/build/deps/src/curl/lib/vdns/asyn.h:29:
In file included from /home/baidu/scrapanium-experiments/scrapanium-wss-recv-cold-20260924/build/wss-recv-coalescing/backend-work/build/deps/src/curl/lib/vdns/httpsrr.h:29:
/home/baidu/scrapanium-experiments/scrapanium-wss-recv-cold-20260924/build/wss-recv-coalescing/backend-work/build/deps/install/include/ares.h:421:19: warning: identifier '_S6_u8' is reserved because it starts with '_' followed by a capital letter [-Wreserved-identifier]
  421 |     unsigned char _S6_u8[16];
      |                   ^
/home/baidu/scrapanium-experiments/scrapanium-wss-recv-cold-20260924/build/wss-recv-coalescing/backend-work/build/deps/install/include/ares.h:422:5: warning: identifier '_S6_un' is reserved because it starts with '_' followed by a capital letter [-Wreserved-identifier]
  422 |   } _S6_un;
      |     ^
2 warnings generated.
[99/443] Building C object lib/CMakeFiles/libcurl_static.dir/rtsp.c.o
In file included from /home/baidu/scrapanium-experiments/scrapanium-wss-recv-cold-20260924/build/wss-recv-coalescing/backend-work/build/deps/src/curl/lib/rtsp.c:25:
In file included from /home/baidu/scrapanium-experiments/scrapanium-wss-recv-cold-20260924/build/wss-recv-coalescing/backend-work/build/deps/src/curl/lib/urldata.h:73:
In file included from /home/baidu/scrapanium-experiments/scrapanium-wss-recv-cold-20260924/build/wss-recv-coalescing/backend-work/build/deps/src/curl/lib/vdns/asyn.h:29:
In file included from /home/baidu/scrapanium-experiments/scrapanium-wss-recv-cold-20260924/build/wss-recv-coalescing/backend-work/build/deps/src/curl/lib/vdns/httpsrr.h:29:
/home/baidu/scrapanium-experiments/scrapanium-wss-recv-cold-20260924/build/wss-recv-coalescing/backend-work/build/deps/install/include/ares.h:421:19: warning: identifier '_S6_u8' is reserved because it starts with '_' followed by a capital letter [-Wreserved-identifier]
  421 |     unsigned char _S6_u8[16];
      |                   ^
/home/baidu/scrapanium-experiments/scrapanium-wss-recv-cold-20260924/build/wss-recv-coalescing/backend-work/build/deps/install/include/ares.h:422:5: warning: identifier '_S6_un' is reserved because it starts with '_' followed by a capital letter [-Wreserved-identifier]
  422 |   } _S6_un;
      |     ^
2 warnings generated.
[100/443] Building C object lib/CMakeFiles/libcurl_static.dir/select.c.o
In file included from /home/baidu/scrapanium-experiments/scrapanium-wss-recv-cold-20260924/build/wss-recv-coalescing/backend-work/build/deps/src/curl/lib/select.c:32:
In file included from /home/baidu/scrapanium-experiments/scrapanium-wss-recv-cold-20260924/build/wss-recv-coalescing/backend-work/build/deps/src/curl/lib/urldata.h:73:
In file included from /home/baidu/scrapanium-experiments/scrapanium-wss-recv-cold-20260924/build/wss-recv-coalescing/backend-work/build/deps/src/curl/lib/vdns/asyn.h:29:
In file included from /home/baidu/scrapanium-experiments/scrapanium-wss-recv-cold-20260924/build/wss-recv-coalescing/backend-work/build/deps/src/curl/lib/vdns/httpsrr.h:29:
/home/baidu/scrapanium-experiments/scrapanium-wss-recv-cold-20260924/build/wss-recv-coalescing/backend-work/build/deps/install/include/ares.h:421:19: warning: identifier '_S6_u8' is reserved because it starts with '_' followed by a capital letter [-Wreserved-identifier]
  421 |     unsigned char _S6_u8[16];
      |                   ^
/home/baidu/scrapanium-experiments/scrapanium-wss-recv-cold-20260924/build/wss-recv-coalescing/backend-work/build/deps/install/include/ares.h:422:5: warning: identifier '_S6_un' is reserved because it starts with '_' followed by a capital letter [-Wreserved-identifier]
  422 |   } _S6_un;
      |     ^
2 warnings generated.
[101/443] Building C object lib/CMakeFiles/libcurl_static.dir/sha256.c.o
[102/443] Building C object lib/CMakeFiles/libcurl_static.dir/slist.c.o
[103/443] Building C object lib/CMakeFiles/libcurl_static.dir/smb.c.o
In file included from /home/baidu/scrapanium-experiments/scrapanium-wss-recv-cold-20260924/build/wss-recv-coalescing/backend-work/build/deps/src/curl/lib/smb.c:26:
In file included from /home/baidu/scrapanium-experiments/scrapanium-wss-recv-cold-20260924/build/wss-recv-coalescing/backend-work/build/deps/src/curl/lib/urldata.h:73:
In file included from /home/baidu/scrapanium-experiments/scrapanium-wss-recv-cold-20260924/build/wss-recv-coalescing/backend-work/build/deps/src/curl/lib/vdns/asyn.h:29:
In file included from /home/baidu/scrapanium-experiments/scrapanium-wss-recv-cold-20260924/build/wss-recv-coalescing/backend-work/build/deps/src/curl/lib/vdns/httpsrr.h:29:
/home/baidu/scrapanium-experiments/scrapanium-wss-recv-cold-20260924/build/wss-recv-coalescing/backend-work/build/deps/install/include/ares.h:421:19: warning: identifier '_S6_u8' is reserved because it starts with '_' followed by a capital letter [-Wreserved-identifier]
  421 |     unsigned char _S6_u8[16];
      |                   ^
/home/baidu/scrapanium-experiments/scrapanium-wss-recv-cold-20260924/build/wss-recv-coalescing/backend-work/build/deps/install/include/ares.h:422:5: warning: identifier '_S6_un' is reserved because it starts with '_' followed by a capital letter [-Wreserved-identifier]
  422 |   } _S6_un;
      |     ^
2 warnings generated.
[104/443] Building C object lib/CMakeFiles/libcurl_static.dir/sendf.c.o
In file included from /home/baidu/scrapanium-experiments/scrapanium-wss-recv-cold-20260924/build/wss-recv-coalescing/backend-work/build/deps/src/curl/lib/sendf.c:36:
In file included from /home/baidu/scrapanium-experiments/scrapanium-wss-recv-cold-20260924/build/wss-recv-coalescing/backend-work/build/deps/src/curl/lib/urldata.h:73:
In file included from /home/baidu/scrapanium-experiments/scrapanium-wss-recv-cold-20260924/build/wss-recv-coalescing/backend-work/build/deps/src/curl/lib/vdns/asyn.h:29:
In file included from /home/baidu/scrapanium-experiments/scrapanium-wss-recv-cold-20260924/build/wss-recv-coalescing/backend-work/build/deps/src/curl/lib/vdns/httpsrr.h:29:
/home/baidu/scrapanium-experiments/scrapanium-wss-recv-cold-20260924/build/wss-recv-coalescing/backend-work/build/deps/install/include/ares.h:421:19: warning: identifier '_S6_u8' is reserved because it starts with '_' followed by a capital letter [-Wreserved-identifier]
  421 |     unsigned char _S6_u8[16];
      |                   ^
/home/baidu/scrapanium-experiments/scrapanium-wss-recv-cold-20260924/build/wss-recv-coalescing/backend-work/build/deps/install/include/ares.h:422:5: warning: identifier '_S6_un' is reserved because it starts with '_' followed by a capital letter [-Wreserved-identifier]
  422 |   } _S6_un;
      |     ^
2 warnings generated.
[105/443] Building C object lib/CMakeFiles/libcurl_static.dir/socketpair.c.o
In file included from /home/baidu/scrapanium-experiments/scrapanium-wss-recv-cold-20260924/build/wss-recv-coalescing/backend-work/build/deps/src/curl/lib/socketpair.c:27:
In file included from /home/baidu/scrapanium-experiments/scrapanium-wss-recv-cold-20260924/build/wss-recv-coalescing/backend-work/build/deps/src/curl/lib/urldata.h:73:
In file included from /home/baidu/scrapanium-experiments/scrapanium-wss-recv-cold-20260924/build/wss-recv-coalescing/backend-work/build/deps/src/curl/lib/vdns/asyn.h:29:
In file included from /home/baidu/scrapanium-experiments/scrapanium-wss-recv-cold-20260924/build/wss-recv-coalescing/backend-work/build/deps/src/curl/lib/vdns/httpsrr.h:29:
/home/baidu/scrapanium-experiments/scrapanium-wss-recv-cold-20260924/build/wss-recv-coalescing/backend-work/build/deps/install/include/ares.h:421:19: warning: identifier '_S6_u8' is reserved because it starts with '_' followed by a capital letter [-Wreserved-identifier]
  421 |     unsigned char _S6_u8[16];
      |                   ^
/home/baidu/scrapanium-experiments/scrapanium-wss-recv-cold-20260924/build/wss-recv-coalescing/backend-work/build/deps/install/include/ares.h:422:5: warning: identifier '_S6_un' is reserved because it starts with '_' followed by a capital letter [-Wreserved-identifier]
  422 |   } _S6_un;
      |     ^
2 warnings generated.
[106/443] Building C object lib/CMakeFiles/libcurl_static.dir/socks_gssapi.c.o
[107/443] Building C object lib/CMakeFiles/libcurl_static.dir/setopt.c.o
In file included from /home/baidu/scrapanium-experiments/scrapanium-wss-recv-cold-20260924/build/wss-recv-coalescing/backend-work/build/deps/src/curl/lib/setopt.c:36:
In file included from /home/baidu/scrapanium-experiments/scrapanium-wss-recv-cold-20260924/build/wss-recv-coalescing/backend-work/build/deps/src/curl/lib/urldata.h:73:
In file included from /home/baidu/scrapanium-experiments/scrapanium-wss-recv-cold-20260924/build/wss-recv-coalescing/backend-work/build/deps/src/curl/lib/vdns/asyn.h:29:
In file included from /home/baidu/scrapanium-experiments/scrapanium-wss-recv-cold-20260924/build/wss-recv-coalescing/backend-work/build/deps/src/curl/lib/vdns/httpsrr.h:29:
/home/baidu/scrapanium-experiments/scrapanium-wss-recv-cold-20260924/build/wss-recv-coalescing/backend-work/build/deps/install/include/ares.h:421:19: warning: identifier '_S6_u8' is reserved because it starts with '_' followed by a capital letter [-Wreserved-identifier]
  421 |     unsigned char _S6_u8[16];
      |                   ^
/home/baidu/scrapanium-experiments/scrapanium-wss-recv-cold-20260924/build/wss-recv-coalescing/backend-work/build/deps/install/include/ares.h:422:5: warning: identifier '_S6_un' is reserved because it starts with '_' followed by a capital letter [-Wreserved-identifier]
  422 |   } _S6_un;
      |     ^
2 warnings generated.
[108/443] Building C object lib/CMakeFiles/libcurl_static.dir/socks_sspi.c.o
[109/443] Building C object lib/CMakeFiles/libcurl_static.dir/strcase.c.o
[110/443] Building C object lib/CMakeFiles/libcurl_static.dir/smtp.c.o
In file included from /home/baidu/scrapanium-experiments/scrapanium-wss-recv-cold-20260924/build/wss-recv-coalescing/backend-work/build/deps/src/curl/lib/smtp.c:42:
In file included from /home/baidu/scrapanium-experiments/scrapanium-wss-recv-cold-20260924/build/wss-recv-coalescing/backend-work/build/deps/src/curl/lib/urldata.h:73:
In file included from /home/baidu/scrapanium-experiments/scrapanium-wss-recv-cold-20260924/build/wss-recv-coalescing/backend-work/build/deps/src/curl/lib/vdns/asyn.h:29:
In file included from /home/baidu/scrapanium-experiments/scrapanium-wss-recv-cold-20260924/build/wss-recv-coalescing/backend-work/build/deps/src/curl/lib/vdns/httpsrr.h:29:
/home/baidu/scrapanium-experiments/scrapanium-wss-recv-cold-20260924/build/wss-recv-coalescing/backend-work/build/deps/install/include/ares.h:421:19: warning: identifier '_S6_u8' is reserved because it starts with '_' followed by a capital letter [-Wreserved-identifier]
  421 |     unsigned char _S6_u8[16];
      |                   ^
/home/baidu/scrapanium-experiments/scrapanium-wss-recv-cold-20260924/build/wss-recv-coalescing/backend-work/build/deps/install/include/ares.h:422:5: warning: identifier '_S6_un' is reserved because it starts with '_' followed by a capital letter [-Wreserved-identifier]
  422 |   } _S6_un;
      |     ^
2 warnings generated.
[111/443] Building C object lib/CMakeFiles/libcurl_static.dir/splay.c.o
In file included from /home/baidu/scrapanium-experiments/scrapanium-wss-recv-cold-20260924/build/wss-recv-coalescing/backend-work/build/deps/src/curl/lib/splay.c:26:
In file included from /home/baidu/scrapanium-experiments/scrapanium-wss-recv-cold-20260924/build/wss-recv-coalescing/backend-work/build/deps/src/curl/lib/urldata.h:73:
In file included from /home/baidu/scrapanium-experiments/scrapanium-wss-recv-cold-20260924/build/wss-recv-coalescing/backend-work/build/deps/src/curl/lib/vdns/asyn.h:29:
In file included from /home/baidu/scrapanium-experiments/scrapanium-wss-recv-cold-20260924/build/wss-recv-coalescing/backend-work/build/deps/src/curl/lib/vdns/httpsrr.h:29:
/home/baidu/scrapanium-experiments/scrapanium-wss-recv-cold-20260924/build/wss-recv-coalescing/backend-work/build/deps/install/include/ares.h:421:19: warning: identifier '_S6_u8' is reserved because it starts with '_' followed by a capital letter [-Wreserved-identifier]
  421 |     unsigned char _S6_u8[16];
      |                   ^
/home/baidu/scrapanium-experiments/scrapanium-wss-recv-cold-20260924/build/wss-recv-coalescing/backend-work/build/deps/install/include/ares.h:422:5: warning: identifier '_S6_un' is reserved because it starts with '_' followed by a capital letter [-Wreserved-identifier]
  422 |   } _S6_un;
      |     ^
2 warnings generated.
[112/443] Building C object lib/CMakeFiles/libcurl_static.dir/socks.c.o
In file included from /home/baidu/scrapanium-experiments/scrapanium-wss-recv-cold-20260924/build/wss-recv-coalescing/backend-work/build/deps/src/curl/lib/socks.c:35:
In file included from /home/baidu/scrapanium-experiments/scrapanium-wss-recv-cold-20260924/build/wss-recv-coalescing/backend-work/build/deps/src/curl/lib/urldata.h:73:
In file included from /home/baidu/scrapanium-experiments/scrapanium-wss-recv-cold-20260924/build/wss-recv-coalescing/backend-work/build/deps/src/curl/lib/vdns/asyn.h:29:
In file included from /home/baidu/scrapanium-experiments/scrapanium-wss-recv-cold-20260924/build/wss-recv-coalescing/backend-work/build/deps/src/curl/lib/vdns/httpsrr.h:29:
/home/baidu/scrapanium-experiments/scrapanium-wss-recv-cold-20260924/build/wss-recv-coalescing/backend-work/build/deps/install/include/ares.h:421:19: warning: identifier '_S6_u8' is reserved because it starts with '_' followed by a capital letter [-Wreserved-identifier]
  421 |     unsigned char _S6_u8[16];
      |                   ^
/home/baidu/scrapanium-experiments/scrapanium-wss-recv-cold-20260924/build/wss-recv-coalescing/backend-work/build/deps/install/include/ares.h:422:5: warning: identifier '_S6_un' is reserved because it starts with '_' followed by a capital letter [-Wreserved-identifier]
  422 |   } _S6_un;
      |     ^
2 warnings generated.
[113/443] Building C object lib/CMakeFiles/libcurl_static.dir/strequal.c.o
[114/443] Building C object lib/CMakeFiles/libcurl_static.dir/strerror.c.o
[115/443] Building C object lib/CMakeFiles/libcurl_static.dir/system_win32.c.o
[116/443] Building C object lib/CMakeFiles/libcurl_static.dir/thrdpool.c.o
[117/443] Building C object lib/CMakeFiles/libcurl_static.dir/thrdqueue.c.o
[118/443] Building C object lib/CMakeFiles/libcurl_static.dir/uint-bset.c.o
[119/443] Building C object lib/CMakeFiles/libcurl_static.dir/tftp.c.o
In file included from /home/baidu/scrapanium-experiments/scrapanium-wss-recv-cold-20260924/build/wss-recv-coalescing/backend-work/build/deps/src/curl/lib/tftp.c:25:
In file included from /home/baidu/scrapanium-experiments/scrapanium-wss-recv-cold-20260924/build/wss-recv-coalescing/backend-work/build/deps/src/curl/lib/urldata.h:73:
In file included from /home/baidu/scrapanium-experiments/scrapanium-wss-recv-cold-20260924/build/wss-recv-coalescing/backend-work/build/deps/src/curl/lib/vdns/asyn.h:29:
In file included from /home/baidu/scrapanium-experiments/scrapanium-wss-recv-cold-20260924/build/wss-recv-coalescing/backend-work/build/deps/src/curl/lib/vdns/httpsrr.h:29:
/home/baidu/scrapanium-experiments/scrapanium-wss-recv-cold-20260924/build/wss-recv-coalescing/backend-work/build/deps/install/include/ares.h:421:19: warning: identifier '_S6_u8' is reserved because it starts with '_' followed by a capital letter [-Wreserved-identifier]
  421 |     unsigned char _S6_u8[16];
      |                   ^
/home/baidu/scrapanium-experiments/scrapanium-wss-recv-cold-20260924/build/wss-recv-coalescing/backend-work/build/deps/install/include/ares.h:422:5: warning: identifier '_S6_un' is reserved because it starts with '_' followed by a capital letter [-Wreserved-identifier]
  422 |   } _S6_un;
      |     ^
2 warnings generated.
[120/443] Building C object lib/CMakeFiles/libcurl_static.dir/uint-hash.c.o
[121/443] Building C object lib/CMakeFiles/libcurl_static.dir/transfer.c.o
In file included from /home/baidu/scrapanium-experiments/scrapanium-wss-recv-cold-20260924/build/wss-recv-coalescing/backend-work/build/deps/src/curl/lib/transfer.c:57:
In file included from /home/baidu/scrapanium-experiments/scrapanium-wss-recv-cold-20260924/build/wss-recv-coalescing/backend-work/build/deps/src/curl/lib/urldata.h:73:
In file included from /home/baidu/scrapanium-experiments/scrapanium-wss-recv-cold-20260924/build/wss-recv-coalescing/backend-work/build/deps/src/curl/lib/vdns/asyn.h:29:
In file included from /home/baidu/scrapanium-experiments/scrapanium-wss-recv-cold-20260924/build/wss-recv-coalescing/backend-work/build/deps/src/curl/lib/vdns/httpsrr.h:29:
/home/baidu/scrapanium-experiments/scrapanium-wss-recv-cold-20260924/build/wss-recv-coalescing/backend-work/build/deps/install/include/ares.h:421:19: warning: identifier '_S6_u8' is reserved because it starts with '_' followed by a capital letter [-Wreserved-identifier]
  421 |     unsigned char _S6_u8[16];
      |                   ^
/home/baidu/scrapanium-experiments/scrapanium-wss-recv-cold-20260924/build/wss-recv-coalescing/backend-work/build/deps/install/include/ares.h:422:5: warning: identifier '_S6_un' is reserved because it starts with '_' followed by a capital letter [-Wreserved-identifier]
  422 |   } _S6_un;
      |     ^
/home/baidu/scrapanium-experiments/scrapanium-wss-recv-cold-20260924/build/wss-recv-coalescing/backend-work/build/deps/src/curl/lib/transfer.c:89:64: warning: cast from 'const struct Curl_easy *' to 'struct Curl_easy *' drops const qualifier [-Wcast-qual]
   89 |   if(data->conn && (Curl_conn_http_version((struct Curl_easy *)data,
      |                                                                ^
3 warnings generated.
[122/443] Building C object lib/CMakeFiles/libcurl_static.dir/telnet.c.o
In file included from /home/baidu/scrapanium-experiments/scrapanium-wss-recv-cold-20260924/build/wss-recv-coalescing/backend-work/build/deps/src/curl/lib/telnet.c:25:
In file included from /home/baidu/scrapanium-experiments/scrapanium-wss-recv-cold-20260924/build/wss-recv-coalescing/backend-work/build/deps/src/curl/lib/urldata.h:73:
In file included from /home/baidu/scrapanium-experiments/scrapanium-wss-recv-cold-20260924/build/wss-recv-coalescing/backend-work/build/deps/src/curl/lib/vdns/asyn.h:29:
In file included from /home/baidu/scrapanium-experiments/scrapanium-wss-recv-cold-20260924/build/wss-recv-coalescing/backend-work/build/deps/src/curl/lib/vdns/httpsrr.h:29:
/home/baidu/scrapanium-experiments/scrapanium-wss-recv-cold-20260924/build/wss-recv-coalescing/backend-work/build/deps/install/include/ares.h:421:19: warning: identifier '_S6_u8' is reserved because it starts with '_' followed by a capital letter [-Wreserved-identifier]
  421 |     unsigned char _S6_u8[16];
      |                   ^
/home/baidu/scrapanium-experiments/scrapanium-wss-recv-cold-20260924/build/wss-recv-coalescing/backend-work/build/deps/install/include/ares.h:422:5: warning: identifier '_S6_un' is reserved because it starts with '_' followed by a capital letter [-Wreserved-identifier]
  422 |   } _S6_un;
      |     ^
2 warnings generated.
[123/443] Building C object lib/CMakeFiles/libcurl_static.dir/uint-hashset.c.o
[124/443] Building C object lib/CMakeFiles/libcurl_static.dir/uint-spbset.c.o
[125/443] Building C object lib/CMakeFiles/libcurl_static.dir/uint-table.c.o
[126/443] Building C object lib/CMakeFiles/libcurl_static.dir/version.c.o
In file included from /home/baidu/scrapanium-experiments/scrapanium-wss-recv-cold-20260924/build/wss-recv-coalescing/backend-work/build/deps/src/curl/lib/version.c:30:
In file included from /home/baidu/scrapanium-experiments/scrapanium-wss-recv-cold-20260924/build/wss-recv-coalescing/backend-work/build/deps/src/curl/lib/urldata.h:73:
In file included from /home/baidu/scrapanium-experiments/scrapanium-wss-recv-cold-20260924/build/wss-recv-coalescing/backend-work/build/deps/src/curl/lib/vdns/asyn.h:29:
In file included from /home/baidu/scrapanium-experiments/scrapanium-wss-recv-cold-20260924/build/wss-recv-coalescing/backend-work/build/deps/src/curl/lib/vdns/httpsrr.h:29:
/home/baidu/scrapanium-experiments/scrapanium-wss-recv-cold-20260924/build/wss-recv-coalescing/backend-work/build/deps/install/include/ares.h:421:19: warning: identifier '_S6_u8' is reserved because it starts with '_' followed by a capital letter [-Wreserved-identifier]
  421 |     unsigned char _S6_u8[16];
      |                   ^
/home/baidu/scrapanium-experiments/scrapanium-wss-recv-cold-20260924/build/wss-recv-coalescing/backend-work/build/deps/install/include/ares.h:422:5: warning: identifier '_S6_un' is reserved because it starts with '_' followed by a capital letter [-Wreserved-identifier]
  422 |   } _S6_un;
      |     ^
2 warnings generated.
[127/443] Building C object lib/CMakeFiles/libcurl_static.dir/vauth/cleartext.c.o
In file included from /home/baidu/scrapanium-experiments/scrapanium-wss-recv-cold-20260924/build/wss-recv-coalescing/backend-work/build/deps/src/curl/lib/vauth/cleartext.c:33:
In file included from /home/baidu/scrapanium-experiments/scrapanium-wss-recv-cold-20260924/build/wss-recv-coalescing/backend-work/build/deps/src/curl/lib/vauth/vauth.h:30:
In file included from /home/baidu/scrapanium-experiments/scrapanium-wss-recv-cold-20260924/build/wss-recv-coalescing/backend-work/build/deps/src/curl/lib/urldata.h:73:
In file included from /home/baidu/scrapanium-experiments/scrapanium-wss-recv-cold-20260924/build/wss-recv-coalescing/backend-work/build/deps/src/curl/lib/vdns/asyn.h:29:
In file included from /home/baidu/scrapanium-experiments/scrapanium-wss-recv-cold-20260924/build/wss-recv-coalescing/backend-work/build/deps/src/curl/lib/vdns/httpsrr.h:29:
/home/baidu/scrapanium-experiments/scrapanium-wss-recv-cold-20260924/build/wss-recv-coalescing/backend-work/build/deps/install/include/ares.h:421:19: warning: identifier '_S6_u8' is reserved because it starts with '_' followed by a capital letter [-Wreserved-identifier]
  421 |     unsigned char _S6_u8[16];
      |                   ^
/home/baidu/scrapanium-experiments/scrapanium-wss-recv-cold-20260924/build/wss-recv-coalescing/backend-work/build/deps/install/include/ares.h:422:5: warning: identifier '_S6_un' is reserved because it starts with '_' followed by a capital letter [-Wreserved-identifier]
  422 |   } _S6_un;
      |     ^
2 warnings generated.
[128/443] Building C object lib/CMakeFiles/libcurl_static.dir/url.c.o
In file included from /home/baidu/scrapanium-experiments/scrapanium-wss-recv-cold-20260924/build/wss-recv-coalescing/backend-work/build/deps/src/curl/lib/url.c:68:
In file included from /home/baidu/scrapanium-experiments/scrapanium-wss-recv-cold-20260924/build/wss-recv-coalescing/backend-work/build/deps/src/curl/lib/urldata.h:73:
In file included from /home/baidu/scrapanium-experiments/scrapanium-wss-recv-cold-20260924/build/wss-recv-coalescing/backend-work/build/deps/src/curl/lib/vdns/asyn.h:29:
In file included from /home/baidu/scrapanium-experiments/scrapanium-wss-recv-cold-20260924/build/wss-recv-coalescing/backend-work/build/deps/src/curl/lib/vdns/httpsrr.h:29:
/home/baidu/scrapanium-experiments/scrapanium-wss-recv-cold-20260924/build/wss-recv-coalescing/backend-work/build/deps/install/include/ares.h:421:19: warning: identifier '_S6_u8' is reserved because it starts with '_' followed by a capital letter [-Wreserved-identifier]
  421 |     unsigned char _S6_u8[16];
      |                   ^
/home/baidu/scrapanium-experiments/scrapanium-wss-recv-cold-20260924/build/wss-recv-coalescing/backend-work/build/deps/install/include/ares.h:422:5: warning: identifier '_S6_un' is reserved because it starts with '_' followed by a capital letter [-Wreserved-identifier]
  422 |   } _S6_un;
      |     ^
2 warnings generated.
[129/443] Building C object lib/CMakeFiles/libcurl_static.dir/vauth/cram.c.o
In file included from /home/baidu/scrapanium-experiments/scrapanium-wss-recv-cold-20260924/build/wss-recv-coalescing/backend-work/build/deps/src/curl/lib/vauth/cram.c:30:
In file included from /home/baidu/scrapanium-experiments/scrapanium-wss-recv-cold-20260924/build/wss-recv-coalescing/backend-work/build/deps/src/curl/lib/vauth/vauth.h:30:
In file included from /home/baidu/scrapanium-experiments/scrapanium-wss-recv-cold-20260924/build/wss-recv-coalescing/backend-work/build/deps/src/curl/lib/urldata.h:73:
In file included from /home/baidu/scrapanium-experiments/scrapanium-wss-recv-cold-20260924/build/wss-recv-coalescing/backend-work/build/deps/src/curl/lib/vdns/asyn.h:29:
In file included from /home/baidu/scrapanium-experiments/scrapanium-wss-recv-cold-20260924/build/wss-recv-coalescing/backend-work/build/deps/src/curl/lib/vdns/httpsrr.h:29:
/home/baidu/scrapanium-experiments/scrapanium-wss-recv-cold-20260924/build/wss-recv-coalescing/backend-work/build/deps/install/include/ares.h:421:19: warning: identifier '_S6_u8' is reserved because it starts with '_' followed by a capital letter [-Wreserved-identifier]
  421 |     unsigned char _S6_u8[16];
      |                   ^
/home/baidu/scrapanium-experiments/scrapanium-wss-recv-cold-20260924/build/wss-recv-coalescing/backend-work/build/deps/install/include/ares.h:422:5: warning: identifier '_S6_un' is reserved because it starts with '_' followed by a capital letter [-Wreserved-identifier]
  422 |   } _S6_un;
      |     ^
2 warnings generated.
[130/443] Building C object lib/CMakeFiles/libcurl_static.dir/vauth/digest_sspi.c.o
[131/443] Building C object lib/CMakeFiles/libcurl_static.dir/urlapi.c.o
In file included from /home/baidu/scrapanium-experiments/scrapanium-wss-recv-cold-20260924/build/wss-recv-coalescing/backend-work/build/deps/src/curl/lib/urlapi.c:26:
In file included from /home/baidu/scrapanium-experiments/scrapanium-wss-recv-cold-20260924/build/wss-recv-coalescing/backend-work/build/deps/src/curl/lib/urldata.h:73:
In file included from /home/baidu/scrapanium-experiments/scrapanium-wss-recv-cold-20260924/build/wss-recv-coalescing/backend-work/build/deps/src/curl/lib/vdns/asyn.h:29:
In file included from /home/baidu/scrapanium-experiments/scrapanium-wss-recv-cold-20260924/build/wss-recv-coalescing/backend-work/build/deps/src/curl/lib/vdns/httpsrr.h:29:
/home/baidu/scrapanium-experiments/scrapanium-wss-recv-cold-20260924/build/wss-recv-coalescing/backend-work/build/deps/install/include/ares.h:421:19: warning: identifier '_S6_u8' is reserved because it starts with '_' followed by a capital letter [-Wreserved-identifier]
  421 |     unsigned char _S6_u8[16];
      |                   ^
/home/baidu/scrapanium-experiments/scrapanium-wss-recv-cold-20260924/build/wss-recv-coalescing/backend-work/build/deps/install/include/ares.h:422:5: warning: identifier '_S6_un' is reserved because it starts with '_' followed by a capital letter [-Wreserved-identifier]
  422 |   } _S6_un;
      |     ^
2 warnings generated.
[132/443] Building C object lib/CMakeFiles/libcurl_static.dir/vauth/gsasl.c.o
[133/443] Building C object lib/CMakeFiles/libcurl_static.dir/vauth/digest.c.o
In file included from /home/baidu/scrapanium-experiments/scrapanium-wss-recv-cold-20260924/build/wss-recv-coalescing/backend-work/build/deps/src/curl/lib/vauth/digest.c:31:
In file included from /home/baidu/scrapanium-experiments/scrapanium-wss-recv-cold-20260924/build/wss-recv-coalescing/backend-work/build/deps/src/curl/lib/vauth/vauth.h:30:
In file included from /home/baidu/scrapanium-experiments/scrapanium-wss-recv-cold-20260924/build/wss-recv-coalescing/backend-work/build/deps/src/curl/lib/urldata.h:73:
In file included from /home/baidu/scrapanium-experiments/scrapanium-wss-recv-cold-20260924/build/wss-recv-coalescing/backend-work/build/deps/src/curl/lib/vdns/asyn.h:29:
In file included from /home/baidu/scrapanium-experiments/scrapanium-wss-recv-cold-20260924/build/wss-recv-coalescing/backend-work/build/deps/src/curl/lib/vdns/httpsrr.h:29:
/home/baidu/scrapanium-experiments/scrapanium-wss-recv-cold-20260924/build/wss-recv-coalescing/backend-work/build/deps/install/include/ares.h:421:19: warning: identifier '_S6_u8' is reserved because it starts with '_' followed by a capital letter [-Wreserved-identifier]
  421 |     unsigned char _S6_u8[16];
      |                   ^
/home/baidu/scrapanium-experiments/scrapanium-wss-recv-cold-20260924/build/wss-recv-coalescing/backend-work/build/deps/install/include/ares.h:422:5: warning: identifier '_S6_un' is reserved because it starts with '_' followed by a capital letter [-Wreserved-identifier]
  422 |   } _S6_un;
      |     ^
2 warnings generated.
[134/443] Building C object lib/CMakeFiles/libcurl_static.dir/vauth/krb5_gssapi.c.o
[135/443] Building C object lib/CMakeFiles/libcurl_static.dir/vauth/krb5_sspi.c.o
[136/443] Building C object lib/CMakeFiles/libcurl_static.dir/vauth/ntlm.c.o
[137/443] Building C object lib/CMakeFiles/libcurl_static.dir/vauth/ntlm_sspi.c.o
[138/443] Building C object lib/CMakeFiles/libcurl_static.dir/vauth/oauth2.c.o
In file included from /home/baidu/scrapanium-experiments/scrapanium-wss-recv-cold-20260924/build/wss-recv-coalescing/backend-work/build/deps/src/curl/lib/vauth/oauth2.c:32:
In file included from /home/baidu/scrapanium-experiments/scrapanium-wss-recv-cold-20260924/build/wss-recv-coalescing/backend-work/build/deps/src/curl/lib/vauth/vauth.h:30:
In file included from /home/baidu/scrapanium-experiments/scrapanium-wss-recv-cold-20260924/build/wss-recv-coalescing/backend-work/build/deps/src/curl/lib/urldata.h:73:
In file included from /home/baidu/scrapanium-experiments/scrapanium-wss-recv-cold-20260924/build/wss-recv-coalescing/backend-work/build/deps/src/curl/lib/vdns/asyn.h:29:
In file included from /home/baidu/scrapanium-experiments/scrapanium-wss-recv-cold-20260924/build/wss-recv-coalescing/backend-work/build/deps/src/curl/lib/vdns/httpsrr.h:29:
/home/baidu/scrapanium-experiments/scrapanium-wss-recv-cold-20260924/build/wss-recv-coalescing/backend-work/build/deps/install/include/ares.h:421:19: warning: identifier '_S6_u8' is reserved because it starts with '_' followed by a capital letter [-Wreserved-identifier]
  421 |     unsigned char _S6_u8[16];
      |                   ^
/home/baidu/scrapanium-experiments/scrapanium-wss-recv-cold-20260924/build/wss-recv-coalescing/backend-work/build/deps/install/include/ares.h:422:5: warning: identifier '_S6_un' is reserved because it starts with '_' followed by a capital letter [-Wreserved-identifier]
  422 |   } _S6_un;
      |     ^
2 warnings generated.
[139/443] Building C object lib/CMakeFiles/libcurl_static.dir/vauth/spnego_gssapi.c.o
[140/443] Building C object lib/CMakeFiles/libcurl_static.dir/vauth/spnego_sspi.c.o
[141/443] Building C object lib/CMakeFiles/libcurl_static.dir/vauth/vauth.c.o
In file included from /home/baidu/scrapanium-experiments/scrapanium-wss-recv-cold-20260924/build/wss-recv-coalescing/backend-work/build/deps/src/curl/lib/vauth/vauth.c:26:
In file included from /home/baidu/scrapanium-experiments/scrapanium-wss-recv-cold-20260924/build/wss-recv-coalescing/backend-work/build/deps/src/curl/lib/vauth/vauth.h:30:
In file included from /home/baidu/scrapanium-experiments/scrapanium-wss-recv-cold-20260924/build/wss-recv-coalescing/backend-work/build/deps/src/curl/lib/urldata.h:73:
In file included from /home/baidu/scrapanium-experiments/scrapanium-wss-recv-cold-20260924/build/wss-recv-coalescing/backend-work/build/deps/src/curl/lib/vdns/asyn.h:29:
In file included from /home/baidu/scrapanium-experiments/scrapanium-wss-recv-cold-20260924/build/wss-recv-coalescing/backend-work/build/deps/src/curl/lib/vdns/httpsrr.h:29:
/home/baidu/scrapanium-experiments/scrapanium-wss-recv-cold-20260924/build/wss-recv-coalescing/backend-work/build/deps/install/include/ares.h:421:19: warning: identifier '_S6_u8' is reserved because it starts with '_' followed by a capital letter [-Wreserved-identifier]
  421 |     unsigned char _S6_u8[16];
      |                   ^
/home/baidu/scrapanium-experiments/scrapanium-wss-recv-cold-20260924/build/wss-recv-coalescing/backend-work/build/deps/install/include/ares.h:422:5: warning: identifier '_S6_un' is reserved because it starts with '_' followed by a capital letter [-Wreserved-identifier]
  422 |   } _S6_un;
      |     ^
2 warnings generated.
[142/443] Building C object lib/CMakeFiles/libcurl_static.dir/ws.c.o
In file included from /home/baidu/scrapanium-experiments/scrapanium-wss-recv-cold-20260924/build/wss-recv-coalescing/backend-work/build/deps/src/curl/lib/ws.c:25:
In file included from /home/baidu/scrapanium-experiments/scrapanium-wss-recv-cold-20260924/build/wss-recv-coalescing/backend-work/build/deps/src/curl/lib/urldata.h:73:
In file included from /home/baidu/scrapanium-experiments/scrapanium-wss-recv-cold-20260924/build/wss-recv-coalescing/backend-work/build/deps/src/curl/lib/vdns/asyn.h:29:
In file included from /home/baidu/scrapanium-experiments/scrapanium-wss-recv-cold-20260924/build/wss-recv-coalescing/backend-work/build/deps/src/curl/lib/vdns/httpsrr.h:29:
/home/baidu/scrapanium-experiments/scrapanium-wss-recv-cold-20260924/build/wss-recv-coalescing/backend-work/build/deps/install/include/ares.h:421:19: warning: identifier '_S6_u8' is reserved because it starts with '_' followed by a capital letter [-Wreserved-identifier]
  421 |     unsigned char _S6_u8[16];
      |                   ^
/home/baidu/scrapanium-experiments/scrapanium-wss-recv-cold-20260924/build/wss-recv-coalescing/backend-work/build/deps/install/include/ares.h:422:5: warning: identifier '_S6_un' is reserved because it starts with '_' followed by a capital letter [-Wreserved-identifier]
  422 |   } _S6_un;
      |     ^
2 warnings generated.
[143/443] Building C object lib/CMakeFiles/libcurl_static.dir/vdns/asyn-thrdd.c.o
[144/443] Building C object lib/CMakeFiles/libcurl_static.dir/vdns/asyn-base.c.o
In file included from /home/baidu/scrapanium-experiments/scrapanium-wss-recv-cold-20260924/build/wss-recv-coalescing/backend-work/build/deps/src/curl/lib/vdns/asyn-base.c:41:
/home/baidu/scrapanium-experiments/scrapanium-wss-recv-cold-20260924/build/wss-recv-coalescing/backend-work/build/deps/install/include/ares.h:421:19: warning: identifier '_S6_u8' is reserved because it starts with '_' followed by a capital letter [-Wreserved-identifier]
  421 |     unsigned char _S6_u8[16];
      |                   ^
/home/baidu/scrapanium-experiments/scrapanium-wss-recv-cold-20260924/build/wss-recv-coalescing/backend-work/build/deps/install/include/ares.h:422:5: warning: identifier '_S6_un' is reserved because it starts with '_' followed by a capital letter [-Wreserved-identifier]
  422 |   } _S6_un;
      |     ^
2 warnings generated.
[145/443] Building C object lib/CMakeFiles/libcurl_static.dir/vdns/asyn-ares.c.o
In file included from /home/baidu/scrapanium-experiments/scrapanium-wss-recv-cold-20260924/build/wss-recv-coalescing/backend-work/build/deps/src/curl/lib/vdns/asyn-ares.c:48:
In file included from /home/baidu/scrapanium-experiments/scrapanium-wss-recv-cold-20260924/build/wss-recv-coalescing/backend-work/build/deps/src/curl/lib/urldata.h:73:
In file included from /home/baidu/scrapanium-experiments/scrapanium-wss-recv-cold-20260924/build/wss-recv-coalescing/backend-work/build/deps/src/curl/lib/vdns/asyn.h:29:
In file included from /home/baidu/scrapanium-experiments/scrapanium-wss-recv-cold-20260924/build/wss-recv-coalescing/backend-work/build/deps/src/curl/lib/vdns/httpsrr.h:29:
/home/baidu/scrapanium-experiments/scrapanium-wss-recv-cold-20260924/build/wss-recv-coalescing/backend-work/build/deps/install/include/ares.h:421:19: warning: identifier '_S6_u8' is reserved because it starts with '_' followed by a capital letter [-Wreserved-identifier]
  421 |     unsigned char _S6_u8[16];
      |                   ^
/home/baidu/scrapanium-experiments/scrapanium-wss-recv-cold-20260924/build/wss-recv-coalescing/backend-work/build/deps/install/include/ares.h:422:5: warning: identifier '_S6_un' is reserved because it starts with '_' followed by a capital letter [-Wreserved-identifier]
  422 |   } _S6_un;
      |     ^
2 warnings generated.
[146/443] Building C object lib/CMakeFiles/libcurl_static.dir/vdns/cf-dns.c.o
In file included from /home/baidu/scrapanium-experiments/scrapanium-wss-recv-cold-20260924/build/wss-recv-coalescing/backend-work/build/deps/src/curl/lib/vdns/cf-dns.c:26:
In file included from /home/baidu/scrapanium-experiments/scrapanium-wss-recv-cold-20260924/build/wss-recv-coalescing/backend-work/build/deps/src/curl/lib/urldata.h:73:
In file included from /home/baidu/scrapanium-experiments/scrapanium-wss-recv-cold-20260924/build/wss-recv-coalescing/backend-work/build/deps/src/curl/lib/vdns/asyn.h:29:
In file included from /home/baidu/scrapanium-experiments/scrapanium-wss-recv-cold-20260924/build/wss-recv-coalescing/backend-work/build/deps/src/curl/lib/vdns/httpsrr.h:29:
/home/baidu/scrapanium-experiments/scrapanium-wss-recv-cold-20260924/build/wss-recv-coalescing/backend-work/build/deps/install/include/ares.h:421:19: warning: identifier '_S6_u8' is reserved because it starts with '_' followed by a capital letter [-Wreserved-identifier]
  421 |     unsigned char _S6_u8[16];
      |                   ^
/home/baidu/scrapanium-experiments/scrapanium-wss-recv-cold-20260924/build/wss-recv-coalescing/backend-work/build/deps/install/include/ares.h:422:5: warning: identifier '_S6_un' is reserved because it starts with '_' followed by a capital letter [-Wreserved-identifier]
  422 |   } _S6_un;
      |     ^
2 warnings generated.
[147/443] Building C object lib/CMakeFiles/libcurl_static.dir/vdns/hostip4.c.o
[148/443] Building C object lib/CMakeFiles/libcurl_static.dir/vdns/dnscache.c.o
In file included from /home/baidu/scrapanium-experiments/scrapanium-wss-recv-cold-20260924/build/wss-recv-coalescing/backend-work/build/deps/src/curl/lib/vdns/dnscache.c:43:
In file included from /home/baidu/scrapanium-experiments/scrapanium-wss-recv-cold-20260924/build/wss-recv-coalescing/backend-work/build/deps/src/curl/lib/urldata.h:73:
In file included from /home/baidu/scrapanium-experiments/scrapanium-wss-recv-cold-20260924/build/wss-recv-coalescing/backend-work/build/deps/src/curl/lib/vdns/asyn.h:29:
In file included from /home/baidu/scrapanium-experiments/scrapanium-wss-recv-cold-20260924/build/wss-recv-coalescing/backend-work/build/deps/src/curl/lib/vdns/httpsrr.h:29:
/home/baidu/scrapanium-experiments/scrapanium-wss-recv-cold-20260924/build/wss-recv-coalescing/backend-work/build/deps/install/include/ares.h:421:19: warning: identifier '_S6_u8' is reserved because it starts with '_' followed by a capital letter [-Wreserved-identifier]
  421 |     unsigned char _S6_u8[16];
      |                   ^
/home/baidu/scrapanium-experiments/scrapanium-wss-recv-cold-20260924/build/wss-recv-coalescing/backend-work/build/deps/install/include/ares.h:422:5: warning: identifier '_S6_un' is reserved because it starts with '_' followed by a capital letter [-Wreserved-identifier]
  422 |   } _S6_un;
      |     ^
2 warnings generated.
[149/443] Building C object lib/CMakeFiles/libcurl_static.dir/vdns/hostip.c.o
In file included from /home/baidu/scrapanium-experiments/scrapanium-wss-recv-cold-20260924/build/wss-recv-coalescing/backend-work/build/deps/src/curl/lib/vdns/hostip.c:46:
In file included from /home/baidu/scrapanium-experiments/scrapanium-wss-recv-cold-20260924/build/wss-recv-coalescing/backend-work/build/deps/src/curl/lib/urldata.h:73:
In file included from /home/baidu/scrapanium-experiments/scrapanium-wss-recv-cold-20260924/build/wss-recv-coalescing/backend-work/build/deps/src/curl/lib/vdns/asyn.h:29:
In file included from /home/baidu/scrapanium-experiments/scrapanium-wss-recv-cold-20260924/build/wss-recv-coalescing/backend-work/build/deps/src/curl/lib/vdns/httpsrr.h:29:
/home/baidu/scrapanium-experiments/scrapanium-wss-recv-cold-20260924/build/wss-recv-coalescing/backend-work/build/deps/install/include/ares.h:421:19: warning: identifier '_S6_u8' is reserved because it starts with '_' followed by a capital letter [-Wreserved-identifier]
  421 |     unsigned char _S6_u8[16];
      |                   ^
/home/baidu/scrapanium-experiments/scrapanium-wss-recv-cold-20260924/build/wss-recv-coalescing/backend-work/build/deps/install/include/ares.h:422:5: warning: identifier '_S6_un' is reserved because it starts with '_' followed by a capital letter [-Wreserved-identifier]
  422 |   } _S6_un;
      |     ^
2 warnings generated.
[150/443] Building C object lib/CMakeFiles/libcurl_static.dir/vdns/hostip6.c.o
In file included from /home/baidu/scrapanium-experiments/scrapanium-wss-recv-cold-20260924/build/wss-recv-coalescing/backend-work/build/deps/src/curl/lib/vdns/hostip6.c:45:
In file included from /home/baidu/scrapanium-experiments/scrapanium-wss-recv-cold-20260924/build/wss-recv-coalescing/backend-work/build/deps/src/curl/lib/urldata.h:73:
In file included from /home/baidu/scrapanium-experiments/scrapanium-wss-recv-cold-20260924/build/wss-recv-coalescing/backend-work/build/deps/src/curl/lib/vdns/asyn.h:29:
In file included from /home/baidu/scrapanium-experiments/scrapanium-wss-recv-cold-20260924/build/wss-recv-coalescing/backend-work/build/deps/src/curl/lib/vdns/httpsrr.h:29:
/home/baidu/scrapanium-experiments/scrapanium-wss-recv-cold-20260924/build/wss-recv-coalescing/backend-work/build/deps/install/include/ares.h:421:19: warning: identifier '_S6_u8' is reserved because it starts with '_' followed by a capital letter [-Wreserved-identifier]
  421 |     unsigned char _S6_u8[16];
      |                   ^
/home/baidu/scrapanium-experiments/scrapanium-wss-recv-cold-20260924/build/wss-recv-coalescing/backend-work/build/deps/install/include/ares.h:422:5: warning: identifier '_S6_un' is reserved because it starts with '_' followed by a capital letter [-Wreserved-identifier]
  422 |   } _S6_un;
      |     ^
2 warnings generated.
[151/443] Building C object lib/CMakeFiles/libcurl_static.dir/vtls/apple.c.o
[152/443] Building C object lib/CMakeFiles/libcurl_static.dir/vdns/httpsrr.c.o
In file included from /home/baidu/scrapanium-experiments/scrapanium-wss-recv-cold-20260924/build/wss-recv-coalescing/backend-work/build/deps/src/curl/lib/vdns/httpsrr.c:28:
In file included from /home/baidu/scrapanium-experiments/scrapanium-wss-recv-cold-20260924/build/wss-recv-coalescing/backend-work/build/deps/src/curl/lib/urldata.h:73:
In file included from /home/baidu/scrapanium-experiments/scrapanium-wss-recv-cold-20260924/build/wss-recv-coalescing/backend-work/build/deps/src/curl/lib/vdns/asyn.h:29:
In file included from /home/baidu/scrapanium-experiments/scrapanium-wss-recv-cold-20260924/build/wss-recv-coalescing/backend-work/build/deps/src/curl/lib/vdns/httpsrr.h:29:
/home/baidu/scrapanium-experiments/scrapanium-wss-recv-cold-20260924/build/wss-recv-coalescing/backend-work/build/deps/install/include/ares.h:421:19: warning: identifier '_S6_u8' is reserved because it starts with '_' followed by a capital letter [-Wreserved-identifier]
  421 |     unsigned char _S6_u8[16];
      |                   ^
/home/baidu/scrapanium-experiments/scrapanium-wss-recv-cold-20260924/build/wss-recv-coalescing/backend-work/build/deps/install/include/ares.h:422:5: warning: identifier '_S6_un' is reserved because it starts with '_' followed by a capital letter [-Wreserved-identifier]
  422 |   } _S6_un;
      |     ^
2 warnings generated.
[153/443] Building C object lib/CMakeFiles/libcurl_static.dir/vtls/cipher_suite.c.o
[154/443] Building C object lib/CMakeFiles/libcurl_static.dir/vtls/gtls.c.o
[155/443] Building C object lib/CMakeFiles/libcurl_static.dir/vtls/hostcheck.c.o
[156/443] Building C object lib/CMakeFiles/libcurl_static.dir/vtls/mbedtls.c.o
[157/443] Building C object lib/CMakeFiles/libcurl_static.dir/vtls/keylog.c.o
[158/443] Building C object lib/CMakeFiles/libcurl_static.dir/vtls/rustls.c.o
[159/443] Building C object lib/CMakeFiles/libcurl_static.dir/vdns/doh.c.o
In file included from /home/baidu/scrapanium-experiments/scrapanium-wss-recv-cold-20260924/build/wss-recv-coalescing/backend-work/build/deps/src/curl/lib/vdns/doh.c:28:
In file included from /home/baidu/scrapanium-experiments/scrapanium-wss-recv-cold-20260924/build/wss-recv-coalescing/backend-work/build/deps/src/curl/lib/urldata.h:73:
In file included from /home/baidu/scrapanium-experiments/scrapanium-wss-recv-cold-20260924/build/wss-recv-coalescing/backend-work/build/deps/src/curl/lib/vdns/asyn.h:29:
In file included from /home/baidu/scrapanium-experiments/scrapanium-wss-recv-cold-20260924/build/wss-recv-coalescing/backend-work/build/deps/src/curl/lib/vdns/httpsrr.h:29:
/home/baidu/scrapanium-experiments/scrapanium-wss-recv-cold-20260924/build/wss-recv-coalescing/backend-work/build/deps/install/include/ares.h:421:19: warning: identifier '_S6_u8' is reserved because it starts with '_' followed by a capital letter [-Wreserved-identifier]
  421 |     unsigned char _S6_u8[16];
      |                   ^
/home/baidu/scrapanium-experiments/scrapanium-wss-recv-cold-20260924/build/wss-recv-coalescing/backend-work/build/deps/install/include/ares.h:422:5: warning: identifier '_S6_un' is reserved because it starts with '_' followed by a capital letter [-Wreserved-identifier]
  422 |   } _S6_un;
      |     ^
2 warnings generated.
[160/443] Building C object lib/CMakeFiles/libcurl_static.dir/vtls/schannel.c.o
[161/443] Building C object lib/CMakeFiles/libcurl_static.dir/vtls/schannel_verify.c.o
[162/443] Building C object lib/CMakeFiles/libcurl_static.dir/vtls/vtls_config.c.o
In file included from /home/baidu/scrapanium-experiments/scrapanium-wss-recv-cold-20260924/build/wss-recv-coalescing/backend-work/build/deps/src/curl/lib/vtls/vtls_config.c:43:
In file included from /home/baidu/scrapanium-experiments/scrapanium-wss-recv-cold-20260924/build/wss-recv-coalescing/backend-work/build/deps/src/curl/lib/urldata.h:73:
In file included from /home/baidu/scrapanium-experiments/scrapanium-wss-recv-cold-20260924/build/wss-recv-coalescing/backend-work/build/deps/src/curl/lib/vdns/asyn.h:29:
In file included from /home/baidu/scrapanium-experiments/scrapanium-wss-recv-cold-20260924/build/wss-recv-coalescing/backend-work/build/deps/src/curl/lib/vdns/httpsrr.h:29:
/home/baidu/scrapanium-experiments/scrapanium-wss-recv-cold-20260924/build/wss-recv-coalescing/backend-work/build/deps/install/include/ares.h:421:19: warning: identifier '_S6_u8' is reserved because it starts with '_' followed by a capital letter [-Wreserved-identifier]
  421 |     unsigned char _S6_u8[16];
      |                   ^
/home/baidu/scrapanium-experiments/scrapanium-wss-recv-cold-20260924/build/wss-recv-coalescing/backend-work/build/deps/install/include/ares.h:422:5: warning: identifier '_S6_un' is reserved because it starts with '_' followed by a capital letter [-Wreserved-identifier]
  422 |   } _S6_un;
      |     ^
2 warnings generated.
[163/443] Building C object lib/CMakeFiles/libcurl_static.dir/vtls/vtls_spack.c.o
In file included from /home/baidu/scrapanium-experiments/scrapanium-wss-recv-cold-20260924/build/wss-recv-coalescing/backend-work/build/deps/src/curl/lib/vtls/vtls_spack.c:28:
In file included from /home/baidu/scrapanium-experiments/scrapanium-wss-recv-cold-20260924/build/wss-recv-coalescing/backend-work/build/deps/src/curl/lib/urldata.h:73:
In file included from /home/baidu/scrapanium-experiments/scrapanium-wss-recv-cold-20260924/build/wss-recv-coalescing/backend-work/build/deps/src/curl/lib/vdns/asyn.h:29:
In file included from /home/baidu/scrapanium-experiments/scrapanium-wss-recv-cold-20260924/build/wss-recv-coalescing/backend-work/build/deps/src/curl/lib/vdns/httpsrr.h:29:
/home/baidu/scrapanium-experiments/scrapanium-wss-recv-cold-20260924/build/wss-recv-coalescing/backend-work/build/deps/install/include/ares.h:421:19: warning: identifier '_S6_u8' is reserved because it starts with '_' followed by a capital letter [-Wreserved-identifier]
  421 |     unsigned char _S6_u8[16];
      |                   ^
/home/baidu/scrapanium-experiments/scrapanium-wss-recv-cold-20260924/build/wss-recv-coalescing/backend-work/build/deps/install/include/ares.h:422:5: warning: identifier '_S6_un' is reserved because it starts with '_' followed by a capital letter [-Wreserved-identifier]
  422 |   } _S6_un;
      |     ^
2 warnings generated.
[164/443] Building C object lib/CMakeFiles/libcurl_static.dir/vtls/vtls_scache.c.o
In file included from /home/baidu/scrapanium-experiments/scrapanium-wss-recv-cold-20260924/build/wss-recv-coalescing/backend-work/build/deps/src/curl/lib/vtls/vtls_scache.c:28:
In file included from /home/baidu/scrapanium-experiments/scrapanium-wss-recv-cold-20260924/build/wss-recv-coalescing/backend-work/build/deps/src/curl/lib/urldata.h:73:
In file included from /home/baidu/scrapanium-experiments/scrapanium-wss-recv-cold-20260924/build/wss-recv-coalescing/backend-work/build/deps/src/curl/lib/vdns/asyn.h:29:
In file included from /home/baidu/scrapanium-experiments/scrapanium-wss-recv-cold-20260924/build/wss-recv-coalescing/backend-work/build/deps/src/curl/lib/vdns/httpsrr.h:29:
/home/baidu/scrapanium-experiments/scrapanium-wss-recv-cold-20260924/build/wss-recv-coalescing/backend-work/build/deps/install/include/ares.h:421:19: warning: identifier '_S6_u8' is reserved because it starts with '_' followed by a capital letter [-Wreserved-identifier]
  421 |     unsigned char _S6_u8[16];
      |                   ^
/home/baidu/scrapanium-experiments/scrapanium-wss-recv-cold-20260924/build/wss-recv-coalescing/backend-work/build/deps/install/include/ares.h:422:5: warning: identifier '_S6_un' is reserved because it starts with '_' followed by a capital letter [-Wreserved-identifier]
  422 |   } _S6_un;
      |     ^
2 warnings generated.
[165/443] Building C object lib/CMakeFiles/libcurl_static.dir/vtls/wolfssl.c.o
[166/443] Building C object lib/CMakeFiles/libcurl_static.dir/vtls/x509asn1.c.o
[167/443] Building C object lib/CMakeFiles/libcurl_static.dir/vtls/vtls.c.o
In file included from /home/baidu/scrapanium-experiments/scrapanium-wss-recv-cold-20260924/build/wss-recv-coalescing/backend-work/build/deps/src/curl/lib/vtls/vtls.c:43:
In file included from /home/baidu/scrapanium-experiments/scrapanium-wss-recv-cold-20260924/build/wss-recv-coalescing/backend-work/build/deps/src/curl/lib/urldata.h:73:
In file included from /home/baidu/scrapanium-experiments/scrapanium-wss-recv-cold-20260924/build/wss-recv-coalescing/backend-work/build/deps/src/curl/lib/vdns/asyn.h:29:
In file included from /home/baidu/scrapanium-experiments/scrapanium-wss-recv-cold-20260924/build/wss-recv-coalescing/backend-work/build/deps/src/curl/lib/vdns/httpsrr.h:29:
/home/baidu/scrapanium-experiments/scrapanium-wss-recv-cold-20260924/build/wss-recv-coalescing/backend-work/build/deps/install/include/ares.h:421:19: warning: identifier '_S6_u8' is reserved because it starts with '_' followed by a capital letter [-Wreserved-identifier]
  421 |     unsigned char _S6_u8[16];
      |                   ^
/home/baidu/scrapanium-experiments/scrapanium-wss-recv-cold-20260924/build/wss-recv-coalescing/backend-work/build/deps/install/include/ares.h:422:5: warning: identifier '_S6_un' is reserved because it starts with '_' followed by a capital letter [-Wreserved-identifier]
  422 |   } _S6_un;
      |     ^
In file included from /home/baidu/scrapanium-experiments/scrapanium-wss-recv-cold-20260924/build/wss-recv-coalescing/backend-work/build/deps/src/curl/lib/vtls/vtls.c:51:
In file included from /home/baidu/scrapanium-experiments/scrapanium-wss-recv-cold-20260924/build/wss-recv-coalescing/backend-work/build/deps/src/curl/lib/vtls/openssl.h:69:
In file included from /home/baidu/scrapanium-experiments/scrapanium-wss-recv-cold-20260924/build/wss-recv-coalescing/backend-work/build/deps/src/boringssl/include/openssl/ssl.h:22:
In file included from /home/baidu/scrapanium-experiments/scrapanium-wss-recv-cold-20260924/build/wss-recv-coalescing/backend-work/build/deps/src/boringssl/include/openssl/bio.h:25:
/home/baidu/scrapanium-experiments/scrapanium-wss-recv-cold-20260924/build/wss-recv-coalescing/backend-work/build/deps/src/boringssl/include/openssl/stack.h:325:23: warning: identifier '_STACK' is reserved because it starts with '_' followed by a capital letter [-Wreserved-identifier]
  325 | typedef OPENSSL_STACK _STACK;
      |                       ^
3 warnings generated.
[168/443] Building C object lib/CMakeFiles/libcurl_static.dir/vquic/capsule.c.o
In file included from /home/baidu/scrapanium-experiments/scrapanium-wss-recv-cold-20260924/build/wss-recv-coalescing/backend-work/build/deps/src/curl/lib/vquic/capsule.c:34:
In file included from /home/baidu/scrapanium-experiments/scrapanium-wss-recv-cold-20260924/build/wss-recv-coalescing/backend-work/build/deps/src/curl/lib/urldata.h:73:
In file included from /home/baidu/scrapanium-experiments/scrapanium-wss-recv-cold-20260924/build/wss-recv-coalescing/backend-work/build/deps/src/curl/lib/vdns/asyn.h:29:
In file included from /home/baidu/scrapanium-experiments/scrapanium-wss-recv-cold-20260924/build/wss-recv-coalescing/backend-work/build/deps/src/curl/lib/vdns/httpsrr.h:29:
/home/baidu/scrapanium-experiments/scrapanium-wss-recv-cold-20260924/build/wss-recv-coalescing/backend-work/build/deps/install/include/ares.h:421:19: warning: identifier '_S6_u8' is reserved because it starts with '_' followed by a capital letter [-Wreserved-identifier]
  421 |     unsigned char _S6_u8[16];
      |                   ^
/home/baidu/scrapanium-experiments/scrapanium-wss-recv-cold-20260924/build/wss-recv-coalescing/backend-work/build/deps/install/include/ares.h:422:5: warning: identifier '_S6_un' is reserved because it starts with '_' followed by a capital letter [-Wreserved-identifier]
  422 |   } _S6_un;
      |     ^
2 warnings generated.
[169/443] Building C object lib/CMakeFiles/libcurl_static.dir/vquic/cf-capsule.c.o
In file included from /home/baidu/scrapanium-experiments/scrapanium-wss-recv-cold-20260924/build/wss-recv-coalescing/backend-work/build/deps/src/curl/lib/vquic/cf-capsule.c:28:
In file included from /home/baidu/scrapanium-experiments/scrapanium-wss-recv-cold-20260924/build/wss-recv-coalescing/backend-work/build/deps/src/curl/lib/urldata.h:73:
In file included from /home/baidu/scrapanium-experiments/scrapanium-wss-recv-cold-20260924/build/wss-recv-coalescing/backend-work/build/deps/src/curl/lib/vdns/asyn.h:29:
In file included from /home/baidu/scrapanium-experiments/scrapanium-wss-recv-cold-20260924/build/wss-recv-coalescing/backend-work/build/deps/src/curl/lib/vdns/httpsrr.h:29:
/home/baidu/scrapanium-experiments/scrapanium-wss-recv-cold-20260924/build/wss-recv-coalescing/backend-work/build/deps/install/include/ares.h:421:19: warning: identifier '_S6_u8' is reserved because it starts with '_' followed by a capital letter [-Wreserved-identifier]
  421 |     unsigned char _S6_u8[16];
      |                   ^
/home/baidu/scrapanium-experiments/scrapanium-wss-recv-cold-20260924/build/wss-recv-coalescing/backend-work/build/deps/install/include/ares.h:422:5: warning: identifier '_S6_un' is reserved because it starts with '_' followed by a capital letter [-Wreserved-identifier]
  422 |   } _S6_un;
      |     ^
2 warnings generated.
[170/443] Building C object lib/CMakeFiles/libcurl_static.dir/vtls/openssl.c.o
In file included from /home/baidu/scrapanium-experiments/scrapanium-wss-recv-cold-20260924/build/wss-recv-coalescing/backend-work/build/deps/src/curl/lib/vtls/openssl.c:32:
In file included from /home/baidu/scrapanium-experiments/scrapanium-wss-recv-cold-20260924/build/wss-recv-coalescing/backend-work/build/deps/src/curl/lib/urldata.h:73:
In file included from /home/baidu/scrapanium-experiments/scrapanium-wss-recv-cold-20260924/build/wss-recv-coalescing/backend-work/build/deps/src/curl/lib/vdns/asyn.h:29:
In file included from /home/baidu/scrapanium-experiments/scrapanium-wss-recv-cold-20260924/build/wss-recv-coalescing/backend-work/build/deps/src/curl/lib/vdns/httpsrr.h:29:
/home/baidu/scrapanium-experiments/scrapanium-wss-recv-cold-20260924/build/wss-recv-coalescing/backend-work/build/deps/install/include/ares.h:421:19: warning: identifier '_S6_u8' is reserved because it starts with '_' followed by a capital letter [-Wreserved-identifier]
  421 |     unsigned char _S6_u8[16];
      |                   ^
/home/baidu/scrapanium-experiments/scrapanium-wss-recv-cold-20260924/build/wss-recv-coalescing/backend-work/build/deps/install/include/ares.h:422:5: warning: identifier '_S6_un' is reserved because it starts with '_' followed by a capital letter [-Wreserved-identifier]
  422 |   } _S6_un;
      |     ^
In file included from /home/baidu/scrapanium-experiments/scrapanium-wss-recv-cold-20260924/build/wss-recv-coalescing/backend-work/build/deps/src/curl/lib/vtls/openssl.c:37:
In file included from /home/baidu/scrapanium-experiments/scrapanium-wss-recv-cold-20260924/build/wss-recv-coalescing/backend-work/build/deps/src/curl/lib/vtls/openssl.h:69:
In file included from /home/baidu/scrapanium-experiments/scrapanium-wss-recv-cold-20260924/build/wss-recv-coalescing/backend-work/build/deps/src/boringssl/include/openssl/ssl.h:22:
In file included from /home/baidu/scrapanium-experiments/scrapanium-wss-recv-cold-20260924/build/wss-recv-coalescing/backend-work/build/deps/src/boringssl/include/openssl/bio.h:25:
/home/baidu/scrapanium-experiments/scrapanium-wss-recv-cold-20260924/build/wss-recv-coalescing/backend-work/build/deps/src/boringssl/include/openssl/stack.h:325:23: warning: identifier '_STACK' is reserved because it starts with '_' followed by a capital letter [-Wreserved-identifier]
  325 | typedef OPENSSL_STACK _STACK;
      |                       ^
/home/baidu/scrapanium-experiments/scrapanium-wss-recv-cold-20260924/build/wss-recv-coalescing/backend-work/build/deps/src/curl/lib/vtls/openssl.c:243:18: warning: variable length array used [-Wvla]
  243 |     char algname[kMaxSignatureAlgorithmNameLen + 1];
      |                  ^~~~~~~~~~~~~~~~~~~~~~~~~~~~~~~~~
/home/baidu/scrapanium-experiments/scrapanium-wss-recv-cold-20260924/build/wss-recv-coalescing/backend-work/build/deps/src/curl/lib/vtls/openssl.c:271:18: warning: comparison of integers of different signs: 'int' and 'unsigned long' [-Wsign-compare]
  271 |     for(i = 0; i < MAX_SIG_ALGS; i++) {
      |                ~ ^ ~~~~~~~~~~~~
/home/baidu/scrapanium-experiments/scrapanium-wss-recv-cold-20260924/build/wss-recv-coalescing/backend-work/build/deps/src/curl/lib/vtls/openssl.c:2593:27: warning: cast from 'const unsigned char *' to 'unsigned char *' drops const qualifier [-Wcast-qual]
 2593 |   strm.next_in = (Bytef *)in;
      |                           ^
/home/baidu/scrapanium-experiments/scrapanium-wss-recv-cold-20260924/build/wss-recv-coalescing/backend-work/build/deps/src/curl/lib/vtls/openssl.c:2577:29: warning: unused parameter 'ssl' [-Wunused-parameter]
 2577 | int DecompressZlibCert(SSL *ssl,
      |                             ^
/home/baidu/scrapanium-experiments/scrapanium-wss-recv-cold-20260924/build/wss-recv-coalescing/backend-work/build/deps/src/curl/lib/vtls/openssl.c:2577:5: warning: no previous prototype for function 'DecompressZlibCert' [-Wmissing-prototypes]
 2577 | int DecompressZlibCert(SSL *ssl,
      |     ^
/home/baidu/scrapanium-experiments/scrapanium-wss-recv-cold-20260924/build/wss-recv-coalescing/backend-work/build/deps/src/curl/lib/vtls/openssl.c:2577:1: note: declare 'static' if the function is not intended to be used outside of this translation unit
 2577 | int DecompressZlibCert(SSL *ssl,
      | ^
      | static 
/home/baidu/scrapanium-experiments/scrapanium-wss-recv-cold-20260924/build/wss-recv-coalescing/backend-work/build/deps/src/curl/lib/vtls/openssl.c:2594:19: warning: implicit conversion loses integer precision: 'size_t' (aka 'unsigned long') to 'uInt' (aka 'unsigned int') [-Wshorten-64-to-32]
 2594 |   strm.avail_in = in_len;
      |                 ~ ^~~~~~
/home/baidu/scrapanium-experiments/scrapanium-wss-recv-cold-20260924/build/wss-recv-coalescing/backend-work/build/deps/src/curl/lib/vtls/openssl.c:2596:20: warning: implicit conversion loses integer precision: 'size_t' (aka 'unsigned long') to 'uInt' (aka 'unsigned int') [-Wshorten-64-to-32]
 2596 |   strm.avail_out = uncompressed_len;
      |                  ~ ^~~~~~~~~~~~~~~~
/home/baidu/scrapanium-experiments/scrapanium-wss-recv-cold-20260924/build/wss-recv-coalescing/backend-work/build/deps/src/curl/lib/vtls/openssl.c:2633:10: warning: mixing declarations and code is incompatible with standards before C99 [-Wdeclaration-after-statement]
 2633 |   size_t output_size = uncompressed_len;
      |          ^
/home/baidu/scrapanium-experiments/scrapanium-wss-recv-cold-20260924/build/wss-recv-coalescing/backend-work/build/deps/src/curl/lib/vtls/openssl.c:2622:31: warning: unused parameter 'ssl' [-Wunused-parameter]
 2622 | int DecompressBrotliCert(SSL* ssl,
      |                               ^
/home/baidu/scrapanium-experiments/scrapanium-wss-recv-cold-20260924/build/wss-recv-coalescing/backend-work/build/deps/src/curl/lib/vtls/openssl.c:2622:5: warning: no previous prototype for function 'DecompressBrotliCert' [-Wmissing-prototypes]
 2622 | int DecompressBrotliCert(SSL* ssl,
      |     ^
/home/baidu/scrapanium-experiments/scrapanium-wss-recv-cold-20260924/build/wss-recv-coalescing/backend-work/build/deps/src/curl/lib/vtls/openssl.c:2622:1: note: declare 'static' if the function is not intended to be used outside of this translation unit
 2622 | int DecompressBrotliCert(SSL* ssl,
      | ^
      | static 
/home/baidu/scrapanium-experiments/scrapanium-wss-recv-cold-20260924/build/wss-recv-coalescing/backend-work/build/deps/src/curl/lib/vtls/openssl.c:2648:29: warning: unused parameter 'ssl' [-Wunused-parameter]
 2648 | int DecompressZstdCert(SSL* ssl,
      |                             ^
/home/baidu/scrapanium-experiments/scrapanium-wss-recv-cold-20260924/build/wss-recv-coalescing/backend-work/build/deps/src/curl/lib/vtls/openssl.c:2648:5: warning: no previous prototype for function 'DecompressZstdCert' [-Wmissing-prototypes]
 2648 | int DecompressZstdCert(SSL* ssl,
      |     ^
/home/baidu/scrapanium-experiments/scrapanium-wss-recv-cold-20260924/build/wss-recv-coalescing/backend-work/build/deps/src/curl/lib/vtls/openssl.c:2648:1: note: declare 'static' if the function is not intended to be used outside of this translation unit
 2648 | int DecompressZstdCert(SSL* ssl,
      | ^
      | static 
/home/baidu/scrapanium-experiments/scrapanium-wss-recv-cold-20260924/build/wss-recv-coalescing/backend-work/build/deps/src/curl/lib/vtls/openssl.c:2682:4: warning: initializing 'char *' with an expression of type 'const char[5]' discards qualifiers [-Wincompatible-pointer-types-discards-qualifiers]
 2682 |   {"zlib", TLSEXT_cert_compression_zlib, NULL, DecompressZlibCert},
      |    ^~~~~~
/home/baidu/scrapanium-experiments/scrapanium-wss-recv-cold-20260924/build/wss-recv-coalescing/backend-work/build/deps/src/curl/lib/vtls/openssl.c:2685:4: warning: initializing 'char *' with an expression of type 'const char[7]' discards qualifiers [-Wincompatible-pointer-types-discards-qualifiers]
 2685 |   {"brotli", TLSEXT_cert_compression_brotli, NULL, DecompressBrotliCert},
      |    ^~~~~~~~
/home/baidu/scrapanium-experiments/scrapanium-wss-recv-cold-20260924/build/wss-recv-coalescing/backend-work/build/deps/src/curl/lib/vtls/openssl.c:2688:4: warning: initializing 'char *' with an expression of type 'const char[5]' discards qualifiers [-Wincompatible-pointer-types-discards-qualifiers]
 2688 |   {"zstd", TLSEXT_cert_compression_zstd, NULL, DecompressZstdCert},
      |    ^~~~~~
/home/baidu/scrapanium-experiments/scrapanium-wss-recv-cold-20260924/build/wss-recv-coalescing/backend-work/build/deps/src/curl/lib/vtls/openssl.c:2714:18: warning: comparison of integers of different signs: 'int' and 'unsigned long' [-Wsign-compare]
 2714 |     for(i = 0; i < NUM_CERT_COMPRESSION_ALGS; i++) {
      |                ~ ^ ~~~~~~~~~~~~~~~~~~~~~~~~~
/home/baidu/scrapanium-experiments/scrapanium-wss-recv-cold-20260924/build/wss-recv-coalescing/backend-work/build/deps/src/curl/lib/vtls/openssl.c:3977:47: warning: passing 'const char[10]' to parameter of type 'const uint8_t *' (aka 'const unsigned char *') converts between pointers to integer types where one is of the unique plain 'char' type and the other is not [-Wpointer-sign]
 3977 |       SSL_add_application_settings(octx->ssl, alps->entries[i],
      |                                               ^~~~~~~~~~~~~~~~
/home/baidu/scrapanium-experiments/scrapanium-wss-recv-cold-20260924/build/wss-recv-coalescing/backend-work/build/deps/src/boringssl/include/openssl/ssl.h:3526:74: note: passing argument to parameter 'proto' here
 3526 | OPENSSL_EXPORT int SSL_add_application_settings(SSL *ssl, const uint8_t *proto,
      |                                                                          ^
/home/baidu/scrapanium-experiments/scrapanium-wss-recv-cold-20260924/build/wss-recv-coalescing/backend-work/build/deps/src/curl/lib/vtls/openssl.c:4451:16: warning: declaration shadows a local variable [-Wshadow]
 4451 |       CURLcode result = parse_sig_algs(data, signature_algorithms, algs,
      |                ^
/home/baidu/scrapanium-experiments/scrapanium-wss-recv-cold-20260924/build/wss-recv-coalescing/backend-work/build/deps/src/curl/lib/vtls/openssl.c:4191:12: note: previous declaration is here
 4191 |   CURLcode result = CURLE_OK;
      |            ^
/home/baidu/scrapanium-experiments/scrapanium-wss-recv-cold-20260924/build/wss-recv-coalescing/backend-work/build/deps/src/curl/lib/vtls/openssl.c:4489:14: warning: declaration shadows a local variable [-Wshadow]
 4489 |     CURLcode result = set_trust_anchors(data, octx->ssl_ctx,
      |              ^
/home/baidu/scrapanium-experiments/scrapanium-wss-recv-cold-20260924/build/wss-recv-coalescing/backend-work/build/deps/src/curl/lib/vtls/openssl.c:4191:12: note: previous declaration is here
 4191 |   CURLcode result = CURLE_OK;
      |            ^
/home/baidu/scrapanium-experiments/scrapanium-wss-recv-cold-20260924/build/wss-recv-coalescing/backend-work/build/deps/src/curl/lib/vtls/openssl.c:4526:45: warning: implicit conversion loses integer precision: 'int' to 'uint16_t' (aka 'unsigned short') [-Wimplicit-int-conversion]
 4525 |     SSL_CTX_set_record_size_limit(octx->ssl_ctx,
      |     ~~~~~~~~~~~~~~~~~~~~~~~~~~~~~
 4526 |                                   data->set.tls_record_size_limit);
      |                                   ~~~~~~~~~~^~~~~~~~~~~~~~~~~~~~~
/home/baidu/scrapanium-experiments/scrapanium-wss-recv-cold-20260924/build/wss-recv-coalescing/backend-work/build/deps/src/curl/lib/vtls/openssl.c:4530:44: warning: implicit conversion loses integer precision: 'int' to 'uint8_t' (aka 'unsigned char') [-Wimplicit-int-conversion]
 4529 |     SSL_CTX_set_key_shares_limit(octx->ssl_ctx,
      |     ~~~~~~~~~~~~~~~~~~~~~~~~~~~~
 4530 |                                  data->set.tls_key_shares_limit);
      |                                  ~~~~~~~~~~^~~~~~~~~~~~~~~~~~~~
24 warnings generated.
[171/443] Building C object lib/CMakeFiles/libcurl_static.dir/vquic/cf-quiche.c.o
[172/443] Building C object lib/CMakeFiles/libcurl_static.dir/vquic/cf-ngtcp2.c.o
In file included from /home/baidu/scrapanium-experiments/scrapanium-wss-recv-cold-20260924/build/wss-recv-coalescing/backend-work/build/deps/src/curl/lib/vquic/cf-ngtcp2.c:28:
In file included from /home/baidu/scrapanium-experiments/scrapanium-wss-recv-cold-20260924/build/wss-recv-coalescing/backend-work/build/deps/src/curl/lib/urldata.h:73:
In file included from /home/baidu/scrapanium-experiments/scrapanium-wss-recv-cold-20260924/build/wss-recv-coalescing/backend-work/build/deps/src/curl/lib/vdns/asyn.h:29:
In file included from /home/baidu/scrapanium-experiments/scrapanium-wss-recv-cold-20260924/build/wss-recv-coalescing/backend-work/build/deps/src/curl/lib/vdns/httpsrr.h:29:
/home/baidu/scrapanium-experiments/scrapanium-wss-recv-cold-20260924/build/wss-recv-coalescing/backend-work/build/deps/install/include/ares.h:421:19: warning: identifier '_S6_u8' is reserved because it starts with '_' followed by a capital letter [-Wreserved-identifier]
  421 |     unsigned char _S6_u8[16];
      |                   ^
/home/baidu/scrapanium-experiments/scrapanium-wss-recv-cold-20260924/build/wss-recv-coalescing/backend-work/build/deps/install/include/ares.h:422:5: warning: identifier '_S6_un' is reserved because it starts with '_' followed by a capital letter [-Wreserved-identifier]
  422 |   } _S6_un;
      |     ^
In file included from /home/baidu/scrapanium-experiments/scrapanium-wss-recv-cold-20260924/build/wss-recv-coalescing/backend-work/build/deps/src/curl/lib/vquic/cf-ngtcp2.c:47:
In file included from /home/baidu/scrapanium-experiments/scrapanium-wss-recv-cold-20260924/build/wss-recv-coalescing/backend-work/build/deps/src/curl/lib/vquic/cf-ngtcp2-cmn.h:36:
In file included from /home/baidu/scrapanium-experiments/scrapanium-wss-recv-cold-20260924/build/wss-recv-coalescing/backend-work/build/deps/install/include/ngtcp2/ngtcp2_crypto_boringssl.h:30:
In file included from /home/baidu/scrapanium-experiments/scrapanium-wss-recv-cold-20260924/build/wss-recv-coalescing/backend-work/build/deps/src/boringssl/include/openssl/ssl.h:22:
In file included from /home/baidu/scrapanium-experiments/scrapanium-wss-recv-cold-20260924/build/wss-recv-coalescing/backend-work/build/deps/src/boringssl/include/openssl/bio.h:25:
/home/baidu/scrapanium-experiments/scrapanium-wss-recv-cold-20260924/build/wss-recv-coalescing/backend-work/build/deps/src/boringssl/include/openssl/stack.h:325:23: warning: identifier '_STACK' is reserved because it starts with '_' followed by a capital letter [-Wreserved-identifier]
  325 | typedef OPENSSL_STACK _STACK;
      |                       ^
/home/baidu/scrapanium-experiments/scrapanium-wss-recv-cold-20260924/build/wss-recv-coalescing/backend-work/build/deps/src/curl/lib/vquic/cf-ngtcp2.c:431:14: warning: result of comparison 'uint64_t' (aka 'unsigned long') > 18446744073709551615 is always false [-Wtautological-type-limit-compare]
  431 |     if(value > (uint64_t)SIZE_MAX)
      |        ~~~~~ ^ ~~~~~~~~~~~~~~~~~~
/home/baidu/scrapanium-experiments/scrapanium-wss-recv-cold-20260924/build/wss-recv-coalescing/backend-work/build/deps/src/curl/lib/vquic/cf-ngtcp2.c:440:14: warning: result of comparison 'uint64_t' (aka 'unsigned long') > 18446744073709551615 is always false [-Wtautological-type-limit-compare]
  440 |     if(value > (uint64_t)SIZE_MAX)
      |        ~~~~~ ^ ~~~~~~~~~~~~~~~~~~
5 warnings generated.
[173/443] Building C object lib/CMakeFiles/libcurl_static.dir/vquic/cf-ngtcp2-proxy.c.o
In file included from /home/baidu/scrapanium-experiments/scrapanium-wss-recv-cold-20260924/build/wss-recv-coalescing/backend-work/build/deps/src/curl/lib/vquic/cf-ngtcp2-proxy.c:30:
In file included from /home/baidu/scrapanium-experiments/scrapanium-wss-recv-cold-20260924/build/wss-recv-coalescing/backend-work/build/deps/src/curl/lib/urldata.h:73:
In file included from /home/baidu/scrapanium-experiments/scrapanium-wss-recv-cold-20260924/build/wss-recv-coalescing/backend-work/build/deps/src/curl/lib/vdns/asyn.h:29:
In file included from /home/baidu/scrapanium-experiments/scrapanium-wss-recv-cold-20260924/build/wss-recv-coalescing/backend-work/build/deps/src/curl/lib/vdns/httpsrr.h:29:
/home/baidu/scrapanium-experiments/scrapanium-wss-recv-cold-20260924/build/wss-recv-coalescing/backend-work/build/deps/install/include/ares.h:421:19: warning: identifier '_S6_u8' is reserved because it starts with '_' followed by a capital letter [-Wreserved-identifier]
  421 |     unsigned char _S6_u8[16];
      |                   ^
/home/baidu/scrapanium-experiments/scrapanium-wss-recv-cold-20260924/build/wss-recv-coalescing/backend-work/build/deps/install/include/ares.h:422:5: warning: identifier '_S6_un' is reserved because it starts with '_' followed by a capital letter [-Wreserved-identifier]
  422 |   } _S6_un;
      |     ^
In file included from /home/baidu/scrapanium-experiments/scrapanium-wss-recv-cold-20260924/build/wss-recv-coalescing/backend-work/build/deps/src/curl/lib/vquic/cf-ngtcp2-proxy.c:41:
In file included from /home/baidu/scrapanium-experiments/scrapanium-wss-recv-cold-20260924/build/wss-recv-coalescing/backend-work/build/deps/src/curl/lib/vquic/cf-ngtcp2-cmn.h:36:
In file included from /home/baidu/scrapanium-experiments/scrapanium-wss-recv-cold-20260924/build/wss-recv-coalescing/backend-work/build/deps/install/include/ngtcp2/ngtcp2_crypto_boringssl.h:30:
In file included from /home/baidu/scrapanium-experiments/scrapanium-wss-recv-cold-20260924/build/wss-recv-coalescing/backend-work/build/deps/src/boringssl/include/openssl/ssl.h:22:
In file included from /home/baidu/scrapanium-experiments/scrapanium-wss-recv-cold-20260924/build/wss-recv-coalescing/backend-work/build/deps/src/boringssl/include/openssl/bio.h:25:
/home/baidu/scrapanium-experiments/scrapanium-wss-recv-cold-20260924/build/wss-recv-coalescing/backend-work/build/deps/src/boringssl/include/openssl/stack.h:325:23: warning: identifier '_STACK' is reserved because it starts with '_' followed by a capital letter [-Wreserved-identifier]
  325 | typedef OPENSSL_STACK _STACK;
      |                       ^
3 warnings generated.
[174/443] Building C object lib/CMakeFiles/libcurl_static.dir/vssh/libssh.c.o
[175/443] Building C object lib/CMakeFiles/libcurl_static.dir/vssh/libssh2.c.o
[176/443] Building C object lib/CMakeFiles/libcurl_static.dir/vquic/vquic-tls.c.o
In file included from /home/baidu/scrapanium-experiments/scrapanium-wss-recv-cold-20260924/build/wss-recv-coalescing/backend-work/build/deps/src/curl/lib/vquic/vquic-tls.c:31:
In file included from /home/baidu/scrapanium-experiments/scrapanium-wss-recv-cold-20260924/build/wss-recv-coalescing/backend-work/build/deps/src/curl/lib/vtls/openssl.h:69:
In file included from /home/baidu/scrapanium-experiments/scrapanium-wss-recv-cold-20260924/build/wss-recv-coalescing/backend-work/build/deps/src/boringssl/include/openssl/ssl.h:22:
In file included from /home/baidu/scrapanium-experiments/scrapanium-wss-recv-cold-20260924/build/wss-recv-coalescing/backend-work/build/deps/src/boringssl/include/openssl/bio.h:25:
/home/baidu/scrapanium-experiments/scrapanium-wss-recv-cold-20260924/build/wss-recv-coalescing/backend-work/build/deps/src/boringssl/include/openssl/stack.h:325:23: warning: identifier '_STACK' is reserved because it starts with '_' followed by a capital letter [-Wreserved-identifier]
  325 | typedef OPENSSL_STACK _STACK;
      |                       ^
In file included from /home/baidu/scrapanium-experiments/scrapanium-wss-recv-cold-20260924/build/wss-recv-coalescing/backend-work/build/deps/src/curl/lib/vquic/vquic-tls.c:31:
In file included from /home/baidu/scrapanium-experiments/scrapanium-wss-recv-cold-20260924/build/wss-recv-coalescing/backend-work/build/deps/src/curl/lib/vtls/openssl.h:71:
In file included from /home/baidu/scrapanium-experiments/scrapanium-wss-recv-cold-20260924/build/wss-recv-coalescing/backend-work/build/deps/src/curl/lib/urldata.h:73:
In file included from /home/baidu/scrapanium-experiments/scrapanium-wss-recv-cold-20260924/build/wss-recv-coalescing/backend-work/build/deps/src/curl/lib/vdns/asyn.h:29:
In file included from /home/baidu/scrapanium-experiments/scrapanium-wss-recv-cold-20260924/build/wss-recv-coalescing/backend-work/build/deps/src/curl/lib/vdns/httpsrr.h:29:
/home/baidu/scrapanium-experiments/scrapanium-wss-recv-cold-20260924/build/wss-recv-coalescing/backend-work/build/deps/install/include/ares.h:421:19: warning: identifier '_S6_u8' is reserved because it starts with '_' followed by a capital letter [-Wreserved-identifier]
  421 |     unsigned char _S6_u8[16];
      |                   ^
/home/baidu/scrapanium-experiments/scrapanium-wss-recv-cold-20260924/build/wss-recv-coalescing/backend-work/build/deps/install/include/ares.h:422:5: warning: identifier '_S6_un' is reserved because it starts with '_' followed by a capital letter [-Wreserved-identifier]
  422 |   } _S6_un;
      |     ^
3 warnings generated.
[177/443] Building C object lib/CMakeFiles/libcurl_static.dir/vquic/vquic.c.o
In file included from /home/baidu/scrapanium-experiments/scrapanium-wss-recv-cold-20260924/build/wss-recv-coalescing/backend-work/build/deps/src/curl/lib/vquic/vquic.c:25:
In file included from /home/baidu/scrapanium-experiments/scrapanium-wss-recv-cold-20260924/build/wss-recv-coalescing/backend-work/build/deps/src/curl/lib/urldata.h:73:
In file included from /home/baidu/scrapanium-experiments/scrapanium-wss-recv-cold-20260924/build/wss-recv-coalescing/backend-work/build/deps/src/curl/lib/vdns/asyn.h:29:
In file included from /home/baidu/scrapanium-experiments/scrapanium-wss-recv-cold-20260924/build/wss-recv-coalescing/backend-work/build/deps/src/curl/lib/vdns/httpsrr.h:29:
/home/baidu/scrapanium-experiments/scrapanium-wss-recv-cold-20260924/build/wss-recv-coalescing/backend-work/build/deps/install/include/ares.h:421:19: warning: identifier '_S6_u8' is reserved because it starts with '_' followed by a capital letter [-Wreserved-identifier]
  421 |     unsigned char _S6_u8[16];
      |                   ^
/home/baidu/scrapanium-experiments/scrapanium-wss-recv-cold-20260924/build/wss-recv-coalescing/backend-work/build/deps/install/include/ares.h:422:5: warning: identifier '_S6_un' is reserved because it starts with '_' followed by a capital letter [-Wreserved-identifier]
  422 |   } _S6_un;
      |     ^
In file included from /home/baidu/scrapanium-experiments/scrapanium-wss-recv-cold-20260924/build/wss-recv-coalescing/backend-work/build/deps/src/curl/lib/vquic/vquic.c:59:
In file included from /home/baidu/scrapanium-experiments/scrapanium-wss-recv-cold-20260924/build/wss-recv-coalescing/backend-work/build/deps/src/curl/lib/vquic/cf-ngtcp2.h:40:
In file included from /home/baidu/scrapanium-experiments/scrapanium-wss-recv-cold-20260924/build/wss-recv-coalescing/backend-work/build/deps/src/boringssl/include/openssl/ssl.h:22:
In file included from /home/baidu/scrapanium-experiments/scrapanium-wss-recv-cold-20260924/build/wss-recv-coalescing/backend-work/build/deps/src/boringssl/include/openssl/bio.h:25:
/home/baidu/scrapanium-experiments/scrapanium-wss-recv-cold-20260924/build/wss-recv-coalescing/backend-work/build/deps/src/boringssl/include/openssl/stack.h:325:23: warning: identifier '_STACK' is reserved because it starts with '_' followed by a capital letter [-Wreserved-identifier]
  325 | typedef OPENSSL_STACK _STACK;
      |                       ^
/home/baidu/scrapanium-experiments/scrapanium-wss-recv-cold-20260924/build/wss-recv-coalescing/backend-work/build/deps/src/curl/lib/vquic/vquic.c:1116:38: warning: format specifies type 'int' but the argument has underlying type 'unsigned int' [-Wformat]
 1115 |       CURL_TRC_CF(data, cf, "recvd %zu packets with %zu bytes -> %d",
      |                                                                  ~~
      |                                                                  %u
 1116 |                   pkts, total_nread, result);
      |                                      ^~~~~~
/home/baidu/scrapanium-experiments/scrapanium-wss-recv-cold-20260924/build/wss-recv-coalescing/backend-work/build/deps/src/curl/lib/curl_trc.h:155:35: note: expanded from macro 'CURL_TRC_CF'
  155 |       Curl_trc_cf_infof(data, cf, __VA_ARGS__); \
      |                                   ^~~~~~~~~~~
4 warnings generated.
[178/443] Building C object lib/CMakeFiles/libcurl_static.dir/vssh/vssh.c.o
In file included from /home/baidu/scrapanium-experiments/scrapanium-wss-recv-cold-20260924/build/wss-recv-coalescing/backend-work/build/deps/src/curl/lib/vssh/vssh.c:25:
In file included from /home/baidu/scrapanium-experiments/scrapanium-wss-recv-cold-20260924/build/wss-recv-coalescing/backend-work/build/deps/src/curl/lib/vssh/ssh.h:27:
In file included from /home/baidu/scrapanium-experiments/scrapanium-wss-recv-cold-20260924/build/wss-recv-coalescing/backend-work/build/deps/src/curl/lib/urldata.h:73:
In file included from /home/baidu/scrapanium-experiments/scrapanium-wss-recv-cold-20260924/build/wss-recv-coalescing/backend-work/build/deps/src/curl/lib/vdns/asyn.h:29:
In file included from /home/baidu/scrapanium-experiments/scrapanium-wss-recv-cold-20260924/build/wss-recv-coalescing/backend-work/build/deps/src/curl/lib/vdns/httpsrr.h:29:
/home/baidu/scrapanium-experiments/scrapanium-wss-recv-cold-20260924/build/wss-recv-coalescing/backend-work/build/deps/install/include/ares.h:421:19: warning: identifier '_S6_u8' is reserved because it starts with '_' followed by a capital letter [-Wreserved-identifier]
  421 |     unsigned char _S6_u8[16];
      |                   ^
/home/baidu/scrapanium-experiments/scrapanium-wss-recv-cold-20260924/build/wss-recv-coalescing/backend-work/build/deps/install/include/ares.h:422:5: warning: identifier '_S6_un' is reserved because it starts with '_' followed by a capital letter [-Wreserved-identifier]
  422 |   } _S6_un;
      |     ^
2 warnings generated.
[179/443] Building C object lib/CMakeFiles/libcurl_static.dir/vquic/cf-ngtcp2-cmn.c.o
In file included from /home/baidu/scrapanium-experiments/scrapanium-wss-recv-cold-20260924/build/wss-recv-coalescing/backend-work/build/deps/src/curl/lib/vquic/cf-ngtcp2-cmn.c:33:
In file included from /home/baidu/scrapanium-experiments/scrapanium-wss-recv-cold-20260924/build/wss-recv-coalescing/backend-work/build/deps/install/include/ngtcp2/ngtcp2_crypto_boringssl.h:30:
In file included from /home/baidu/scrapanium-experiments/scrapanium-wss-recv-cold-20260924/build/wss-recv-coalescing/backend-work/build/deps/src/boringssl/include/openssl/ssl.h:22:
In file included from /home/baidu/scrapanium-experiments/scrapanium-wss-recv-cold-20260924/build/wss-recv-coalescing/backend-work/build/deps/src/boringssl/include/openssl/bio.h:25:
/home/baidu/scrapanium-experiments/scrapanium-wss-recv-cold-20260924/build/wss-recv-coalescing/backend-work/build/deps/src/boringssl/include/openssl/stack.h:325:23: warning: identifier '_STACK' is reserved because it starts with '_' followed by a capital letter [-Wreserved-identifier]
  325 | typedef OPENSSL_STACK _STACK;
      |                       ^
In file included from /home/baidu/scrapanium-experiments/scrapanium-wss-recv-cold-20260924/build/wss-recv-coalescing/backend-work/build/deps/src/curl/lib/vquic/cf-ngtcp2-cmn.c:39:
In file included from /home/baidu/scrapanium-experiments/scrapanium-wss-recv-cold-20260924/build/wss-recv-coalescing/backend-work/build/deps/src/curl/lib/vtls/openssl.h:71:
In file included from /home/baidu/scrapanium-experiments/scrapanium-wss-recv-cold-20260924/build/wss-recv-coalescing/backend-work/build/deps/src/curl/lib/urldata.h:73:
In file included from /home/baidu/scrapanium-experiments/scrapanium-wss-recv-cold-20260924/build/wss-recv-coalescing/backend-work/build/deps/src/curl/lib/vdns/asyn.h:29:
In file included from /home/baidu/scrapanium-experiments/scrapanium-wss-recv-cold-20260924/build/wss-recv-coalescing/backend-work/build/deps/src/curl/lib/vdns/httpsrr.h:29:
/home/baidu/scrapanium-experiments/scrapanium-wss-recv-cold-20260924/build/wss-recv-coalescing/backend-work/build/deps/install/include/ares.h:421:19: warning: identifier '_S6_u8' is reserved because it starts with '_' followed by a capital letter [-Wreserved-identifier]
  421 |     unsigned char _S6_u8[16];
      |                   ^
/home/baidu/scrapanium-experiments/scrapanium-wss-recv-cold-20260924/build/wss-recv-coalescing/backend-work/build/deps/install/include/ares.h:422:5: warning: identifier '_S6_un' is reserved because it starts with '_' followed by a capital letter [-Wreserved-identifier]
  422 |   } _S6_un;
      |     ^
3 warnings generated.
[180/443] Building C object lib/CMakeFiles/libcurl_static.dir/curlx/base64.c.o
[181/443] Building C object lib/CMakeFiles/libcurl_static.dir/curlx/basename.c.o
[182/443] Building C object lib/CMakeFiles/libcurl_static.dir/curlx/fopen.c.o
[183/443] Building C object lib/CMakeFiles/libcurl_static.dir/curlx/dynbuf.c.o
[184/443] Building C object lib/CMakeFiles/libcurl_static.dir/curlx/multibyte.c.o
[185/443] Building C object lib/CMakeFiles/libcurl_static.dir/curlx/inet_pton.c.o
[186/443] Building C object lib/CMakeFiles/libcurl_static.dir/curlx/nonblock.c.o
[187/443] Building C object lib/CMakeFiles/libcurl_static.dir/curlx/inet_ntop.c.o
[188/443] Building C object lib/CMakeFiles/libcurl_static.dir/curlx/snprintf.c.o
[189/443] Building C object lib/CMakeFiles/libcurl_static.dir/curlx/strcopy.c.o
[190/443] Building C object lib/CMakeFiles/libcurl_static.dir/curlx/strdup.c.o
[191/443] Building C object lib/CMakeFiles/libcurl_static.dir/curlx/strerr.c.o
[192/443] Building C object lib/CMakeFiles/libcurl_static.dir/curlx/timediff.c.o
[193/443] Building C object lib/CMakeFiles/libcurl_static.dir/curlx/version_win32.c.o
[194/443] Building C object lib/CMakeFiles/libcurl_static.dir/curlx/timeval.c.o
[195/443] Building C object lib/CMakeFiles/libcurl_static.dir/curlx/strparse.c.o
[196/443] Building C object lib/CMakeFiles/libcurl_static.dir/curlx/wait.c.o
[197/443] Building C object lib/CMakeFiles/libcurl_static.dir/curlx/warnless.c.o
[198/443] Building C object lib/CMakeFiles/libcurl_static.dir/curlx/winapi.c.o
[199/443] Building C object lib/CMakeFiles/libcurl_shared.dir/amigaos.c.o
[200/443] Building C object lib/CMakeFiles/libcurl_shared.dir/bufref.c.o
In file included from /home/baidu/scrapanium-experiments/scrapanium-wss-recv-cold-20260924/build/wss-recv-coalescing/backend-work/build/deps/src/curl/lib/bufref.c:26:
In file included from /home/baidu/scrapanium-experiments/scrapanium-wss-recv-cold-20260924/build/wss-recv-coalescing/backend-work/build/deps/src/curl/lib/urldata.h:73:
In file included from /home/baidu/scrapanium-experiments/scrapanium-wss-recv-cold-20260924/build/wss-recv-coalescing/backend-work/build/deps/src/curl/lib/vdns/asyn.h:29:
In file included from /home/baidu/scrapanium-experiments/scrapanium-wss-recv-cold-20260924/build/wss-recv-coalescing/backend-work/build/deps/src/curl/lib/vdns/httpsrr.h:29:
/home/baidu/scrapanium-experiments/scrapanium-wss-recv-cold-20260924/build/wss-recv-coalescing/backend-work/build/deps/install/include/ares.h:421:19: warning: identifier '_S6_u8' is reserved because it starts with '_' followed by a capital letter [-Wreserved-identifier]
  421 |     unsigned char _S6_u8[16];
      |                   ^
/home/baidu/scrapanium-experiments/scrapanium-wss-recv-cold-20260924/build/wss-recv-coalescing/backend-work/build/deps/install/include/ares.h:422:5: warning: identifier '_S6_un' is reserved because it starts with '_' followed by a capital letter [-Wreserved-identifier]
  422 |   } _S6_un;
      |     ^
2 warnings generated.
[201/443] Building C object lib/CMakeFiles/libcurl_shared.dir/altsvc.c.o
In file included from /home/baidu/scrapanium-experiments/scrapanium-wss-recv-cold-20260924/build/wss-recv-coalescing/backend-work/build/deps/src/curl/lib/altsvc.c:31:
In file included from /home/baidu/scrapanium-experiments/scrapanium-wss-recv-cold-20260924/build/wss-recv-coalescing/backend-work/build/deps/src/curl/lib/urldata.h:73:
In file included from /home/baidu/scrapanium-experiments/scrapanium-wss-recv-cold-20260924/build/wss-recv-coalescing/backend-work/build/deps/src/curl/lib/vdns/asyn.h:29:
In file included from /home/baidu/scrapanium-experiments/scrapanium-wss-recv-cold-20260924/build/wss-recv-coalescing/backend-work/build/deps/src/curl/lib/vdns/httpsrr.h:29:
/home/baidu/scrapanium-experiments/scrapanium-wss-recv-cold-20260924/build/wss-recv-coalescing/backend-work/build/deps/install/include/ares.h:421:19: warning: identifier '_S6_u8' is reserved because it starts with '_' followed by a capital letter [-Wreserved-identifier]
  421 |     unsigned char _S6_u8[16];
      |                   ^
/home/baidu/scrapanium-experiments/scrapanium-wss-recv-cold-20260924/build/wss-recv-coalescing/backend-work/build/deps/install/include/ares.h:422:5: warning: identifier '_S6_un' is reserved because it starts with '_' followed by a capital letter [-Wreserved-identifier]
  422 |   } _S6_un;
      |     ^
2 warnings generated.
[202/443] Building C object lib/CMakeFiles/libcurl_shared.dir/api.c.o
In file included from /home/baidu/scrapanium-experiments/scrapanium-wss-recv-cold-20260924/build/wss-recv-coalescing/backend-work/build/deps/src/curl/lib/api.c:26:
In file included from /home/baidu/scrapanium-experiments/scrapanium-wss-recv-cold-20260924/build/wss-recv-coalescing/backend-work/build/deps/src/curl/lib/urldata.h:73:
In file included from /home/baidu/scrapanium-experiments/scrapanium-wss-recv-cold-20260924/build/wss-recv-coalescing/backend-work/build/deps/src/curl/lib/vdns/asyn.h:29:
In file included from /home/baidu/scrapanium-experiments/scrapanium-wss-recv-cold-20260924/build/wss-recv-coalescing/backend-work/build/deps/src/curl/lib/vdns/httpsrr.h:29:
/home/baidu/scrapanium-experiments/scrapanium-wss-recv-cold-20260924/build/wss-recv-coalescing/backend-work/build/deps/install/include/ares.h:421:19: warning: identifier '_S6_u8' is reserved because it starts with '_' followed by a capital letter [-Wreserved-identifier]
  421 |     unsigned char _S6_u8[16];
      |                   ^
/home/baidu/scrapanium-experiments/scrapanium-wss-recv-cold-20260924/build/wss-recv-coalescing/backend-work/build/deps/install/include/ares.h:422:5: warning: identifier '_S6_un' is reserved because it starts with '_' followed by a capital letter [-Wreserved-identifier]
  422 |   } _S6_un;
      |     ^
2 warnings generated.
[203/443] Building C object lib/CMakeFiles/libcurl_shared.dir/bufq.c.o
[204/443] Building C object lib/CMakeFiles/libcurl_shared.dir/cf-haproxy.c.o
In file included from /home/baidu/scrapanium-experiments/scrapanium-wss-recv-cold-20260924/build/wss-recv-coalescing/backend-work/build/deps/src/curl/lib/cf-haproxy.c:28:
In file included from /home/baidu/scrapanium-experiments/scrapanium-wss-recv-cold-20260924/build/wss-recv-coalescing/backend-work/build/deps/src/curl/lib/urldata.h:73:
In file included from /home/baidu/scrapanium-experiments/scrapanium-wss-recv-cold-20260924/build/wss-recv-coalescing/backend-work/build/deps/src/curl/lib/vdns/asyn.h:29:
In file included from /home/baidu/scrapanium-experiments/scrapanium-wss-recv-cold-20260924/build/wss-recv-coalescing/backend-work/build/deps/src/curl/lib/vdns/httpsrr.h:29:
/home/baidu/scrapanium-experiments/scrapanium-wss-recv-cold-20260924/build/wss-recv-coalescing/backend-work/build/deps/install/include/ares.h:421:19: warning: identifier '_S6_u8' is reserved because it starts with '_' followed by a capital letter [-Wreserved-identifier]
  421 |     unsigned char _S6_u8[16];
      |                   ^
/home/baidu/scrapanium-experiments/scrapanium-wss-recv-cold-20260924/build/wss-recv-coalescing/backend-work/build/deps/install/include/ares.h:422:5: warning: identifier '_S6_un' is reserved because it starts with '_' followed by a capital letter [-Wreserved-identifier]
  422 |   } _S6_un;
      |     ^
2 warnings generated.
[205/443] Building C object lib/CMakeFiles/libcurl_shared.dir/cf-h1-proxy.c.o
In file included from /home/baidu/scrapanium-experiments/scrapanium-wss-recv-cold-20260924/build/wss-recv-coalescing/backend-work/build/deps/src/curl/lib/cf-h1-proxy.c:30:
In file included from /home/baidu/scrapanium-experiments/scrapanium-wss-recv-cold-20260924/build/wss-recv-coalescing/backend-work/build/deps/src/curl/lib/urldata.h:73:
In file included from /home/baidu/scrapanium-experiments/scrapanium-wss-recv-cold-20260924/build/wss-recv-coalescing/backend-work/build/deps/src/curl/lib/vdns/asyn.h:29:
In file included from /home/baidu/scrapanium-experiments/scrapanium-wss-recv-cold-20260924/build/wss-recv-coalescing/backend-work/build/deps/src/curl/lib/vdns/httpsrr.h:29:
/home/baidu/scrapanium-experiments/scrapanium-wss-recv-cold-20260924/build/wss-recv-coalescing/backend-work/build/deps/install/include/ares.h:421:19: warning: identifier '_S6_u8' is reserved because it starts with '_' followed by a capital letter [-Wreserved-identifier]
  421 |     unsigned char _S6_u8[16];
      |                   ^
/home/baidu/scrapanium-experiments/scrapanium-wss-recv-cold-20260924/build/wss-recv-coalescing/backend-work/build/deps/install/include/ares.h:422:5: warning: identifier '_S6_un' is reserved because it starts with '_' followed by a capital letter [-Wreserved-identifier]
  422 |   } _S6_un;
      |     ^
2 warnings generated.
[206/443] Building C object lib/CMakeFiles/libcurl_shared.dir/cf-https-connect.c.o
In file included from /home/baidu/scrapanium-experiments/scrapanium-wss-recv-cold-20260924/build/wss-recv-coalescing/backend-work/build/deps/src/curl/lib/cf-https-connect.c:28:
In file included from /home/baidu/scrapanium-experiments/scrapanium-wss-recv-cold-20260924/build/wss-recv-coalescing/backend-work/build/deps/src/curl/lib/urldata.h:73:
In file included from /home/baidu/scrapanium-experiments/scrapanium-wss-recv-cold-20260924/build/wss-recv-coalescing/backend-work/build/deps/src/curl/lib/vdns/asyn.h:29:
In file included from /home/baidu/scrapanium-experiments/scrapanium-wss-recv-cold-20260924/build/wss-recv-coalescing/backend-work/build/deps/src/curl/lib/vdns/httpsrr.h:29:
/home/baidu/scrapanium-experiments/scrapanium-wss-recv-cold-20260924/build/wss-recv-coalescing/backend-work/build/deps/install/include/ares.h:421:19: warning: identifier '_S6_u8' is reserved because it starts with '_' followed by a capital letter [-Wreserved-identifier]
  421 |     unsigned char _S6_u8[16];
      |                   ^
/home/baidu/scrapanium-experiments/scrapanium-wss-recv-cold-20260924/build/wss-recv-coalescing/backend-work/build/deps/install/include/ares.h:422:5: warning: identifier '_S6_un' is reserved because it starts with '_' followed by a capital letter [-Wreserved-identifier]
  422 |   } _S6_un;
      |     ^
2 warnings generated.
[207/443] Building C object lib/CMakeFiles/libcurl_shared.dir/cf-h2-proxy.c.o
In file included from /home/baidu/scrapanium-experiments/scrapanium-wss-recv-cold-20260924/build/wss-recv-coalescing/backend-work/build/deps/src/curl/lib/cf-h2-proxy.c:31:
In file included from /home/baidu/scrapanium-experiments/scrapanium-wss-recv-cold-20260924/build/wss-recv-coalescing/backend-work/build/deps/src/curl/lib/urldata.h:73:
In file included from /home/baidu/scrapanium-experiments/scrapanium-wss-recv-cold-20260924/build/wss-recv-coalescing/backend-work/build/deps/src/curl/lib/vdns/asyn.h:29:
In file included from /home/baidu/scrapanium-experiments/scrapanium-wss-recv-cold-20260924/build/wss-recv-coalescing/backend-work/build/deps/src/curl/lib/vdns/httpsrr.h:29:
/home/baidu/scrapanium-experiments/scrapanium-wss-recv-cold-20260924/build/wss-recv-coalescing/backend-work/build/deps/install/include/ares.h:421:19: warning: identifier '_S6_u8' is reserved because it starts with '_' followed by a capital letter [-Wreserved-identifier]
  421 |     unsigned char _S6_u8[16];
      |                   ^
/home/baidu/scrapanium-experiments/scrapanium-wss-recv-cold-20260924/build/wss-recv-coalescing/backend-work/build/deps/install/include/ares.h:422:5: warning: identifier '_S6_un' is reserved because it starts with '_' followed by a capital letter [-Wreserved-identifier]
  422 |   } _S6_un;
      |     ^
2 warnings generated.
[208/443] Building C object lib/CMakeFiles/libcurl_shared.dir/cf-recvbuf.c.o
In file included from /home/baidu/scrapanium-experiments/scrapanium-wss-recv-cold-20260924/build/wss-recv-coalescing/backend-work/build/deps/src/curl/lib/cf-recvbuf.c:29:
In file included from /home/baidu/scrapanium-experiments/scrapanium-wss-recv-cold-20260924/build/wss-recv-coalescing/backend-work/build/deps/src/curl/lib/urldata.h:73:
In file included from /home/baidu/scrapanium-experiments/scrapanium-wss-recv-cold-20260924/build/wss-recv-coalescing/backend-work/build/deps/src/curl/lib/vdns/asyn.h:29:
In file included from /home/baidu/scrapanium-experiments/scrapanium-wss-recv-cold-20260924/build/wss-recv-coalescing/backend-work/build/deps/src/curl/lib/vdns/httpsrr.h:29:
/home/baidu/scrapanium-experiments/scrapanium-wss-recv-cold-20260924/build/wss-recv-coalescing/backend-work/build/deps/install/include/ares.h:421:19: warning: identifier '_S6_u8' is reserved because it starts with '_' followed by a capital letter [-Wreserved-identifier]
  421 |     unsigned char _S6_u8[16];
      |                   ^
/home/baidu/scrapanium-experiments/scrapanium-wss-recv-cold-20260924/build/wss-recv-coalescing/backend-work/build/deps/install/include/ares.h:422:5: warning: identifier '_S6_un' is reserved because it starts with '_' followed by a capital letter [-Wreserved-identifier]
  422 |   } _S6_un;
      |     ^
2 warnings generated.
[209/443] Building C object lib/CMakeFiles/libcurl_shared.dir/cf-ip-happy.c.o
In file included from /home/baidu/scrapanium-experiments/scrapanium-wss-recv-cold-20260924/build/wss-recv-coalescing/backend-work/build/deps/src/curl/lib/cf-ip-happy.c:49:
In file included from /home/baidu/scrapanium-experiments/scrapanium-wss-recv-cold-20260924/build/wss-recv-coalescing/backend-work/build/deps/src/curl/lib/urldata.h:73:
In file included from /home/baidu/scrapanium-experiments/scrapanium-wss-recv-cold-20260924/build/wss-recv-coalescing/backend-work/build/deps/src/curl/lib/vdns/asyn.h:29:
In file included from /home/baidu/scrapanium-experiments/scrapanium-wss-recv-cold-20260924/build/wss-recv-coalescing/backend-work/build/deps/src/curl/lib/vdns/httpsrr.h:29:
/home/baidu/scrapanium-experiments/scrapanium-wss-recv-cold-20260924/build/wss-recv-coalescing/backend-work/build/deps/install/include/ares.h:421:19: warning: identifier '_S6_u8' is reserved because it starts with '_' followed by a capital letter [-Wreserved-identifier]
  421 |     unsigned char _S6_u8[16];
      |                   ^
/home/baidu/scrapanium-experiments/scrapanium-wss-recv-cold-20260924/build/wss-recv-coalescing/backend-work/build/deps/install/include/ares.h:422:5: warning: identifier '_S6_un' is reserved because it starts with '_' followed by a capital letter [-Wreserved-identifier]
  422 |   } _S6_un;
      |     ^
2 warnings generated.
[210/443] Building C object lib/CMakeFiles/libcurl_shared.dir/cf-setup.c.o
In file included from /home/baidu/scrapanium-experiments/scrapanium-wss-recv-cold-20260924/build/wss-recv-coalescing/backend-work/build/deps/src/curl/lib/cf-setup.c:26:
In file included from /home/baidu/scrapanium-experiments/scrapanium-wss-recv-cold-20260924/build/wss-recv-coalescing/backend-work/build/deps/src/curl/lib/urldata.h:73:
In file included from /home/baidu/scrapanium-experiments/scrapanium-wss-recv-cold-20260924/build/wss-recv-coalescing/backend-work/build/deps/src/curl/lib/vdns/asyn.h:29:
In file included from /home/baidu/scrapanium-experiments/scrapanium-wss-recv-cold-20260924/build/wss-recv-coalescing/backend-work/build/deps/src/curl/lib/vdns/httpsrr.h:29:
/home/baidu/scrapanium-experiments/scrapanium-wss-recv-cold-20260924/build/wss-recv-coalescing/backend-work/build/deps/install/include/ares.h:421:19: warning: identifier '_S6_u8' is reserved because it starts with '_' followed by a capital letter [-Wreserved-identifier]
  421 |     unsigned char _S6_u8[16];
      |                   ^
/home/baidu/scrapanium-experiments/scrapanium-wss-recv-cold-20260924/build/wss-recv-coalescing/backend-work/build/deps/install/include/ares.h:422:5: warning: identifier '_S6_un' is reserved because it starts with '_' followed by a capital letter [-Wreserved-identifier]
  422 |   } _S6_un;
      |     ^
2 warnings generated.
[211/443] Building C object lib/CMakeFiles/libcurl_shared.dir/connect.c.o
In file included from /home/baidu/scrapanium-experiments/scrapanium-wss-recv-cold-20260924/build/wss-recv-coalescing/backend-work/build/deps/src/curl/lib/connect.c:26:
In file included from /home/baidu/scrapanium-experiments/scrapanium-wss-recv-cold-20260924/build/wss-recv-coalescing/backend-work/build/deps/src/curl/lib/urldata.h:73:
In file included from /home/baidu/scrapanium-experiments/scrapanium-wss-recv-cold-20260924/build/wss-recv-coalescing/backend-work/build/deps/src/curl/lib/vdns/asyn.h:29:
In file included from /home/baidu/scrapanium-experiments/scrapanium-wss-recv-cold-20260924/build/wss-recv-coalescing/backend-work/build/deps/src/curl/lib/vdns/httpsrr.h:29:
/home/baidu/scrapanium-experiments/scrapanium-wss-recv-cold-20260924/build/wss-recv-coalescing/backend-work/build/deps/install/include/ares.h:421:19: warning: identifier '_S6_u8' is reserved because it starts with '_' followed by a capital letter [-Wreserved-identifier]
  421 |     unsigned char _S6_u8[16];
      |                   ^
/home/baidu/scrapanium-experiments/scrapanium-wss-recv-cold-20260924/build/wss-recv-coalescing/backend-work/build/deps/install/include/ares.h:422:5: warning: identifier '_S6_un' is reserved because it starts with '_' followed by a capital letter [-Wreserved-identifier]
  422 |   } _S6_un;
      |     ^
2 warnings generated.
[212/443] Building C object lib/CMakeFiles/libcurl_shared.dir/conncache.c.o
In file included from /home/baidu/scrapanium-experiments/scrapanium-wss-recv-cold-20260924/build/wss-recv-coalescing/backend-work/build/deps/src/curl/lib/conncache.c:27:
In file included from /home/baidu/scrapanium-experiments/scrapanium-wss-recv-cold-20260924/build/wss-recv-coalescing/backend-work/build/deps/src/curl/lib/urldata.h:73:
In file included from /home/baidu/scrapanium-experiments/scrapanium-wss-recv-cold-20260924/build/wss-recv-coalescing/backend-work/build/deps/src/curl/lib/vdns/asyn.h:29:
In file included from /home/baidu/scrapanium-experiments/scrapanium-wss-recv-cold-20260924/build/wss-recv-coalescing/backend-work/build/deps/src/curl/lib/vdns/httpsrr.h:29:
/home/baidu/scrapanium-experiments/scrapanium-wss-recv-cold-20260924/build/wss-recv-coalescing/backend-work/build/deps/install/include/ares.h:421:19: warning: identifier '_S6_u8' is reserved because it starts with '_' followed by a capital letter [-Wreserved-identifier]
  421 |     unsigned char _S6_u8[16];
      |                   ^
/home/baidu/scrapanium-experiments/scrapanium-wss-recv-cold-20260924/build/wss-recv-coalescing/backend-work/build/deps/install/include/ares.h:422:5: warning: identifier '_S6_un' is reserved because it starts with '_' followed by a capital letter [-Wreserved-identifier]
  422 |   } _S6_un;
      |     ^
2 warnings generated.
[213/443] Building C object lib/CMakeFiles/libcurl_shared.dir/cf-socket.c.o
In file included from /home/baidu/scrapanium-experiments/scrapanium-wss-recv-cold-20260924/build/wss-recv-coalescing/backend-work/build/deps/src/curl/lib/cf-socket.c:64:
In file included from /home/baidu/scrapanium-experiments/scrapanium-wss-recv-cold-20260924/build/wss-recv-coalescing/backend-work/build/deps/src/curl/lib/urldata.h:73:
In file included from /home/baidu/scrapanium-experiments/scrapanium-wss-recv-cold-20260924/build/wss-recv-coalescing/backend-work/build/deps/src/curl/lib/vdns/asyn.h:29:
In file included from /home/baidu/scrapanium-experiments/scrapanium-wss-recv-cold-20260924/build/wss-recv-coalescing/backend-work/build/deps/src/curl/lib/vdns/httpsrr.h:29:
/home/baidu/scrapanium-experiments/scrapanium-wss-recv-cold-20260924/build/wss-recv-coalescing/backend-work/build/deps/install/include/ares.h:421:19: warning: identifier '_S6_u8' is reserved because it starts with '_' followed by a capital letter [-Wreserved-identifier]
  421 |     unsigned char _S6_u8[16];
      |                   ^
/home/baidu/scrapanium-experiments/scrapanium-wss-recv-cold-20260924/build/wss-recv-coalescing/backend-work/build/deps/install/include/ares.h:422:5: warning: identifier '_S6_un' is reserved because it starts with '_' followed by a capital letter [-Wreserved-identifier]
  422 |   } _S6_un;
      |     ^
2 warnings generated.
[214/443] Building C object lib/CMakeFiles/libcurl_shared.dir/cfilters.c.o
In file included from /home/baidu/scrapanium-experiments/scrapanium-wss-recv-cold-20260924/build/wss-recv-coalescing/backend-work/build/deps/src/curl/lib/cfilters.c:26:
In file included from /home/baidu/scrapanium-experiments/scrapanium-wss-recv-cold-20260924/build/wss-recv-coalescing/backend-work/build/deps/src/curl/lib/urldata.h:73:
In file included from /home/baidu/scrapanium-experiments/scrapanium-wss-recv-cold-20260924/build/wss-recv-coalescing/backend-work/build/deps/src/curl/lib/vdns/asyn.h:29:
In file included from /home/baidu/scrapanium-experiments/scrapanium-wss-recv-cold-20260924/build/wss-recv-coalescing/backend-work/build/deps/src/curl/lib/vdns/httpsrr.h:29:
/home/baidu/scrapanium-experiments/scrapanium-wss-recv-cold-20260924/build/wss-recv-coalescing/backend-work/build/deps/install/include/ares.h:421:19: warning: identifier '_S6_u8' is reserved because it starts with '_' followed by a capital letter [-Wreserved-identifier]
  421 |     unsigned char _S6_u8[16];
      |                   ^
/home/baidu/scrapanium-experiments/scrapanium-wss-recv-cold-20260924/build/wss-recv-coalescing/backend-work/build/deps/install/include/ares.h:422:5: warning: identifier '_S6_un' is reserved because it starts with '_' followed by a capital letter [-Wreserved-identifier]
  422 |   } _S6_un;
      |     ^
2 warnings generated.
[215/443] Building C object lib/CMakeFiles/libcurl_shared.dir/creds.c.o
In file included from /home/baidu/scrapanium-experiments/scrapanium-wss-recv-cold-20260924/build/wss-recv-coalescing/backend-work/build/deps/src/curl/lib/creds.c:31:
In file included from /home/baidu/scrapanium-experiments/scrapanium-wss-recv-cold-20260924/build/wss-recv-coalescing/backend-work/build/deps/src/curl/lib/urldata.h:73:
In file included from /home/baidu/scrapanium-experiments/scrapanium-wss-recv-cold-20260924/build/wss-recv-coalescing/backend-work/build/deps/src/curl/lib/vdns/asyn.h:29:
In file included from /home/baidu/scrapanium-experiments/scrapanium-wss-recv-cold-20260924/build/wss-recv-coalescing/backend-work/build/deps/src/curl/lib/vdns/httpsrr.h:29:
/home/baidu/scrapanium-experiments/scrapanium-wss-recv-cold-20260924/build/wss-recv-coalescing/backend-work/build/deps/install/include/ares.h:421:19: warning: identifier '_S6_u8' is reserved because it starts with '_' followed by a capital letter [-Wreserved-identifier]
  421 |     unsigned char _S6_u8[16];
      |                   ^
/home/baidu/scrapanium-experiments/scrapanium-wss-recv-cold-20260924/build/wss-recv-coalescing/backend-work/build/deps/install/include/ares.h:422:5: warning: identifier '_S6_un' is reserved because it starts with '_' followed by a capital letter [-Wreserved-identifier]
  422 |   } _S6_un;
      |     ^
2 warnings generated.
[216/443] Building C object lib/CMakeFiles/libcurl_shared.dir/content_encoding.c.o
In file included from /home/baidu/scrapanium-experiments/scrapanium-wss-recv-cold-20260924/build/wss-recv-coalescing/backend-work/build/deps/src/curl/lib/content_encoding.c:26:
In file included from /home/baidu/scrapanium-experiments/scrapanium-wss-recv-cold-20260924/build/wss-recv-coalescing/backend-work/build/deps/src/curl/lib/urldata.h:73:
In file included from /home/baidu/scrapanium-experiments/scrapanium-wss-recv-cold-20260924/build/wss-recv-coalescing/backend-work/build/deps/src/curl/lib/vdns/asyn.h:29:
In file included from /home/baidu/scrapanium-experiments/scrapanium-wss-recv-cold-20260924/build/wss-recv-coalescing/backend-work/build/deps/src/curl/lib/vdns/httpsrr.h:29:
/home/baidu/scrapanium-experiments/scrapanium-wss-recv-cold-20260924/build/wss-recv-coalescing/backend-work/build/deps/install/include/ares.h:421:19: warning: identifier '_S6_u8' is reserved because it starts with '_' followed by a capital letter [-Wreserved-identifier]
  421 |     unsigned char _S6_u8[16];
      |                   ^
/home/baidu/scrapanium-experiments/scrapanium-wss-recv-cold-20260924/build/wss-recv-coalescing/backend-work/build/deps/install/include/ares.h:422:5: warning: identifier '_S6_un' is reserved because it starts with '_' followed by a capital letter [-Wreserved-identifier]
  422 |   } _S6_un;
      |     ^
2 warnings generated.
[217/443] Building C object lib/CMakeFiles/libcurl_shared.dir/cshutdn.c.o
In file included from /home/baidu/scrapanium-experiments/scrapanium-wss-recv-cold-20260924/build/wss-recv-coalescing/backend-work/build/deps/src/curl/lib/cshutdn.c:27:
In file included from /home/baidu/scrapanium-experiments/scrapanium-wss-recv-cold-20260924/build/wss-recv-coalescing/backend-work/build/deps/src/curl/lib/urldata.h:73:
In file included from /home/baidu/scrapanium-experiments/scrapanium-wss-recv-cold-20260924/build/wss-recv-coalescing/backend-work/build/deps/src/curl/lib/vdns/asyn.h:29:
In file included from /home/baidu/scrapanium-experiments/scrapanium-wss-recv-cold-20260924/build/wss-recv-coalescing/backend-work/build/deps/src/curl/lib/vdns/httpsrr.h:29:
/home/baidu/scrapanium-experiments/scrapanium-wss-recv-cold-20260924/build/wss-recv-coalescing/backend-work/build/deps/install/include/ares.h:421:19: warning: identifier '_S6_u8' is reserved because it starts with '_' followed by a capital letter [-Wreserved-identifier]
  421 |     unsigned char _S6_u8[16];
      |                   ^
/home/baidu/scrapanium-experiments/scrapanium-wss-recv-cold-20260924/build/wss-recv-coalescing/backend-work/build/deps/install/include/ares.h:422:5: warning: identifier '_S6_un' is reserved because it starts with '_' followed by a capital letter [-Wreserved-identifier]
  422 |   } _S6_un;
      |     ^
2 warnings generated.
[218/443] Building C object lib/CMakeFiles/libcurl_shared.dir/curl_endian.c.o
[219/443] Building C object lib/CMakeFiles/libcurl_shared.dir/curl_addrinfo.c.o
In file included from /home/baidu/scrapanium-experiments/scrapanium-wss-recv-cold-20260924/build/wss-recv-coalescing/backend-work/build/deps/src/curl/lib/curl_addrinfo.c:50:
In file included from /home/baidu/scrapanium-experiments/scrapanium-wss-recv-cold-20260924/build/wss-recv-coalescing/backend-work/build/deps/src/curl/lib/fake_addrinfo.h:29:
/home/baidu/scrapanium-experiments/scrapanium-wss-recv-cold-20260924/build/wss-recv-coalescing/backend-work/build/deps/install/include/ares.h:421:19: warning: identifier '_S6_u8' is reserved because it starts with '_' followed by a capital letter [-Wreserved-identifier]
  421 |     unsigned char _S6_u8[16];
      |                   ^
/home/baidu/scrapanium-experiments/scrapanium-wss-recv-cold-20260924/build/wss-recv-coalescing/backend-work/build/deps/install/include/ares.h:422:5: warning: identifier '_S6_un' is reserved because it starts with '_' followed by a capital letter [-Wreserved-identifier]
  422 |   } _S6_un;
      |     ^
2 warnings generated.
[220/443] Building C object lib/CMakeFiles/libcurl_shared.dir/curl_fnmatch.c.o
[221/443] Building C object lib/CMakeFiles/libcurl_shared.dir/curl_get_line.c.o
[222/443] Building C object lib/CMakeFiles/libcurl_shared.dir/curl_gethostname.c.o
[223/443] Building C object lib/CMakeFiles/libcurl_shared.dir/curl_fopen.c.o
In file included from /home/baidu/scrapanium-experiments/scrapanium-wss-recv-cold-20260924/build/wss-recv-coalescing/backend-work/build/deps/src/curl/lib/curl_fopen.c:29:
In file included from /home/baidu/scrapanium-experiments/scrapanium-wss-recv-cold-20260924/build/wss-recv-coalescing/backend-work/build/deps/src/curl/lib/urldata.h:73:
In file included from /home/baidu/scrapanium-experiments/scrapanium-wss-recv-cold-20260924/build/wss-recv-coalescing/backend-work/build/deps/src/curl/lib/vdns/asyn.h:29:
In file included from /home/baidu/scrapanium-experiments/scrapanium-wss-recv-cold-20260924/build/wss-recv-coalescing/backend-work/build/deps/src/curl/lib/vdns/httpsrr.h:29:
/home/baidu/scrapanium-experiments/scrapanium-wss-recv-cold-20260924/build/wss-recv-coalescing/backend-work/build/deps/install/include/ares.h:421:19: warning: identifier '_S6_u8' is reserved because it starts with '_' followed by a capital letter [-Wreserved-identifier]
  421 |     unsigned char _S6_u8[16];
      |                   ^
/home/baidu/scrapanium-experiments/scrapanium-wss-recv-cold-20260924/build/wss-recv-coalescing/backend-work/build/deps/install/include/ares.h:422:5: warning: identifier '_S6_un' is reserved because it starts with '_' followed by a capital letter [-Wreserved-identifier]
  422 |   } _S6_un;
      |     ^
2 warnings generated.
[224/443] Building C object lib/CMakeFiles/libcurl_shared.dir/cookie.c.o
In file included from /home/baidu/scrapanium-experiments/scrapanium-wss-recv-cold-20260924/build/wss-recv-coalescing/backend-work/build/deps/src/curl/lib/cookie.c:28:
In file included from /home/baidu/scrapanium-experiments/scrapanium-wss-recv-cold-20260924/build/wss-recv-coalescing/backend-work/build/deps/src/curl/lib/urldata.h:73:
In file included from /home/baidu/scrapanium-experiments/scrapanium-wss-recv-cold-20260924/build/wss-recv-coalescing/backend-work/build/deps/src/curl/lib/vdns/asyn.h:29:
In file included from /home/baidu/scrapanium-experiments/scrapanium-wss-recv-cold-20260924/build/wss-recv-coalescing/backend-work/build/deps/src/curl/lib/vdns/httpsrr.h:29:
/home/baidu/scrapanium-experiments/scrapanium-wss-recv-cold-20260924/build/wss-recv-coalescing/backend-work/build/deps/install/include/ares.h:421:19: warning: identifier '_S6_u8' is reserved because it starts with '_' followed by a capital letter [-Wreserved-identifier]
  421 |     unsigned char _S6_u8[16];
      |                   ^
/home/baidu/scrapanium-experiments/scrapanium-wss-recv-cold-20260924/build/wss-recv-coalescing/backend-work/build/deps/install/include/ares.h:422:5: warning: identifier '_S6_un' is reserved because it starts with '_' followed by a capital letter [-Wreserved-identifier]
  422 |   } _S6_un;
      |     ^
2 warnings generated.
[225/443] Building C object lib/CMakeFiles/libcurl_shared.dir/curl_gssapi.c.o
[226/443] Building C object lib/CMakeFiles/libcurl_shared.dir/curl_memrchr.c.o
[227/443] Building C object lib/CMakeFiles/libcurl_shared.dir/curl_ntlm_core.c.o
[228/443] Building C object lib/CMakeFiles/libcurl_shared.dir/curl_range.c.o
In file included from /home/baidu/scrapanium-experiments/scrapanium-wss-recv-cold-20260924/build/wss-recv-coalescing/backend-work/build/deps/src/curl/lib/curl_range.c:26:
In file included from /home/baidu/scrapanium-experiments/scrapanium-wss-recv-cold-20260924/build/wss-recv-coalescing/backend-work/build/deps/src/curl/lib/curl_range.h:28:
In file included from /home/baidu/scrapanium-experiments/scrapanium-wss-recv-cold-20260924/build/wss-recv-coalescing/backend-work/build/deps/src/curl/lib/urldata.h:73:
In file included from /home/baidu/scrapanium-experiments/scrapanium-wss-recv-cold-20260924/build/wss-recv-coalescing/backend-work/build/deps/src/curl/lib/vdns/asyn.h:29:
In file included from /home/baidu/scrapanium-experiments/scrapanium-wss-recv-cold-20260924/build/wss-recv-coalescing/backend-work/build/deps/src/curl/lib/vdns/httpsrr.h:29:
/home/baidu/scrapanium-experiments/scrapanium-wss-recv-cold-20260924/build/wss-recv-coalescing/backend-work/build/deps/install/include/ares.h:421:19: warning: identifier '_S6_u8' is reserved because it starts with '_' followed by a capital letter [-Wreserved-identifier]
  421 |     unsigned char _S6_u8[16];
      |                   ^
/home/baidu/scrapanium-experiments/scrapanium-wss-recv-cold-20260924/build/wss-recv-coalescing/backend-work/build/deps/install/include/ares.h:422:5: warning: identifier '_S6_un' is reserved because it starts with '_' followed by a capital letter [-Wreserved-identifier]
  422 |   } _S6_un;
      |     ^
2 warnings generated.
[229/443] Building C object lib/CMakeFiles/libcurl_shared.dir/curl_sha512_256.c.o
[230/443] Building C object lib/CMakeFiles/libcurl_shared.dir/curl_sspi.c.o
[231/443] Building C object lib/CMakeFiles/libcurl_shared.dir/curl_share.c.o
In file included from /home/baidu/scrapanium-experiments/scrapanium-wss-recv-cold-20260924/build/wss-recv-coalescing/backend-work/build/deps/src/curl/lib/curl_share.c:26:
In file included from /home/baidu/scrapanium-experiments/scrapanium-wss-recv-cold-20260924/build/wss-recv-coalescing/backend-work/build/deps/src/curl/lib/urldata.h:73:
In file included from /home/baidu/scrapanium-experiments/scrapanium-wss-recv-cold-20260924/build/wss-recv-coalescing/backend-work/build/deps/src/curl/lib/vdns/asyn.h:29:
In file included from /home/baidu/scrapanium-experiments/scrapanium-wss-recv-cold-20260924/build/wss-recv-coalescing/backend-work/build/deps/src/curl/lib/vdns/httpsrr.h:29:
/home/baidu/scrapanium-experiments/scrapanium-wss-recv-cold-20260924/build/wss-recv-coalescing/backend-work/build/deps/install/include/ares.h:421:19: warning: identifier '_S6_u8' is reserved because it starts with '_' followed by a capital letter [-Wreserved-identifier]
  421 |     unsigned char _S6_u8[16];
      |                   ^
/home/baidu/scrapanium-experiments/scrapanium-wss-recv-cold-20260924/build/wss-recv-coalescing/backend-work/build/deps/install/include/ares.h:422:5: warning: identifier '_S6_un' is reserved because it starts with '_' followed by a capital letter [-Wreserved-identifier]
  422 |   } _S6_un;
      |     ^
2 warnings generated.
[232/443] Building C object lib/CMakeFiles/libcurl_shared.dir/curl_threads.c.o
[233/443] Building C object lib/CMakeFiles/libcurl_shared.dir/curl_sasl.c.o
In file included from /home/baidu/scrapanium-experiments/scrapanium-wss-recv-cold-20260924/build/wss-recv-coalescing/backend-work/build/deps/src/curl/lib/curl_sasl.c:41:
In file included from /home/baidu/scrapanium-experiments/scrapanium-wss-recv-cold-20260924/build/wss-recv-coalescing/backend-work/build/deps/src/curl/lib/urldata.h:73:
In file included from /home/baidu/scrapanium-experiments/scrapanium-wss-recv-cold-20260924/build/wss-recv-coalescing/backend-work/build/deps/src/curl/lib/vdns/asyn.h:29:
In file included from /home/baidu/scrapanium-experiments/scrapanium-wss-recv-cold-20260924/build/wss-recv-coalescing/backend-work/build/deps/src/curl/lib/vdns/httpsrr.h:29:
/home/baidu/scrapanium-experiments/scrapanium-wss-recv-cold-20260924/build/wss-recv-coalescing/backend-work/build/deps/install/include/ares.h:421:19: warning: identifier '_S6_u8' is reserved because it starts with '_' followed by a capital letter [-Wreserved-identifier]
  421 |     unsigned char _S6_u8[16];
      |                   ^
/home/baidu/scrapanium-experiments/scrapanium-wss-recv-cold-20260924/build/wss-recv-coalescing/backend-work/build/deps/install/include/ares.h:422:5: warning: identifier '_S6_un' is reserved because it starts with '_' followed by a capital letter [-Wreserved-identifier]
  422 |   } _S6_un;
      |     ^
2 warnings generated.
[234/443] Building C object lib/CMakeFiles/libcurl_shared.dir/cw-pause.c.o
In file included from /home/baidu/scrapanium-experiments/scrapanium-wss-recv-cold-20260924/build/wss-recv-coalescing/backend-work/build/deps/src/curl/lib/cw-pause.c:26:
In file included from /home/baidu/scrapanium-experiments/scrapanium-wss-recv-cold-20260924/build/wss-recv-coalescing/backend-work/build/deps/src/curl/lib/urldata.h:73:
In file included from /home/baidu/scrapanium-experiments/scrapanium-wss-recv-cold-20260924/build/wss-recv-coalescing/backend-work/build/deps/src/curl/lib/vdns/asyn.h:29:
In file included from /home/baidu/scrapanium-experiments/scrapanium-wss-recv-cold-20260924/build/wss-recv-coalescing/backend-work/build/deps/src/curl/lib/vdns/httpsrr.h:29:
/home/baidu/scrapanium-experiments/scrapanium-wss-recv-cold-20260924/build/wss-recv-coalescing/backend-work/build/deps/install/include/ares.h:421:19: warning: identifier '_S6_u8' is reserved because it starts with '_' followed by a capital letter [-Wreserved-identifier]
  421 |     unsigned char _S6_u8[16];
      |                   ^
/home/baidu/scrapanium-experiments/scrapanium-wss-recv-cold-20260924/build/wss-recv-coalescing/backend-work/build/deps/install/include/ares.h:422:5: warning: identifier '_S6_un' is reserved because it starts with '_' followed by a capital letter [-Wreserved-identifier]
  422 |   } _S6_un;
      |     ^
2 warnings generated.
[235/443] Building C object lib/CMakeFiles/libcurl_shared.dir/dict.c.o
In file included from /home/baidu/scrapanium-experiments/scrapanium-wss-recv-cold-20260924/build/wss-recv-coalescing/backend-work/build/deps/src/curl/lib/dict.c:25:
In file included from /home/baidu/scrapanium-experiments/scrapanium-wss-recv-cold-20260924/build/wss-recv-coalescing/backend-work/build/deps/src/curl/lib/urldata.h:73:
In file included from /home/baidu/scrapanium-experiments/scrapanium-wss-recv-cold-20260924/build/wss-recv-coalescing/backend-work/build/deps/src/curl/lib/vdns/asyn.h:29:
In file included from /home/baidu/scrapanium-experiments/scrapanium-wss-recv-cold-20260924/build/wss-recv-coalescing/backend-work/build/deps/src/curl/lib/vdns/httpsrr.h:29:
/home/baidu/scrapanium-experiments/scrapanium-wss-recv-cold-20260924/build/wss-recv-coalescing/backend-work/build/deps/install/include/ares.h:421:19: warning: identifier '_S6_u8' is reserved because it starts with '_' followed by a capital letter [-Wreserved-identifier]
  421 |     unsigned char _S6_u8[16];
      |                   ^
/home/baidu/scrapanium-experiments/scrapanium-wss-recv-cold-20260924/build/wss-recv-coalescing/backend-work/build/deps/install/include/ares.h:422:5: warning: identifier '_S6_un' is reserved because it starts with '_' followed by a capital letter [-Wreserved-identifier]
  422 |   } _S6_un;
      |     ^
2 warnings generated.
[236/443] Building C object lib/CMakeFiles/libcurl_shared.dir/cw-out.c.o
In file included from /home/baidu/scrapanium-experiments/scrapanium-wss-recv-cold-20260924/build/wss-recv-coalescing/backend-work/build/deps/src/curl/lib/cw-out.c:26:
In file included from /home/baidu/scrapanium-experiments/scrapanium-wss-recv-cold-20260924/build/wss-recv-coalescing/backend-work/build/deps/src/curl/lib/urldata.h:73:
In file included from /home/baidu/scrapanium-experiments/scrapanium-wss-recv-cold-20260924/build/wss-recv-coalescing/backend-work/build/deps/src/curl/lib/vdns/asyn.h:29:
In file included from /home/baidu/scrapanium-experiments/scrapanium-wss-recv-cold-20260924/build/wss-recv-coalescing/backend-work/build/deps/src/curl/lib/vdns/httpsrr.h:29:
/home/baidu/scrapanium-experiments/scrapanium-wss-recv-cold-20260924/build/wss-recv-coalescing/backend-work/build/deps/install/include/ares.h:421:19: warning: identifier '_S6_u8' is reserved because it starts with '_' followed by a capital letter [-Wreserved-identifier]
  421 |     unsigned char _S6_u8[16];
      |                   ^
/home/baidu/scrapanium-experiments/scrapanium-wss-recv-cold-20260924/build/wss-recv-coalescing/backend-work/build/deps/install/include/ares.h:422:5: warning: identifier '_S6_un' is reserved because it starts with '_' followed by a capital letter [-Wreserved-identifier]
  422 |   } _S6_un;
      |     ^
2 warnings generated.
[237/443] Building C object lib/CMakeFiles/libcurl_shared.dir/curl_trc.c.o
In file included from /home/baidu/scrapanium-experiments/scrapanium-wss-recv-cold-20260924/build/wss-recv-coalescing/backend-work/build/deps/src/curl/lib/curl_trc.c:27:
In file included from /home/baidu/scrapanium-experiments/scrapanium-wss-recv-cold-20260924/build/wss-recv-coalescing/backend-work/build/deps/src/curl/lib/urldata.h:73:
In file included from /home/baidu/scrapanium-experiments/scrapanium-wss-recv-cold-20260924/build/wss-recv-coalescing/backend-work/build/deps/src/curl/lib/vdns/asyn.h:29:
In file included from /home/baidu/scrapanium-experiments/scrapanium-wss-recv-cold-20260924/build/wss-recv-coalescing/backend-work/build/deps/src/curl/lib/vdns/httpsrr.h:29:
/home/baidu/scrapanium-experiments/scrapanium-wss-recv-cold-20260924/build/wss-recv-coalescing/backend-work/build/deps/install/include/ares.h:421:19: warning: identifier '_S6_u8' is reserved because it starts with '_' followed by a capital letter [-Wreserved-identifier]
  421 |     unsigned char _S6_u8[16];
      |                   ^
/home/baidu/scrapanium-experiments/scrapanium-wss-recv-cold-20260924/build/wss-recv-coalescing/backend-work/build/deps/install/include/ares.h:422:5: warning: identifier '_S6_un' is reserved because it starts with '_' followed by a capital letter [-Wreserved-identifier]
  422 |   } _S6_un;
      |     ^
2 warnings generated.
[238/443] Building C object lib/CMakeFiles/libcurl_shared.dir/easygetopt.c.o
[239/443] Building C object lib/CMakeFiles/libcurl_shared.dir/dynhds.c.o
[240/443] Building C object lib/CMakeFiles/libcurl_shared.dir/easyoptions.c.o
[241/443] Building C object lib/CMakeFiles/libcurl_shared.dir/fake_addrinfo.c.o
In file included from /home/baidu/scrapanium-experiments/scrapanium-wss-recv-cold-20260924/build/wss-recv-coalescing/backend-work/build/deps/src/curl/lib/fake_addrinfo.c:26:
In file included from /home/baidu/scrapanium-experiments/scrapanium-wss-recv-cold-20260924/build/wss-recv-coalescing/backend-work/build/deps/src/curl/lib/fake_addrinfo.h:29:
/home/baidu/scrapanium-experiments/scrapanium-wss-recv-cold-20260924/build/wss-recv-coalescing/backend-work/build/deps/install/include/ares.h:421:19: warning: identifier '_S6_u8' is reserved because it starts with '_' followed by a capital letter [-Wreserved-identifier]
  421 |     unsigned char _S6_u8[16];
      |                   ^
/home/baidu/scrapanium-experiments/scrapanium-wss-recv-cold-20260924/build/wss-recv-coalescing/backend-work/build/deps/install/include/ares.h:422:5: warning: identifier '_S6_un' is reserved because it starts with '_' followed by a capital letter [-Wreserved-identifier]
  422 |   } _S6_un;
      |     ^
2 warnings generated.
[242/443] Building C object lib/CMakeFiles/libcurl_shared.dir/fileinfo.c.o
[243/443] Building C object lib/CMakeFiles/libcurl_shared.dir/escape.c.o
In file included from /home/baidu/scrapanium-experiments/scrapanium-wss-recv-cold-20260924/build/wss-recv-coalescing/backend-work/build/deps/src/curl/lib/escape.c:30:
In file included from /home/baidu/scrapanium-experiments/scrapanium-wss-recv-cold-20260924/build/wss-recv-coalescing/backend-work/build/deps/src/curl/lib/urldata.h:73:
In file included from /home/baidu/scrapanium-experiments/scrapanium-wss-recv-cold-20260924/build/wss-recv-coalescing/backend-work/build/deps/src/curl/lib/vdns/asyn.h:29:
In file included from /home/baidu/scrapanium-experiments/scrapanium-wss-recv-cold-20260924/build/wss-recv-coalescing/backend-work/build/deps/src/curl/lib/vdns/httpsrr.h:29:
/home/baidu/scrapanium-experiments/scrapanium-wss-recv-cold-20260924/build/wss-recv-coalescing/backend-work/build/deps/install/include/ares.h:421:19: warning: identifier '_S6_u8' is reserved because it starts with '_' followed by a capital letter [-Wreserved-identifier]
  421 |     unsigned char _S6_u8[16];
      |                   ^
/home/baidu/scrapanium-experiments/scrapanium-wss-recv-cold-20260924/build/wss-recv-coalescing/backend-work/build/deps/install/include/ares.h:422:5: warning: identifier '_S6_un' is reserved because it starts with '_' followed by a capital letter [-Wreserved-identifier]
  422 |   } _S6_un;
      |     ^
2 warnings generated.
[244/443] Building C object lib/CMakeFiles/libcurl_shared.dir/file.c.o
In file included from /home/baidu/scrapanium-experiments/scrapanium-wss-recv-cold-20260924/build/wss-recv-coalescing/backend-work/build/deps/src/curl/lib/file.c:25:
In file included from /home/baidu/scrapanium-experiments/scrapanium-wss-recv-cold-20260924/build/wss-recv-coalescing/backend-work/build/deps/src/curl/lib/urldata.h:73:
In file included from /home/baidu/scrapanium-experiments/scrapanium-wss-recv-cold-20260924/build/wss-recv-coalescing/backend-work/build/deps/src/curl/lib/vdns/asyn.h:29:
In file included from /home/baidu/scrapanium-experiments/scrapanium-wss-recv-cold-20260924/build/wss-recv-coalescing/backend-work/build/deps/src/curl/lib/vdns/httpsrr.h:29:
/home/baidu/scrapanium-experiments/scrapanium-wss-recv-cold-20260924/build/wss-recv-coalescing/backend-work/build/deps/install/include/ares.h:421:19: warning: identifier '_S6_u8' is reserved because it starts with '_' followed by a capital letter [-Wreserved-identifier]
  421 |     unsigned char _S6_u8[16];
      |                   ^
/home/baidu/scrapanium-experiments/scrapanium-wss-recv-cold-20260924/build/wss-recv-coalescing/backend-work/build/deps/install/include/ares.h:422:5: warning: identifier '_S6_un' is reserved because it starts with '_' followed by a capital letter [-Wreserved-identifier]
  422 |   } _S6_un;
      |     ^
2 warnings generated.
[245/443] Building C object lib/CMakeFiles/libcurl_shared.dir/formdata.c.o
In file included from /home/baidu/scrapanium-experiments/scrapanium-wss-recv-cold-20260924/build/wss-recv-coalescing/backend-work/build/deps/src/curl/lib/formdata.c:32:
In file included from /home/baidu/scrapanium-experiments/scrapanium-wss-recv-cold-20260924/build/wss-recv-coalescing/backend-work/build/deps/src/curl/lib/urldata.h:73:
In file included from /home/baidu/scrapanium-experiments/scrapanium-wss-recv-cold-20260924/build/wss-recv-coalescing/backend-work/build/deps/src/curl/lib/vdns/asyn.h:29:
In file included from /home/baidu/scrapanium-experiments/scrapanium-wss-recv-cold-20260924/build/wss-recv-coalescing/backend-work/build/deps/src/curl/lib/vdns/httpsrr.h:29:
/home/baidu/scrapanium-experiments/scrapanium-wss-recv-cold-20260924/build/wss-recv-coalescing/backend-work/build/deps/install/include/ares.h:421:19: warning: identifier '_S6_u8' is reserved because it starts with '_' followed by a capital letter [-Wreserved-identifier]
  421 |     unsigned char _S6_u8[16];
      |                   ^
/home/baidu/scrapanium-experiments/scrapanium-wss-recv-cold-20260924/build/wss-recv-coalescing/backend-work/build/deps/install/include/ares.h:422:5: warning: identifier '_S6_un' is reserved because it starts with '_' followed by a capital letter [-Wreserved-identifier]
  422 |   } _S6_un;
      |     ^
2 warnings generated.
[246/443] Building C object lib/CMakeFiles/libcurl_shared.dir/ftplistparser.c.o
In file included from /home/baidu/scrapanium-experiments/scrapanium-wss-recv-cold-20260924/build/wss-recv-coalescing/backend-work/build/deps/src/curl/lib/ftplistparser.c:43:
In file included from /home/baidu/scrapanium-experiments/scrapanium-wss-recv-cold-20260924/build/wss-recv-coalescing/backend-work/build/deps/src/curl/lib/urldata.h:73:
In file included from /home/baidu/scrapanium-experiments/scrapanium-wss-recv-cold-20260924/build/wss-recv-coalescing/backend-work/build/deps/src/curl/lib/vdns/asyn.h:29:
In file included from /home/baidu/scrapanium-experiments/scrapanium-wss-recv-cold-20260924/build/wss-recv-coalescing/backend-work/build/deps/src/curl/lib/vdns/httpsrr.h:29:
/home/baidu/scrapanium-experiments/scrapanium-wss-recv-cold-20260924/build/wss-recv-coalescing/backend-work/build/deps/install/include/ares.h:421:19: warning: identifier '_S6_u8' is reserved because it starts with '_' followed by a capital letter [-Wreserved-identifier]
  421 |     unsigned char _S6_u8[16];
      |                   ^
/home/baidu/scrapanium-experiments/scrapanium-wss-recv-cold-20260924/build/wss-recv-coalescing/backend-work/build/deps/install/include/ares.h:422:5: warning: identifier '_S6_un' is reserved because it starts with '_' followed by a capital letter [-Wreserved-identifier]
  422 |   } _S6_un;
      |     ^
2 warnings generated.
[247/443] Building C object lib/CMakeFiles/libcurl_shared.dir/getenv.c.o
[248/443] Building C object lib/CMakeFiles/libcurl_shared.dir/easy.c.o
In file included from /home/baidu/scrapanium-experiments/scrapanium-wss-recv-cold-20260924/build/wss-recv-coalescing/backend-work/build/deps/src/curl/lib/easy.c:46:
In file included from /home/baidu/scrapanium-experiments/scrapanium-wss-recv-cold-20260924/build/wss-recv-coalescing/backend-work/build/deps/src/curl/lib/urldata.h:73:
In file included from /home/baidu/scrapanium-experiments/scrapanium-wss-recv-cold-20260924/build/wss-recv-coalescing/backend-work/build/deps/src/curl/lib/vdns/asyn.h:29:
In file included from /home/baidu/scrapanium-experiments/scrapanium-wss-recv-cold-20260924/build/wss-recv-coalescing/backend-work/build/deps/src/curl/lib/vdns/httpsrr.h:29:
/home/baidu/scrapanium-experiments/scrapanium-wss-recv-cold-20260924/build/wss-recv-coalescing/backend-work/build/deps/install/include/ares.h:421:19: warning: identifier '_S6_u8' is reserved because it starts with '_' followed by a capital letter [-Wreserved-identifier]
  421 |     unsigned char _S6_u8[16];
      |                   ^
/home/baidu/scrapanium-experiments/scrapanium-wss-recv-cold-20260924/build/wss-recv-coalescing/backend-work/build/deps/install/include/ares.h:422:5: warning: identifier '_S6_un' is reserved because it starts with '_' followed by a capital letter [-Wreserved-identifier]
  422 |   } _S6_un;
      |     ^
/home/baidu/scrapanium-experiments/scrapanium-wss-recv-cold-20260924/build/wss-recv-coalescing/backend-work/build/deps/src/curl/lib/easy.c:341:17: warning: identifier '_do_impersonate' is reserved because it starts with '_' at global scope [-Wreserved-identifier]
  341 | static CURLcode _do_impersonate(struct Curl_easy *data,
      |                 ^
/home/baidu/scrapanium-experiments/scrapanium-wss-recv-cold-20260924/build/wss-recv-coalescing/backend-work/build/deps/src/curl/lib/easy.c:366:12: warning: implicit conversion from 'int' to enumeration type 'CURLcode' is invalid in C++ [-Wimplicit-int-enum-cast]
  366 |     return ret;
      |     ~~~~~~ ^~~
/home/baidu/scrapanium-experiments/scrapanium-wss-recv-cold-20260924/build/wss-recv-coalescing/backend-work/build/deps/src/curl/lib/easy.c:374:14: warning: implicit conversion from 'int' to enumeration type 'CURLcode' is invalid in C++ [-Wimplicit-int-enum-cast]
  374 |       return ret;
      |       ~~~~~~ ^~~
/home/baidu/scrapanium-experiments/scrapanium-wss-recv-cold-20260924/build/wss-recv-coalescing/backend-work/build/deps/src/curl/lib/easy.c:380:14: warning: implicit conversion from 'int' to enumeration type 'CURLcode' is invalid in C++ [-Wimplicit-int-enum-cast]
  380 |       return ret;
      |       ~~~~~~ ^~~
/home/baidu/scrapanium-experiments/scrapanium-wss-recv-cold-20260924/build/wss-recv-coalescing/backend-work/build/deps/src/curl/lib/easy.c:386:14: warning: implicit conversion from 'int' to enumeration type 'CURLcode' is invalid in C++ [-Wimplicit-int-enum-cast]
  386 |       return ret;
      |       ~~~~~~ ^~~
/home/baidu/scrapanium-experiments/scrapanium-wss-recv-cold-20260924/build/wss-recv-coalescing/backend-work/build/deps/src/curl/lib/easy.c:393:14: warning: implicit conversion from 'int' to enumeration type 'CURLcode' is invalid in C++ [-Wimplicit-int-enum-cast]
  393 |       return ret;
      |       ~~~~~~ ^~~
/home/baidu/scrapanium-experiments/scrapanium-wss-recv-cold-20260924/build/wss-recv-coalescing/backend-work/build/deps/src/curl/lib/easy.c:400:14: warning: implicit conversion from 'int' to enumeration type 'CURLcode' is invalid in C++ [-Wimplicit-int-enum-cast]
  400 |       return ret;
      |       ~~~~~~ ^~~
/home/baidu/scrapanium-experiments/scrapanium-wss-recv-cold-20260924/build/wss-recv-coalescing/backend-work/build/deps/src/curl/lib/easy.c:407:14: warning: implicit conversion from 'int' to enumeration type 'CURLcode' is invalid in C++ [-Wimplicit-int-enum-cast]
  407 |       return ret;
      |       ~~~~~~ ^~~
/home/baidu/scrapanium-experiments/scrapanium-wss-recv-cold-20260924/build/wss-recv-coalescing/backend-work/build/deps/src/curl/lib/easy.c:413:12: warning: implicit conversion from 'int' to enumeration type 'CURLcode' is invalid in C++ [-Wimplicit-int-enum-cast]
  413 |     return ret;
      |     ~~~~~~ ^~~
/home/baidu/scrapanium-experiments/scrapanium-wss-recv-cold-20260924/build/wss-recv-coalescing/backend-work/build/deps/src/curl/lib/easy.c:417:12: warning: implicit conversion from 'int' to enumeration type 'CURLcode' is invalid in C++ [-Wimplicit-int-enum-cast]
  417 |     return ret;
      |     ~~~~~~ ^~~
/home/baidu/scrapanium-experiments/scrapanium-wss-recv-cold-20260924/build/wss-recv-coalescing/backend-work/build/deps/src/curl/lib/easy.c:421:12: warning: implicit conversion from 'int' to enumeration type 'CURLcode' is invalid in C++ [-Wimplicit-int-enum-cast]
  421 |     return ret;
      |     ~~~~~~ ^~~
/home/baidu/scrapanium-experiments/scrapanium-wss-recv-cold-20260924/build/wss-recv-coalescing/backend-work/build/deps/src/curl/lib/easy.c:426:12: warning: implicit conversion from 'int' to enumeration type 'CURLcode' is invalid in C++ [-Wimplicit-int-enum-cast]
  426 |     return ret;
      |     ~~~~~~ ^~~
/home/baidu/scrapanium-experiments/scrapanium-wss-recv-cold-20260924/build/wss-recv-coalescing/backend-work/build/deps/src/curl/lib/easy.c:431:14: warning: implicit conversion from 'int' to enumeration type 'CURLcode' is invalid in C++ [-Wimplicit-int-enum-cast]
  431 |       return ret;
      |       ~~~~~~ ^~~
/home/baidu/scrapanium-experiments/scrapanium-wss-recv-cold-20260924/build/wss-recv-coalescing/backend-work/build/deps/src/curl/lib/easy.c:437:12: warning: implicit conversion from 'int' to enumeration type 'CURLcode' is invalid in C++ [-Wimplicit-int-enum-cast]
  437 |     return ret;
      |     ~~~~~~ ^~~
/home/baidu/scrapanium-experiments/scrapanium-wss-recv-cold-20260924/build/wss-recv-coalescing/backend-work/build/deps/src/curl/lib/easy.c:442:12: warning: implicit conversion from 'int' to enumeration type 'CURLcode' is invalid in C++ [-Wimplicit-int-enum-cast]
  442 |     return ret;
      |     ~~~~~~ ^~~
/home/baidu/scrapanium-experiments/scrapanium-wss-recv-cold-20260924/build/wss-recv-coalescing/backend-work/build/deps/src/curl/lib/easy.c:448:14: warning: implicit conversion from 'int' to enumeration type 'CURLcode' is invalid in C++ [-Wimplicit-int-enum-cast]
  448 |       return ret;
      |       ~~~~~~ ^~~
/home/baidu/scrapanium-experiments/scrapanium-wss-recv-cold-20260924/build/wss-recv-coalescing/backend-work/build/deps/src/curl/lib/easy.c:454:14: warning: implicit conversion from 'int' to enumeration type 'CURLcode' is invalid in C++ [-Wimplicit-int-enum-cast]
  454 |       return ret;
      |       ~~~~~~ ^~~
/home/baidu/scrapanium-experiments/scrapanium-wss-recv-cold-20260924/build/wss-recv-coalescing/backend-work/build/deps/src/curl/lib/easy.c:462:14: warning: implicit conversion from 'int' to enumeration type 'CURLcode' is invalid in C++ [-Wimplicit-int-enum-cast]
  462 |       return ret;
      |       ~~~~~~ ^~~
/home/baidu/scrapanium-experiments/scrapanium-wss-recv-cold-20260924/build/wss-recv-coalescing/backend-work/build/deps/src/curl/lib/easy.c:470:14: warning: implicit conversion from 'int' to enumeration type 'CURLcode' is invalid in C++ [-Wimplicit-int-enum-cast]
  470 |       return ret;
      |       ~~~~~~ ^~~
/home/baidu/scrapanium-experiments/scrapanium-wss-recv-cold-20260924/build/wss-recv-coalescing/backend-work/build/deps/src/curl/lib/easy.c:488:16: warning: implicit conversion from 'int' to enumeration type 'CURLcode' is invalid in C++ [-Wimplicit-int-enum-cast]
  488 |         return ret;
      |         ~~~~~~ ^~~
/home/baidu/scrapanium-experiments/scrapanium-wss-recv-cold-20260924/build/wss-recv-coalescing/backend-work/build/deps/src/curl/lib/easy.c:497:14: warning: implicit conversion from 'int' to enumeration type 'CURLcode' is invalid in C++ [-Wimplicit-int-enum-cast]
  497 |       return ret;
      |       ~~~~~~ ^~~
/home/baidu/scrapanium-experiments/scrapanium-wss-recv-cold-20260924/build/wss-recv-coalescing/backend-work/build/deps/src/curl/lib/easy.c:503:14: warning: implicit conversion from 'int' to enumeration type 'CURLcode' is invalid in C++ [-Wimplicit-int-enum-cast]
  503 |       return ret;
      |       ~~~~~~ ^~~
/home/baidu/scrapanium-experiments/scrapanium-wss-recv-cold-20260924/build/wss-recv-coalescing/backend-work/build/deps/src/curl/lib/easy.c:510:14: warning: implicit conversion from 'int' to enumeration type 'CURLcode' is invalid in C++ [-Wimplicit-int-enum-cast]
  510 |       return ret;
      |       ~~~~~~ ^~~
/home/baidu/scrapanium-experiments/scrapanium-wss-recv-cold-20260924/build/wss-recv-coalescing/backend-work/build/deps/src/curl/lib/easy.c:517:14: warning: implicit conversion from 'int' to enumeration type 'CURLcode' is invalid in C++ [-Wimplicit-int-enum-cast]
  517 |       return ret;
      |       ~~~~~~ ^~~
/home/baidu/scrapanium-experiments/scrapanium-wss-recv-cold-20260924/build/wss-recv-coalescing/backend-work/build/deps/src/curl/lib/easy.c:524:14: warning: implicit conversion from 'int' to enumeration type 'CURLcode' is invalid in C++ [-Wimplicit-int-enum-cast]
  524 |       return ret;
      |       ~~~~~~ ^~~
/home/baidu/scrapanium-experiments/scrapanium-wss-recv-cold-20260924/build/wss-recv-coalescing/backend-work/build/deps/src/curl/lib/easy.c:532:14: warning: implicit conversion from 'int' to enumeration type 'CURLcode' is invalid in C++ [-Wimplicit-int-enum-cast]
  532 |       return ret;
      |       ~~~~~~ ^~~
/home/baidu/scrapanium-experiments/scrapanium-wss-recv-cold-20260924/build/wss-recv-coalescing/backend-work/build/deps/src/curl/lib/easy.c:538:14: warning: implicit conversion from 'int' to enumeration type 'CURLcode' is invalid in C++ [-Wimplicit-int-enum-cast]
  538 |       return ret;
      |       ~~~~~~ ^~~
/home/baidu/scrapanium-experiments/scrapanium-wss-recv-cold-20260924/build/wss-recv-coalescing/backend-work/build/deps/src/curl/lib/easy.c:545:14: warning: implicit conversion from 'int' to enumeration type 'CURLcode' is invalid in C++ [-Wimplicit-int-enum-cast]
  545 |       return ret;
      |       ~~~~~~ ^~~
/home/baidu/scrapanium-experiments/scrapanium-wss-recv-cold-20260924/build/wss-recv-coalescing/backend-work/build/deps/src/curl/lib/easy.c:551:12: warning: implicit conversion from 'int' to enumeration type 'CURLcode' is invalid in C++ [-Wimplicit-int-enum-cast]
  551 |     return ret;
      |     ~~~~~~ ^~~
/home/baidu/scrapanium-experiments/scrapanium-wss-recv-cold-20260924/build/wss-recv-coalescing/backend-work/build/deps/src/curl/lib/easy.c:557:14: warning: implicit conversion from 'int' to enumeration type 'CURLcode' is invalid in C++ [-Wimplicit-int-enum-cast]
  557 |       return ret;
      |       ~~~~~~ ^~~
/home/baidu/scrapanium-experiments/scrapanium-wss-recv-cold-20260924/build/wss-recv-coalescing/backend-work/build/deps/src/curl/lib/easy.c:563:14: warning: implicit conversion from 'int' to enumeration type 'CURLcode' is invalid in C++ [-Wimplicit-int-enum-cast]
  563 |       return ret;
      |       ~~~~~~ ^~~
/home/baidu/scrapanium-experiments/scrapanium-wss-recv-cold-20260924/build/wss-recv-coalescing/backend-work/build/deps/src/curl/lib/easy.c:569:14: warning: implicit conversion from 'int' to enumeration type 'CURLcode' is invalid in C++ [-Wimplicit-int-enum-cast]
  569 |       return ret;
      |       ~~~~~~ ^~~
/home/baidu/scrapanium-experiments/scrapanium-wss-recv-cold-20260924/build/wss-recv-coalescing/backend-work/build/deps/src/curl/lib/easy.c:575:14: warning: implicit conversion from 'int' to enumeration type 'CURLcode' is invalid in C++ [-Wimplicit-int-enum-cast]
  575 |       return ret;
      |       ~~~~~~ ^~~
/home/baidu/scrapanium-experiments/scrapanium-wss-recv-cold-20260924/build/wss-recv-coalescing/backend-work/build/deps/src/curl/lib/easy.c:581:14: warning: implicit conversion from 'int' to enumeration type 'CURLcode' is invalid in C++ [-Wimplicit-int-enum-cast]
  581 |       return ret;
      |       ~~~~~~ ^~~
/home/baidu/scrapanium-experiments/scrapanium-wss-recv-cold-20260924/build/wss-recv-coalescing/backend-work/build/deps/src/curl/lib/easy.c:586:12: warning: implicit conversion from 'int' to enumeration type 'CURLcode' is invalid in C++ [-Wimplicit-int-enum-cast]
  586 |     return ret;
      |     ~~~~~~ ^~~
/home/baidu/scrapanium-experiments/scrapanium-wss-recv-cold-20260924/build/wss-recv-coalescing/backend-work/build/deps/src/curl/lib/easy.c:592:14: warning: implicit conversion from 'int' to enumeration type 'CURLcode' is invalid in C++ [-Wimplicit-int-enum-cast]
  592 |       return ret;
      |       ~~~~~~ ^~~
/home/baidu/scrapanium-experiments/scrapanium-wss-recv-cold-20260924/build/wss-recv-coalescing/backend-work/build/deps/src/curl/lib/easy.c:599:14: warning: implicit conversion from 'int' to enumeration type 'CURLcode' is invalid in C++ [-Wimplicit-int-enum-cast]
  599 |       return ret;
      |       ~~~~~~ ^~~
/home/baidu/scrapanium-experiments/scrapanium-wss-recv-cold-20260924/build/wss-recv-coalescing/backend-work/build/deps/src/curl/lib/easy.c:605:14: warning: implicit conversion from 'int' to enumeration type 'CURLcode' is invalid in C++ [-Wimplicit-int-enum-cast]
  605 |       return ret;
      |       ~~~~~~ ^~~
/home/baidu/scrapanium-experiments/scrapanium-wss-recv-cold-20260924/build/wss-recv-coalescing/backend-work/build/deps/src/curl/lib/easy.c:611:14: warning: implicit conversion from 'int' to enumeration type 'CURLcode' is invalid in C++ [-Wimplicit-int-enum-cast]
  611 |       return ret;
      |       ~~~~~~ ^~~
/home/baidu/scrapanium-experiments/scrapanium-wss-recv-cold-20260924/build/wss-recv-coalescing/backend-work/build/deps/src/curl/lib/easy.c:617:14: warning: implicit conversion from 'int' to enumeration type 'CURLcode' is invalid in C++ [-Wimplicit-int-enum-cast]
  617 |       return ret;
      |       ~~~~~~ ^~~
/home/baidu/scrapanium-experiments/scrapanium-wss-recv-cold-20260924/build/wss-recv-coalescing/backend-work/build/deps/src/curl/lib/easy.c:623:14: warning: implicit conversion from 'int' to enumeration type 'CURLcode' is invalid in C++ [-Wimplicit-int-enum-cast]
  623 |       return ret;
      |       ~~~~~~ ^~~
/home/baidu/scrapanium-experiments/scrapanium-wss-recv-cold-20260924/build/wss-recv-coalescing/backend-work/build/deps/src/curl/lib/easy.c:629:14: warning: implicit conversion from 'int' to enumeration type 'CURLcode' is invalid in C++ [-Wimplicit-int-enum-cast]
  629 |       return ret;
      |       ~~~~~~ ^~~
/home/baidu/scrapanium-experiments/scrapanium-wss-recv-cold-20260924/build/wss-recv-coalescing/backend-work/build/deps/src/curl/lib/easy.c:635:14: warning: implicit conversion from 'int' to enumeration type 'CURLcode' is invalid in C++ [-Wimplicit-int-enum-cast]
  635 |       return ret;
      |       ~~~~~~ ^~~
/home/baidu/scrapanium-experiments/scrapanium-wss-recv-cold-20260924/build/wss-recv-coalescing/backend-work/build/deps/src/curl/lib/easy.c:641:14: warning: implicit conversion from 'int' to enumeration type 'CURLcode' is invalid in C++ [-Wimplicit-int-enum-cast]
  641 |       return ret;
      |       ~~~~~~ ^~~
/home/baidu/scrapanium-experiments/scrapanium-wss-recv-cold-20260924/build/wss-recv-coalescing/backend-work/build/deps/src/curl/lib/easy.c:647:12: warning: implicit conversion from 'int' to enumeration type 'CURLcode' is invalid in C++ [-Wimplicit-int-enum-cast]
  647 |     return ret;
      |     ~~~~~~ ^~~
/home/baidu/scrapanium-experiments/scrapanium-wss-recv-cold-20260924/build/wss-recv-coalescing/backend-work/build/deps/src/curl/lib/easy.c:653:14: warning: implicit conversion from 'int' to enumeration type 'CURLcode' is invalid in C++ [-Wimplicit-int-enum-cast]
  653 |       return ret;
      |       ~~~~~~ ^~~
/home/baidu/scrapanium-experiments/scrapanium-wss-recv-cold-20260924/build/wss-recv-coalescing/backend-work/build/deps/src/curl/lib/easy.c:356:8: warning: mixing declarations and code is incompatible with standards before C99 [-Wdeclaration-after-statement]
  356 |   long selected_http_version;
      |        ^
/home/baidu/scrapanium-experiments/scrapanium-wss-recv-cold-20260924/build/wss-recv-coalescing/backend-work/build/deps/src/curl/lib/easy.c:356:8: warning: variable 'selected_http_version' set but not used [-Wunused-but-set-variable]
/home/baidu/scrapanium-experiments/scrapanium-wss-recv-cold-20260924/build/wss-recv-coalescing/backend-work/build/deps/src/curl/lib/easy.c:672:12: warning: implicit conversion from 'int' to enumeration type 'CURLcode' is invalid in C++ [-Wimplicit-int-enum-cast]
  672 |     return ret;
      |     ~~~~~~ ^~~
/home/baidu/scrapanium-experiments/scrapanium-wss-recv-cold-20260924/build/wss-recv-coalescing/backend-work/build/deps/src/curl/lib/easy.c:664:10: warning: no previous prototype for function 'curl_easy_impersonate_customized' [-Wmissing-prototypes]
  664 | CURLcode curl_easy_impersonate_customized(struct Curl_easy *data,
      |          ^
/home/baidu/scrapanium-experiments/scrapanium-wss-recv-cold-20260924/build/wss-recv-coalescing/backend-work/build/deps/src/curl/lib/easy.c:664:1: note: declare 'static' if the function is not intended to be used outside of this translation unit
  664 | CURLcode curl_easy_impersonate_customized(struct Curl_easy *data,
      | ^
      | static 
/home/baidu/scrapanium-experiments/scrapanium-wss-recv-cold-20260924/build/wss-recv-coalescing/backend-work/build/deps/src/curl/lib/easy.c:681:19: warning: implicit conversion loses integer precision: 'size_t' (aka 'unsigned long') to 'int' [-Wshorten-64-to-32]
  681 |   int high = size - 1;
      |       ~~~~   ~~~~~^~~
/home/baidu/scrapanium-experiments/scrapanium-wss-recv-cold-20260924/build/wss-recv-coalescing/backend-work/build/deps/src/curl/lib/easy.c:733:12: warning: implicit conversion from 'int' to enumeration type 'CURLcode' is invalid in C++ [-Wimplicit-int-enum-cast]
  733 |     return ret;
      |     ~~~~~~ ^~~
/home/baidu/scrapanium-experiments/scrapanium-wss-recv-cold-20260924/build/wss-recv-coalescing/backend-work/build/deps/src/curl/lib/easy.c:715:22: warning: comparison of integers of different signs: 'int' and 'const size_t' (aka 'const unsigned long') [-Wsign-compare]
  715 |     for(int i = 0; i < num_impersonations; ++i) {
      |                    ~ ^ ~~~~~~~~~~~~~~~~~~
/home/baidu/scrapanium-experiments/scrapanium-wss-recv-cold-20260924/build/wss-recv-coalescing/backend-work/build/deps/src/curl/lib/easy.c:372:11: warning: call to 'Wcurl_easy_setopt_err_long' declared with 'warning' attribute: curl_easy_setopt expects a long argument [-Wattribute-warning]
  372 |     ret = curl_easy_setopt(data, CURLOPT_SSLVERSION, opts->ssl_version);
      |           ^
/home/baidu/scrapanium-experiments/scrapanium-wss-recv-cold-20260924/build/wss-recv-coalescing/backend-work/build/deps/src/curl/include/curl/typecheck-gcc.h:50:13: note: expanded from macro 'curl_easy_setopt'
   50 |             Wcurl_easy_setopt_err_long();                               \
      |             ^
/home/baidu/scrapanium-experiments/scrapanium-wss-recv-cold-20260924/build/wss-recv-coalescing/backend-work/build/deps/src/curl/lib/easy.c:411:9: warning: call to 'Wcurl_easy_setopt_err_long' declared with 'warning' attribute: curl_easy_setopt expects a long argument [-Wattribute-warning]
  411 |   ret = curl_easy_setopt(data, CURLOPT_SSL_ENABLE_NPN, opts->npn ? 1 : 0);
      |         ^
/home/baidu/scrapanium-experiments/scrapanium-wss-recv-cold-20260924/build/wss-recv-coalescing/backend-work/build/deps/src/curl/include/curl/typecheck-gcc.h:50:13: note: expanded from macro 'curl_easy_setopt'
   50 |             Wcurl_easy_setopt_err_long();                               \
      |             ^
/home/baidu/scrapanium-experiments/scrapanium-wss-recv-cold-20260924/build/wss-recv-coalescing/backend-work/build/deps/src/curl/lib/easy.c:415:9: warning: call to 'Wcurl_easy_setopt_err_long' declared with 'warning' attribute: curl_easy_setopt expects a long argument [-Wattribute-warning]
  415 |   ret = curl_easy_setopt(data, CURLOPT_SSL_ENABLE_ALPN, opts->alpn ? 1 : 0);
      |         ^
/home/baidu/scrapanium-experiments/scrapanium-wss-recv-cold-20260924/build/wss-recv-coalescing/backend-work/build/deps/src/curl/include/curl/typecheck-gcc.h:50:13: note: expanded from macro 'curl_easy_setopt'
   50 |             Wcurl_easy_setopt_err_long();                               \
      |             ^
/home/baidu/scrapanium-experiments/scrapanium-wss-recv-cold-20260924/build/wss-recv-coalescing/backend-work/build/deps/src/curl/lib/easy.c:419:9: warning: call to 'Wcurl_easy_setopt_err_long' declared with 'warning' attribute: curl_easy_setopt expects a long argument [-Wattribute-warning]
  419 |   ret = curl_easy_setopt(data, CURLOPT_SSL_ENABLE_ALPS, opts->alps ? 1 : 0);
      |         ^
/home/baidu/scrapanium-experiments/scrapanium-wss-recv-cold-20260924/build/wss-recv-coalescing/backend-work/build/deps/src/curl/include/curl/typecheck-gcc.h:50:13: note: expanded from macro 'curl_easy_setopt'
   50 |             Wcurl_easy_setopt_err_long();                               \
      |             ^
/home/baidu/scrapanium-experiments/scrapanium-wss-recv-cold-20260924/build/wss-recv-coalescing/backend-work/build/deps/src/curl/lib/easy.c:423:9: warning: call to 'Wcurl_easy_setopt_err_long' declared with 'warning' attribute: curl_easy_setopt expects a long argument [-Wattribute-warning]
  423 |   ret = curl_easy_setopt(data, CURLOPT_SSL_ENABLE_TICKET,
      |         ^
/home/baidu/scrapanium-experiments/scrapanium-wss-recv-cold-20260924/build/wss-recv-coalescing/backend-work/build/deps/src/curl/include/curl/typecheck-gcc.h:50:13: note: expanded from macro 'curl_easy_setopt'
   50 |             Wcurl_easy_setopt_err_long();                               \
      |             ^
/home/baidu/scrapanium-experiments/scrapanium-wss-recv-cold-20260924/build/wss-recv-coalescing/backend-work/build/deps/src/curl/lib/easy.c:435:9: warning: call to 'Wcurl_easy_setopt_err_long' declared with 'warning' attribute: curl_easy_setopt expects a long argument [-Wattribute-warning]
  435 |   ret = curl_easy_setopt(data, CURLOPT_TLS_SIGNED_CERT_TIMESTAMPS, 1);
      |         ^
/home/baidu/scrapanium-experiments/scrapanium-wss-recv-cold-20260924/build/wss-recv-coalescing/backend-work/build/deps/src/curl/include/curl/typecheck-gcc.h:50:13: note: expanded from macro 'curl_easy_setopt'
   50 |             Wcurl_easy_setopt_err_long();                               \
      |             ^
/home/baidu/scrapanium-experiments/scrapanium-wss-recv-cold-20260924/build/wss-recv-coalescing/backend-work/build/deps/src/curl/lib/easy.c:440:9: warning: call to 'Wcurl_easy_setopt_err_long' declared with 'warning' attribute: curl_easy_setopt expects a long argument [-Wattribute-warning]
  440 |   ret = curl_easy_setopt(data, CURLOPT_TLS_STATUS_REQUEST, 1);
      |         ^
/home/baidu/scrapanium-experiments/scrapanium-wss-recv-cold-20260924/build/wss-recv-coalescing/backend-work/build/deps/src/curl/include/curl/typecheck-gcc.h:50:13: note: expanded from macro 'curl_easy_setopt'
   50 |             Wcurl_easy_setopt_err_long();                               \
      |             ^
/home/baidu/scrapanium-experiments/scrapanium-wss-recv-cold-20260924/build/wss-recv-coalescing/backend-work/build/deps/src/curl/lib/easy.c:452:11: warning: call to 'Wcurl_easy_setopt_err_long' declared with 'warning' attribute: curl_easy_setopt expects a long argument [-Wattribute-warning]
  452 |     ret = curl_easy_setopt(data, CURLOPT_SSL_PERMUTE_EXTENSIONS, 1);
      |           ^
/home/baidu/scrapanium-experiments/scrapanium-wss-recv-cold-20260924/build/wss-recv-coalescing/backend-work/build/deps/src/curl/include/curl/typecheck-gcc.h:50:13: note: expanded from macro 'curl_easy_setopt'
   50 |             Wcurl_easy_setopt_err_long();                               \
      |             ^
/home/baidu/scrapanium-experiments/scrapanium-wss-recv-cold-20260924/build/wss-recv-coalescing/backend-work/build/deps/src/curl/lib/easy.c:561:11: warning: call to 'Wcurl_easy_setopt_err_long' declared with 'warning' attribute: curl_easy_setopt expects a long argument [-Wattribute-warning]
  561 |     ret = curl_easy_setopt(data, CURLOPT_HTTP2_WINDOW_UPDATE, opts->http2_window_update);
      |           ^
/home/baidu/scrapanium-experiments/scrapanium-wss-recv-cold-20260924/build/wss-recv-coalescing/backend-work/build/deps/src/curl/include/curl/typecheck-gcc.h:50:13: note: expanded from macro 'curl_easy_setopt'
   50 |             Wcurl_easy_setopt_err_long();                               \
      |             ^
/home/baidu/scrapanium-experiments/scrapanium-wss-recv-cold-20260924/build/wss-recv-coalescing/backend-work/build/deps/src/curl/lib/easy.c:573:11: warning: call to 'Wcurl_easy_setopt_err_long' declared with 'warning' attribute: curl_easy_setopt expects a long argument [-Wattribute-warning]
  573 |     ret = curl_easy_setopt(data, CURLOPT_HTTP2_NO_PRIORITY, opts->http2_no_priority);
      |           ^
/home/baidu/scrapanium-experiments/scrapanium-wss-recv-cold-20260924/build/wss-recv-coalescing/backend-work/build/deps/src/curl/include/curl/typecheck-gcc.h:50:13: note: expanded from macro 'curl_easy_setopt'
   50 |             Wcurl_easy_setopt_err_long();                               \
      |             ^
/home/baidu/scrapanium-experiments/scrapanium-wss-recv-cold-20260924/build/wss-recv-coalescing/backend-work/build/deps/src/curl/lib/easy.c:584:9: warning: call to 'Wcurl_easy_setopt_err_long' declared with 'warning' attribute: curl_easy_setopt expects a long argument [-Wattribute-warning]
  584 |   ret = curl_easy_setopt(data, CURLOPT_TLS_GREASE, opts->tls_grease);
      |         ^
/home/baidu/scrapanium-experiments/scrapanium-wss-recv-cold-20260924/build/wss-recv-coalescing/backend-work/build/deps/src/curl/include/curl/typecheck-gcc.h:50:13: note: expanded from macro 'curl_easy_setopt'
   50 |             Wcurl_easy_setopt_err_long();                               \
      |             ^
/home/baidu/scrapanium-experiments/scrapanium-wss-recv-cold-20260924/build/wss-recv-coalescing/backend-work/build/deps/src/curl/lib/easy.c:609:11: warning: call to 'Wcurl_easy_setopt_err_long' declared with 'warning' attribute: curl_easy_setopt expects a long argument [-Wattribute-warning]
  609 |     ret = curl_easy_setopt(data, CURLOPT_TLS_RECORD_SIZE_LIMIT, opts->tls_record_size_limit);
      |           ^
/home/baidu/scrapanium-experiments/scrapanium-wss-recv-cold-20260924/build/wss-recv-coalescing/backend-work/build/deps/src/curl/include/curl/typecheck-gcc.h:50:13: note: expanded from macro 'curl_easy_setopt'
   50 |             Wcurl_easy_setopt_err_long();                               \
      |             ^
/home/baidu/scrapanium-experiments/scrapanium-wss-recv-cold-20260924/build/wss-recv-coalescing/backend-work/build/deps/src/curl/lib/easy.c:615:11: warning: call to 'Wcurl_easy_setopt_err_long' declared with 'warning' attribute: curl_easy_setopt expects a long argument [-Wattribute-warning]
  615 |     ret = curl_easy_setopt(data, CURLOPT_TLS_KEY_SHARES_LIMIT, opts->tls_key_shares_limit);
      |           ^
/home/baidu/scrapanium-experiments/scrapanium-wss-recv-cold-20260924/build/wss-recv-coalescing/backend-work/build/deps/src/curl/include/curl/typecheck-gcc.h:50:13: note: expanded from macro 'curl_easy_setopt'
   50 |             Wcurl_easy_setopt_err_long();                               \
      |             ^
/home/baidu/scrapanium-experiments/scrapanium-wss-recv-cold-20260924/build/wss-recv-coalescing/backend-work/build/deps/src/curl/lib/easy.c:621:11: warning: call to 'Wcurl_easy_setopt_err_long' declared with 'warning' attribute: curl_easy_setopt expects a long argument [-Wattribute-warning]
  621 |     ret = curl_easy_setopt(data, CURLOPT_TLS_USE_NEW_ALPS_CODEPOINT, opts->tls_use_new_alps_codepoint);
      |           ^
/home/baidu/scrapanium-experiments/scrapanium-wss-recv-cold-20260924/build/wss-recv-coalescing/backend-work/build/deps/src/curl/include/curl/typecheck-gcc.h:50:13: note: expanded from macro 'curl_easy_setopt'
   50 |             Wcurl_easy_setopt_err_long();                               \
      |             ^
/home/baidu/scrapanium-experiments/scrapanium-wss-recv-cold-20260924/build/wss-recv-coalescing/backend-work/build/deps/src/curl/lib/easy.c:627:11: warning: call to 'Wcurl_easy_setopt_err_long' declared with 'warning' attribute: curl_easy_setopt expects a long argument [-Wattribute-warning]
  627 |     ret = curl_easy_setopt(data, CURLOPT_STREAM_WEIGHT, opts->http2_stream_weight);
      |           ^
/home/baidu/scrapanium-experiments/scrapanium-wss-recv-cold-20260924/build/wss-recv-coalescing/backend-work/build/deps/src/curl/include/curl/typecheck-gcc.h:50:13: note: expanded from macro 'curl_easy_setopt'
   50 |             Wcurl_easy_setopt_err_long();                               \
      |             ^
/home/baidu/scrapanium-experiments/scrapanium-wss-recv-cold-20260924/build/wss-recv-coalescing/backend-work/build/deps/src/curl/lib/easy.c:633:11: warning: call to 'Wcurl_easy_setopt_err_long' declared with 'warning' attribute: curl_easy_setopt expects a long argument [-Wattribute-warning]
  633 |     ret = curl_easy_setopt(data, CURLOPT_STREAM_EXCLUSIVE, opts->http2_stream_exclusive);
      |           ^
/home/baidu/scrapanium-experiments/scrapanium-wss-recv-cold-20260924/build/wss-recv-coalescing/backend-work/build/deps/src/curl/include/curl/typecheck-gcc.h:50:13: note: expanded from macro 'curl_easy_setopt'
   50 |             Wcurl_easy_setopt_err_long();                               \
      |             ^
/home/baidu/scrapanium-experiments/scrapanium-wss-recv-cold-20260924/build/wss-recv-coalescing/backend-work/build/deps/src/curl/lib/easy.c:639:11: warning: call to 'Wcurl_easy_setopt_err_long' declared with 'warning' attribute: curl_easy_setopt expects a long argument [-Wattribute-warning]
  639 |     ret = curl_easy_setopt(data, CURLOPT_PROXY_CREDENTIAL_NO_REUSE, opts->proxy_credential_no_reuse);
      |           ^
/home/baidu/scrapanium-experiments/scrapanium-wss-recv-cold-20260924/build/wss-recv-coalescing/backend-work/build/deps/src/curl/include/curl/typecheck-gcc.h:50:13: note: expanded from macro 'curl_easy_setopt'
   50 |             Wcurl_easy_setopt_err_long();                               \
      |             ^
72 warnings generated.
[249/443] Building C object lib/CMakeFiles/libcurl_shared.dir/getinfo.c.o
In file included from /home/baidu/scrapanium-experiments/scrapanium-wss-recv-cold-20260924/build/wss-recv-coalescing/backend-work/build/deps/src/curl/lib/getinfo.c:26:
In file included from /home/baidu/scrapanium-experiments/scrapanium-wss-recv-cold-20260924/build/wss-recv-coalescing/backend-work/build/deps/src/curl/lib/urldata.h:73:
In file included from /home/baidu/scrapanium-experiments/scrapanium-wss-recv-cold-20260924/build/wss-recv-coalescing/backend-work/build/deps/src/curl/lib/vdns/asyn.h:29:
In file included from /home/baidu/scrapanium-experiments/scrapanium-wss-recv-cold-20260924/build/wss-recv-coalescing/backend-work/build/deps/src/curl/lib/vdns/httpsrr.h:29:
/home/baidu/scrapanium-experiments/scrapanium-wss-recv-cold-20260924/build/wss-recv-coalescing/backend-work/build/deps/install/include/ares.h:421:19: warning: identifier '_S6_u8' is reserved because it starts with '_' followed by a capital letter [-Wreserved-identifier]
  421 |     unsigned char _S6_u8[16];
      |                   ^
/home/baidu/scrapanium-experiments/scrapanium-wss-recv-cold-20260924/build/wss-recv-coalescing/backend-work/build/deps/install/include/ares.h:422:5: warning: identifier '_S6_un' is reserved because it starts with '_' followed by a capital letter [-Wreserved-identifier]
  422 |   } _S6_un;
      |     ^
2 warnings generated.
[250/443] Building C object lib/CMakeFiles/libcurl_shared.dir/gopher.c.o
In file included from /home/baidu/scrapanium-experiments/scrapanium-wss-recv-cold-20260924/build/wss-recv-coalescing/backend-work/build/deps/src/curl/lib/gopher.c:25:
In file included from /home/baidu/scrapanium-experiments/scrapanium-wss-recv-cold-20260924/build/wss-recv-coalescing/backend-work/build/deps/src/curl/lib/urldata.h:73:
In file included from /home/baidu/scrapanium-experiments/scrapanium-wss-recv-cold-20260924/build/wss-recv-coalescing/backend-work/build/deps/src/curl/lib/vdns/asyn.h:29:
In file included from /home/baidu/scrapanium-experiments/scrapanium-wss-recv-cold-20260924/build/wss-recv-coalescing/backend-work/build/deps/src/curl/lib/vdns/httpsrr.h:29:
/home/baidu/scrapanium-experiments/scrapanium-wss-recv-cold-20260924/build/wss-recv-coalescing/backend-work/build/deps/install/include/ares.h:421:19: warning: identifier '_S6_u8' is reserved because it starts with '_' followed by a capital letter [-Wreserved-identifier]
  421 |     unsigned char _S6_u8[16];
      |                   ^
/home/baidu/scrapanium-experiments/scrapanium-wss-recv-cold-20260924/build/wss-recv-coalescing/backend-work/build/deps/install/include/ares.h:422:5: warning: identifier '_S6_un' is reserved because it starts with '_' followed by a capital letter [-Wreserved-identifier]
  422 |   } _S6_un;
      |     ^
2 warnings generated.
[251/443] Building C object lib/CMakeFiles/libcurl_shared.dir/hash.c.o
[252/443] Building C object lib/CMakeFiles/libcurl_shared.dir/hmac.c.o
[253/443] Building C object lib/CMakeFiles/libcurl_shared.dir/headers.c.o
In file included from /home/baidu/scrapanium-experiments/scrapanium-wss-recv-cold-20260924/build/wss-recv-coalescing/backend-work/build/deps/src/curl/lib/headers.c:26:
In file included from /home/baidu/scrapanium-experiments/scrapanium-wss-recv-cold-20260924/build/wss-recv-coalescing/backend-work/build/deps/src/curl/lib/urldata.h:73:
In file included from /home/baidu/scrapanium-experiments/scrapanium-wss-recv-cold-20260924/build/wss-recv-coalescing/backend-work/build/deps/src/curl/lib/vdns/asyn.h:29:
In file included from /home/baidu/scrapanium-experiments/scrapanium-wss-recv-cold-20260924/build/wss-recv-coalescing/backend-work/build/deps/src/curl/lib/vdns/httpsrr.h:29:
/home/baidu/scrapanium-experiments/scrapanium-wss-recv-cold-20260924/build/wss-recv-coalescing/backend-work/build/deps/install/include/ares.h:421:19: warning: identifier '_S6_u8' is reserved because it starts with '_' followed by a capital letter [-Wreserved-identifier]
  421 |     unsigned char _S6_u8[16];
      |                   ^
/home/baidu/scrapanium-experiments/scrapanium-wss-recv-cold-20260924/build/wss-recv-coalescing/backend-work/build/deps/install/include/ares.h:422:5: warning: identifier '_S6_un' is reserved because it starts with '_' followed by a capital letter [-Wreserved-identifier]
  422 |   } _S6_un;
      |     ^
2 warnings generated.
[254/443] Building C object lib/CMakeFiles/libcurl_shared.dir/http1.c.o
In file included from /home/baidu/scrapanium-experiments/scrapanium-wss-recv-cold-20260924/build/wss-recv-coalescing/backend-work/build/deps/src/curl/lib/http1.c:28:
In file included from /home/baidu/scrapanium-experiments/scrapanium-wss-recv-cold-20260924/build/wss-recv-coalescing/backend-work/build/deps/src/curl/lib/urldata.h:73:
In file included from /home/baidu/scrapanium-experiments/scrapanium-wss-recv-cold-20260924/build/wss-recv-coalescing/backend-work/build/deps/src/curl/lib/vdns/asyn.h:29:
In file included from /home/baidu/scrapanium-experiments/scrapanium-wss-recv-cold-20260924/build/wss-recv-coalescing/backend-work/build/deps/src/curl/lib/vdns/httpsrr.h:29:
/home/baidu/scrapanium-experiments/scrapanium-wss-recv-cold-20260924/build/wss-recv-coalescing/backend-work/build/deps/install/include/ares.h:421:19: warning: identifier '_S6_u8' is reserved because it starts with '_' followed by a capital letter [-Wreserved-identifier]
  421 |     unsigned char _S6_u8[16];
      |                   ^
/home/baidu/scrapanium-experiments/scrapanium-wss-recv-cold-20260924/build/wss-recv-coalescing/backend-work/build/deps/install/include/ares.h:422:5: warning: identifier '_S6_un' is reserved because it starts with '_' followed by a capital letter [-Wreserved-identifier]
  422 |   } _S6_un;
      |     ^
2 warnings generated.
[255/443] Building C object lib/CMakeFiles/libcurl_shared.dir/hsts.c.o
In file included from /home/baidu/scrapanium-experiments/scrapanium-wss-recv-cold-20260924/build/wss-recv-coalescing/backend-work/build/deps/src/curl/lib/hsts.c:31:
In file included from /home/baidu/scrapanium-experiments/scrapanium-wss-recv-cold-20260924/build/wss-recv-coalescing/backend-work/build/deps/src/curl/lib/urldata.h:73:
In file included from /home/baidu/scrapanium-experiments/scrapanium-wss-recv-cold-20260924/build/wss-recv-coalescing/backend-work/build/deps/src/curl/lib/vdns/asyn.h:29:
In file included from /home/baidu/scrapanium-experiments/scrapanium-wss-recv-cold-20260924/build/wss-recv-coalescing/backend-work/build/deps/src/curl/lib/vdns/httpsrr.h:29:
/home/baidu/scrapanium-experiments/scrapanium-wss-recv-cold-20260924/build/wss-recv-coalescing/backend-work/build/deps/install/include/ares.h:421:19: warning: identifier '_S6_u8' is reserved because it starts with '_' followed by a capital letter [-Wreserved-identifier]
  421 |     unsigned char _S6_u8[16];
      |                   ^
/home/baidu/scrapanium-experiments/scrapanium-wss-recv-cold-20260924/build/wss-recv-coalescing/backend-work/build/deps/install/include/ares.h:422:5: warning: identifier '_S6_un' is reserved because it starts with '_' followed by a capital letter [-Wreserved-identifier]
  422 |   } _S6_un;
      |     ^
2 warnings generated.
[256/443] Building C object lib/CMakeFiles/libcurl_shared.dir/ftp.c.o
In file included from /home/baidu/scrapanium-experiments/scrapanium-wss-recv-cold-20260924/build/wss-recv-coalescing/backend-work/build/deps/src/curl/lib/ftp.c:25:
In file included from /home/baidu/scrapanium-experiments/scrapanium-wss-recv-cold-20260924/build/wss-recv-coalescing/backend-work/build/deps/src/curl/lib/urldata.h:73:
In file included from /home/baidu/scrapanium-experiments/scrapanium-wss-recv-cold-20260924/build/wss-recv-coalescing/backend-work/build/deps/src/curl/lib/vdns/asyn.h:29:
In file included from /home/baidu/scrapanium-experiments/scrapanium-wss-recv-cold-20260924/build/wss-recv-coalescing/backend-work/build/deps/src/curl/lib/vdns/httpsrr.h:29:
/home/baidu/scrapanium-experiments/scrapanium-wss-recv-cold-20260924/build/wss-recv-coalescing/backend-work/build/deps/install/include/ares.h:421:19: warning: identifier '_S6_u8' is reserved because it starts with '_' followed by a capital letter [-Wreserved-identifier]
  421 |     unsigned char _S6_u8[16];
      |                   ^
/home/baidu/scrapanium-experiments/scrapanium-wss-recv-cold-20260924/build/wss-recv-coalescing/backend-work/build/deps/install/include/ares.h:422:5: warning: identifier '_S6_un' is reserved because it starts with '_' followed by a capital letter [-Wreserved-identifier]
  422 |   } _S6_un;
      |     ^
2 warnings generated.
[257/443] Building C object lib/CMakeFiles/libcurl_shared.dir/http_httpsig.c.o
[258/443] Building C object lib/CMakeFiles/libcurl_shared.dir/curl_ed25519.c.o
[259/443] Building C object lib/CMakeFiles/libcurl_shared.dir/http_aws_sigv4.c.o
In file included from /home/baidu/scrapanium-experiments/scrapanium-wss-recv-cold-20260924/build/wss-recv-coalescing/backend-work/build/deps/src/curl/lib/http_aws_sigv4.c:28:
In file included from /home/baidu/scrapanium-experiments/scrapanium-wss-recv-cold-20260924/build/wss-recv-coalescing/backend-work/build/deps/src/curl/lib/urldata.h:73:
In file included from /home/baidu/scrapanium-experiments/scrapanium-wss-recv-cold-20260924/build/wss-recv-coalescing/backend-work/build/deps/src/curl/lib/vdns/asyn.h:29:
In file included from /home/baidu/scrapanium-experiments/scrapanium-wss-recv-cold-20260924/build/wss-recv-coalescing/backend-work/build/deps/src/curl/lib/vdns/httpsrr.h:29:
/home/baidu/scrapanium-experiments/scrapanium-wss-recv-cold-20260924/build/wss-recv-coalescing/backend-work/build/deps/install/include/ares.h:421:19: warning: identifier '_S6_u8' is reserved because it starts with '_' followed by a capital letter [-Wreserved-identifier]
  421 |     unsigned char _S6_u8[16];
      |                   ^
/home/baidu/scrapanium-experiments/scrapanium-wss-recv-cold-20260924/build/wss-recv-coalescing/backend-work/build/deps/install/include/ares.h:422:5: warning: identifier '_S6_un' is reserved because it starts with '_' followed by a capital letter [-Wreserved-identifier]
  422 |   } _S6_un;
      |     ^
2 warnings generated.
[260/443] Building C object lib/CMakeFiles/libcurl_shared.dir/http_chunks.c.o
In file included from /home/baidu/scrapanium-experiments/scrapanium-wss-recv-cold-20260924/build/wss-recv-coalescing/backend-work/build/deps/src/curl/lib/http_chunks.c:28:
In file included from /home/baidu/scrapanium-experiments/scrapanium-wss-recv-cold-20260924/build/wss-recv-coalescing/backend-work/build/deps/src/curl/lib/urldata.h:73:
In file included from /home/baidu/scrapanium-experiments/scrapanium-wss-recv-cold-20260924/build/wss-recv-coalescing/backend-work/build/deps/src/curl/lib/vdns/asyn.h:29:
In file included from /home/baidu/scrapanium-experiments/scrapanium-wss-recv-cold-20260924/build/wss-recv-coalescing/backend-work/build/deps/src/curl/lib/vdns/httpsrr.h:29:
/home/baidu/scrapanium-experiments/scrapanium-wss-recv-cold-20260924/build/wss-recv-coalescing/backend-work/build/deps/install/include/ares.h:421:19: warning: identifier '_S6_u8' is reserved because it starts with '_' followed by a capital letter [-Wreserved-identifier]
  421 |     unsigned char _S6_u8[16];
      |                   ^
/home/baidu/scrapanium-experiments/scrapanium-wss-recv-cold-20260924/build/wss-recv-coalescing/backend-work/build/deps/install/include/ares.h:422:5: warning: identifier '_S6_un' is reserved because it starts with '_' followed by a capital letter [-Wreserved-identifier]
  422 |   } _S6_un;
      |     ^
2 warnings generated.
[261/443] Building C object lib/CMakeFiles/libcurl_shared.dir/http_digest.c.o
In file included from /home/baidu/scrapanium-experiments/scrapanium-wss-recv-cold-20260924/build/wss-recv-coalescing/backend-work/build/deps/src/curl/lib/http_digest.c:28:
In file included from /home/baidu/scrapanium-experiments/scrapanium-wss-recv-cold-20260924/build/wss-recv-coalescing/backend-work/build/deps/src/curl/lib/urldata.h:73:
In file included from /home/baidu/scrapanium-experiments/scrapanium-wss-recv-cold-20260924/build/wss-recv-coalescing/backend-work/build/deps/src/curl/lib/vdns/asyn.h:29:
In file included from /home/baidu/scrapanium-experiments/scrapanium-wss-recv-cold-20260924/build/wss-recv-coalescing/backend-work/build/deps/src/curl/lib/vdns/httpsrr.h:29:
/home/baidu/scrapanium-experiments/scrapanium-wss-recv-cold-20260924/build/wss-recv-coalescing/backend-work/build/deps/install/include/ares.h:421:19: warning: identifier '_S6_u8' is reserved because it starts with '_' followed by a capital letter [-Wreserved-identifier]
  421 |     unsigned char _S6_u8[16];
      |                   ^
/home/baidu/scrapanium-experiments/scrapanium-wss-recv-cold-20260924/build/wss-recv-coalescing/backend-work/build/deps/install/include/ares.h:422:5: warning: identifier '_S6_un' is reserved because it starts with '_' followed by a capital letter [-Wreserved-identifier]
  422 |   } _S6_un;
      |     ^
2 warnings generated.
[262/443] Building C object lib/CMakeFiles/libcurl_shared.dir/http_negotiate.c.o
[263/443] Building C object lib/CMakeFiles/libcurl_shared.dir/http_ntlm.c.o
[264/443] Building C object lib/CMakeFiles/libcurl_shared.dir/idn.c.o
In file included from /home/baidu/scrapanium-experiments/scrapanium-wss-recv-cold-20260924/build/wss-recv-coalescing/backend-work/build/deps/src/curl/lib/idn.c:29:
In file included from /home/baidu/scrapanium-experiments/scrapanium-wss-recv-cold-20260924/build/wss-recv-coalescing/backend-work/build/deps/src/curl/lib/urldata.h:73:
In file included from /home/baidu/scrapanium-experiments/scrapanium-wss-recv-cold-20260924/build/wss-recv-coalescing/backend-work/build/deps/src/curl/lib/vdns/asyn.h:29:
In file included from /home/baidu/scrapanium-experiments/scrapanium-wss-recv-cold-20260924/build/wss-recv-coalescing/backend-work/build/deps/src/curl/lib/vdns/httpsrr.h:29:
/home/baidu/scrapanium-experiments/scrapanium-wss-recv-cold-20260924/build/wss-recv-coalescing/backend-work/build/deps/install/include/ares.h:421:19: warning: identifier '_S6_u8' is reserved because it starts with '_' followed by a capital letter [-Wreserved-identifier]
  421 |     unsigned char _S6_u8[16];
      |                   ^
/home/baidu/scrapanium-experiments/scrapanium-wss-recv-cold-20260924/build/wss-recv-coalescing/backend-work/build/deps/install/include/ares.h:422:5: warning: identifier '_S6_un' is reserved because it starts with '_' followed by a capital letter [-Wreserved-identifier]
  422 |   } _S6_un;
      |     ^
2 warnings generated.
[265/443] Building C object lib/CMakeFiles/libcurl_shared.dir/http2.c.o
In file included from /home/baidu/scrapanium-experiments/scrapanium-wss-recv-cold-20260924/build/wss-recv-coalescing/backend-work/build/deps/src/curl/lib/http2.c:29:
In file included from /home/baidu/scrapanium-experiments/scrapanium-wss-recv-cold-20260924/build/wss-recv-coalescing/backend-work/build/deps/src/curl/lib/urldata.h:73:
In file included from /home/baidu/scrapanium-experiments/scrapanium-wss-recv-cold-20260924/build/wss-recv-coalescing/backend-work/build/deps/src/curl/lib/vdns/asyn.h:29:
In file included from /home/baidu/scrapanium-experiments/scrapanium-wss-recv-cold-20260924/build/wss-recv-coalescing/backend-work/build/deps/src/curl/lib/vdns/httpsrr.h:29:
/home/baidu/scrapanium-experiments/scrapanium-wss-recv-cold-20260924/build/wss-recv-coalescing/backend-work/build/deps/install/include/ares.h:421:19: warning: identifier '_S6_u8' is reserved because it starts with '_' followed by a capital letter [-Wreserved-identifier]
  421 |     unsigned char _S6_u8[16];
      |                   ^
/home/baidu/scrapanium-experiments/scrapanium-wss-recv-cold-20260924/build/wss-recv-coalescing/backend-work/build/deps/install/include/ares.h:422:5: warning: identifier '_S6_un' is reserved because it starts with '_' followed by a capital letter [-Wreserved-identifier]
  422 |   } _S6_un;
      |     ^
/home/baidu/scrapanium-experiments/scrapanium-wss-recv-cold-20260924/build/wss-recv-coalescing/backend-work/build/deps/src/curl/lib/http2.c:346:17: warning: unused function 'http2_set_stream_priorities' [-Wunused-function]
  346 | static CURLcode http2_set_stream_priorities(struct Curl_cfilter *cf,
      |                 ^~~~~~~~~~~~~~~~~~~~~~~~~~~
3 warnings generated.
[266/443] Building C object lib/CMakeFiles/libcurl_shared.dir/http_proxy.c.o
In file included from /home/baidu/scrapanium-experiments/scrapanium-wss-recv-cold-20260924/build/wss-recv-coalescing/backend-work/build/deps/src/curl/lib/http_proxy.c:26:
In file included from /home/baidu/scrapanium-experiments/scrapanium-wss-recv-cold-20260924/build/wss-recv-coalescing/backend-work/build/deps/src/curl/lib/http_proxy.h:30:
In file included from /home/baidu/scrapanium-experiments/scrapanium-wss-recv-cold-20260924/build/wss-recv-coalescing/backend-work/build/deps/src/curl/lib/urldata.h:73:
In file included from /home/baidu/scrapanium-experiments/scrapanium-wss-recv-cold-20260924/build/wss-recv-coalescing/backend-work/build/deps/src/curl/lib/vdns/asyn.h:29:
In file included from /home/baidu/scrapanium-experiments/scrapanium-wss-recv-cold-20260924/build/wss-recv-coalescing/backend-work/build/deps/src/curl/lib/vdns/httpsrr.h:29:
/home/baidu/scrapanium-experiments/scrapanium-wss-recv-cold-20260924/build/wss-recv-coalescing/backend-work/build/deps/install/include/ares.h:421:19: warning: identifier '_S6_u8' is reserved because it starts with '_' followed by a capital letter [-Wreserved-identifier]
  421 |     unsigned char _S6_u8[16];
      |                   ^
/home/baidu/scrapanium-experiments/scrapanium-wss-recv-cold-20260924/build/wss-recv-coalescing/backend-work/build/deps/install/include/ares.h:422:5: warning: identifier '_S6_un' is reserved because it starts with '_' followed by a capital letter [-Wreserved-identifier]
  422 |   } _S6_un;
      |     ^
2 warnings generated.
[267/443] Building C object lib/CMakeFiles/libcurl_shared.dir/if2ip.c.o
[268/443] Building C object lib/CMakeFiles/libcurl_shared.dir/impersonate.c.o
[269/443] Building C object lib/CMakeFiles/libcurl_shared.dir/http.c.o
In file included from /home/baidu/scrapanium-experiments/scrapanium-wss-recv-cold-20260924/build/wss-recv-coalescing/backend-work/build/deps/src/curl/lib/http.c:25:
In file included from /home/baidu/scrapanium-experiments/scrapanium-wss-recv-cold-20260924/build/wss-recv-coalescing/backend-work/build/deps/src/curl/lib/urldata.h:73:
In file included from /home/baidu/scrapanium-experiments/scrapanium-wss-recv-cold-20260924/build/wss-recv-coalescing/backend-work/build/deps/src/curl/lib/vdns/asyn.h:29:
In file included from /home/baidu/scrapanium-experiments/scrapanium-wss-recv-cold-20260924/build/wss-recv-coalescing/backend-work/build/deps/src/curl/lib/vdns/httpsrr.h:29:
/home/baidu/scrapanium-experiments/scrapanium-wss-recv-cold-20260924/build/wss-recv-coalescing/backend-work/build/deps/install/include/ares.h:421:19: warning: identifier '_S6_u8' is reserved because it starts with '_' followed by a capital letter [-Wreserved-identifier]
  421 |     unsigned char _S6_u8[16];
      |                   ^
/home/baidu/scrapanium-experiments/scrapanium-wss-recv-cold-20260924/build/wss-recv-coalescing/backend-work/build/deps/install/include/ares.h:422:5: warning: identifier '_S6_un' is reserved because it starts with '_' followed by a capital letter [-Wreserved-identifier]
  422 |   } _S6_un;
      |     ^
/home/baidu/scrapanium-experiments/scrapanium-wss-recv-cold-20260924/build/wss-recv-coalescing/backend-work/build/deps/src/curl/lib/http.c:2164:10: warning: implicit conversion from 'int' to enumeration type 'CURLcode' is invalid in C++ [-Wimplicit-int-enum-cast]
 2164 |   return ret;
      |   ~~~~~~ ^~~
/home/baidu/scrapanium-experiments/scrapanium-wss-recv-cold-20260924/build/wss-recv-coalescing/backend-work/build/deps/src/curl/lib/http.c:2075:7: warning: unused variable 'i' [-Wunused-variable]
 2075 |   int i;
      |       ^
/home/baidu/scrapanium-experiments/scrapanium-wss-recv-cold-20260924/build/wss-recv-coalescing/backend-work/build/deps/src/curl/lib/http.c:2073:10: warning: no previous prototype for function 'Curl_http_merge_headers' [-Wmissing-prototypes]
 2073 | CURLcode Curl_http_merge_headers(struct Curl_easy *data)
      |          ^
/home/baidu/scrapanium-experiments/scrapanium-wss-recv-cold-20260924/build/wss-recv-coalescing/backend-work/build/deps/src/curl/lib/http.c:2073:1: note: declare 'static' if the function is not intended to be used outside of this translation unit
 2073 | CURLcode Curl_http_merge_headers(struct Curl_easy *data)
      | ^
      | static 
/home/baidu/scrapanium-experiments/scrapanium-wss-recv-cold-20260924/build/wss-recv-coalescing/backend-work/build/deps/src/curl/lib/http.c:5416:9: warning: initializing 'char *' with an expression of type 'const char[5]' discards qualifiers [-Wincompatible-pointer-types-discards-qualifiers]
 5416 |   char *order = "masp";
      |         ^       ~~~~~~
/home/baidu/scrapanium-experiments/scrapanium-wss-recv-cold-20260924/build/wss-recv-coalescing/backend-work/build/deps/src/curl/lib/http.c:5451:11: warning: assigning to 'char *' from 'const char *' discards qualifiers [-Wincompatible-pointer-types-discards-qualifiers]
 5451 |     order = CURL_EASY_STR(data, STRING_HTTP3_PSEUDO_HEADERS_ORDER);
      |           ^ ~~~~~~~~~~~~~~~~~~~~~~~~~~~~~~~~~~~~~~~~~~~~~~~~~~~~~~
/home/baidu/scrapanium-experiments/scrapanium-wss-recv-cold-20260924/build/wss-recv-coalescing/backend-work/build/deps/src/curl/lib/http.c:5454:11: warning: assigning to 'char *' from 'const char *' discards qualifiers [-Wincompatible-pointer-types-discards-qualifiers]
 5454 |     order = CURL_EASY_STR(data, STRING_HTTP2_PSEUDO_HEADERS_ORDER);
      |           ^ ~~~~~~~~~~~~~~~~~~~~~~~~~~~~~~~~~~~~~~~~~~~~~~~~~~~~~~
8 warnings generated.
[270/443] Building C object lib/CMakeFiles/libcurl_shared.dir/ldap.c.o
In file included from /home/baidu/scrapanium-experiments/scrapanium-wss-recv-cold-20260924/build/wss-recv-coalescing/backend-work/build/deps/src/curl/lib/ldap.c:25:
In file included from /home/baidu/scrapanium-experiments/scrapanium-wss-recv-cold-20260924/build/wss-recv-coalescing/backend-work/build/deps/src/curl/lib/urldata.h:73:
In file included from /home/baidu/scrapanium-experiments/scrapanium-wss-recv-cold-20260924/build/wss-recv-coalescing/backend-work/build/deps/src/curl/lib/vdns/asyn.h:29:
In file included from /home/baidu/scrapanium-experiments/scrapanium-wss-recv-cold-20260924/build/wss-recv-coalescing/backend-work/build/deps/src/curl/lib/vdns/httpsrr.h:29:
/home/baidu/scrapanium-experiments/scrapanium-wss-recv-cold-20260924/build/wss-recv-coalescing/backend-work/build/deps/install/include/ares.h:421:19: warning: identifier '_S6_u8' is reserved because it starts with '_' followed by a capital letter [-Wreserved-identifier]
  421 |     unsigned char _S6_u8[16];
      |                   ^
/home/baidu/scrapanium-experiments/scrapanium-wss-recv-cold-20260924/build/wss-recv-coalescing/backend-work/build/deps/install/include/ares.h:422:5: warning: identifier '_S6_un' is reserved because it starts with '_' followed by a capital letter [-Wreserved-identifier]
  422 |   } _S6_un;
      |     ^
2 warnings generated.
[271/443] Building C object lib/CMakeFiles/libcurl_shared.dir/macos.c.o
[272/443] Building C object lib/CMakeFiles/libcurl_shared.dir/llist.c.o
[273/443] Building C object lib/CMakeFiles/libcurl_shared.dir/md4.c.o
[274/443] Building C object lib/CMakeFiles/libcurl_shared.dir/md5.c.o
[275/443] Building C object lib/CMakeFiles/libcurl_shared.dir/memdebug.c.o
[276/443] Building C object lib/CMakeFiles/libcurl_shared.dir/imap.c.o
In file included from /home/baidu/scrapanium-experiments/scrapanium-wss-recv-cold-20260924/build/wss-recv-coalescing/backend-work/build/deps/src/curl/lib/imap.c:38:
In file included from /home/baidu/scrapanium-experiments/scrapanium-wss-recv-cold-20260924/build/wss-recv-coalescing/backend-work/build/deps/src/curl/lib/urldata.h:73:
In file included from /home/baidu/scrapanium-experiments/scrapanium-wss-recv-cold-20260924/build/wss-recv-coalescing/backend-work/build/deps/src/curl/lib/vdns/asyn.h:29:
In file included from /home/baidu/scrapanium-experiments/scrapanium-wss-recv-cold-20260924/build/wss-recv-coalescing/backend-work/build/deps/src/curl/lib/vdns/httpsrr.h:29:
/home/baidu/scrapanium-experiments/scrapanium-wss-recv-cold-20260924/build/wss-recv-coalescing/backend-work/build/deps/install/include/ares.h:421:19: warning: identifier '_S6_u8' is reserved because it starts with '_' followed by a capital letter [-Wreserved-identifier]
  421 |     unsigned char _S6_u8[16];
      |                   ^
/home/baidu/scrapanium-experiments/scrapanium-wss-recv-cold-20260924/build/wss-recv-coalescing/backend-work/build/deps/install/include/ares.h:422:5: warning: identifier '_S6_un' is reserved because it starts with '_' followed by a capital letter [-Wreserved-identifier]
  422 |   } _S6_un;
      |     ^
2 warnings generated.
[277/443] Building C object lib/CMakeFiles/libcurl_shared.dir/mqtt.c.o
In file included from /home/baidu/scrapanium-experiments/scrapanium-wss-recv-cold-20260924/build/wss-recv-coalescing/backend-work/build/deps/src/curl/lib/mqtt.c:26:
In file included from /home/baidu/scrapanium-experiments/scrapanium-wss-recv-cold-20260924/build/wss-recv-coalescing/backend-work/build/deps/src/curl/lib/urldata.h:73:
In file included from /home/baidu/scrapanium-experiments/scrapanium-wss-recv-cold-20260924/build/wss-recv-coalescing/backend-work/build/deps/src/curl/lib/vdns/asyn.h:29:
In file included from /home/baidu/scrapanium-experiments/scrapanium-wss-recv-cold-20260924/build/wss-recv-coalescing/backend-work/build/deps/src/curl/lib/vdns/httpsrr.h:29:
/home/baidu/scrapanium-experiments/scrapanium-wss-recv-cold-20260924/build/wss-recv-coalescing/backend-work/build/deps/install/include/ares.h:421:19: warning: identifier '_S6_u8' is reserved because it starts with '_' followed by a capital letter [-Wreserved-identifier]
  421 |     unsigned char _S6_u8[16];
      |                   ^
/home/baidu/scrapanium-experiments/scrapanium-wss-recv-cold-20260924/build/wss-recv-coalescing/backend-work/build/deps/install/include/ares.h:422:5: warning: identifier '_S6_un' is reserved because it starts with '_' followed by a capital letter [-Wreserved-identifier]
  422 |   } _S6_un;
      |     ^
2 warnings generated.
[278/443] Building C object lib/CMakeFiles/libcurl_shared.dir/mprintf.c.o
[279/443] Building C object lib/CMakeFiles/libcurl_shared.dir/mime.c.o
In file included from /home/baidu/scrapanium-experiments/scrapanium-wss-recv-cold-20260924/build/wss-recv-coalescing/backend-work/build/deps/src/curl/lib/mime.c:29:
In file included from /home/baidu/scrapanium-experiments/scrapanium-wss-recv-cold-20260924/build/wss-recv-coalescing/backend-work/build/deps/src/curl/lib/urldata.h:73:
In file included from /home/baidu/scrapanium-experiments/scrapanium-wss-recv-cold-20260924/build/wss-recv-coalescing/backend-work/build/deps/src/curl/lib/vdns/asyn.h:29:
In file included from /home/baidu/scrapanium-experiments/scrapanium-wss-recv-cold-20260924/build/wss-recv-coalescing/backend-work/build/deps/src/curl/lib/vdns/httpsrr.h:29:
/home/baidu/scrapanium-experiments/scrapanium-wss-recv-cold-20260924/build/wss-recv-coalescing/backend-work/build/deps/install/include/ares.h:421:19: warning: identifier '_S6_u8' is reserved because it starts with '_' followed by a capital letter [-Wreserved-identifier]
  421 |     unsigned char _S6_u8[16];
      |                   ^
/home/baidu/scrapanium-experiments/scrapanium-wss-recv-cold-20260924/build/wss-recv-coalescing/backend-work/build/deps/install/include/ares.h:422:5: warning: identifier '_S6_un' is reserved because it starts with '_' followed by a capital letter [-Wreserved-identifier]
  422 |   } _S6_un;
      |     ^
2 warnings generated.
[280/443] Building C object lib/CMakeFiles/libcurl_shared.dir/multi_ntfy.c.o
In file included from /home/baidu/scrapanium-experiments/scrapanium-wss-recv-cold-20260924/build/wss-recv-coalescing/backend-work/build/deps/src/curl/lib/multi_ntfy.c:26:
In file included from /home/baidu/scrapanium-experiments/scrapanium-wss-recv-cold-20260924/build/wss-recv-coalescing/backend-work/build/deps/src/curl/lib/urldata.h:73:
In file included from /home/baidu/scrapanium-experiments/scrapanium-wss-recv-cold-20260924/build/wss-recv-coalescing/backend-work/build/deps/src/curl/lib/vdns/asyn.h:29:
In file included from /home/baidu/scrapanium-experiments/scrapanium-wss-recv-cold-20260924/build/wss-recv-coalescing/backend-work/build/deps/src/curl/lib/vdns/httpsrr.h:29:
/home/baidu/scrapanium-experiments/scrapanium-wss-recv-cold-20260924/build/wss-recv-coalescing/backend-work/build/deps/install/include/ares.h:421:19: warning: identifier '_S6_u8' is reserved because it starts with '_' followed by a capital letter [-Wreserved-identifier]
  421 |     unsigned char _S6_u8[16];
      |                   ^
/home/baidu/scrapanium-experiments/scrapanium-wss-recv-cold-20260924/build/wss-recv-coalescing/backend-work/build/deps/install/include/ares.h:422:5: warning: identifier '_S6_un' is reserved because it starts with '_' followed by a capital letter [-Wreserved-identifier]
  422 |   } _S6_un;
      |     ^
2 warnings generated.
[281/443] Building C object lib/CMakeFiles/libcurl_shared.dir/multi_ev.c.o
In file included from /home/baidu/scrapanium-experiments/scrapanium-wss-recv-cold-20260924/build/wss-recv-coalescing/backend-work/build/deps/src/curl/lib/multi_ev.c:26:
In file included from /home/baidu/scrapanium-experiments/scrapanium-wss-recv-cold-20260924/build/wss-recv-coalescing/backend-work/build/deps/src/curl/lib/urldata.h:73:
In file included from /home/baidu/scrapanium-experiments/scrapanium-wss-recv-cold-20260924/build/wss-recv-coalescing/backend-work/build/deps/src/curl/lib/vdns/asyn.h:29:
In file included from /home/baidu/scrapanium-experiments/scrapanium-wss-recv-cold-20260924/build/wss-recv-coalescing/backend-work/build/deps/src/curl/lib/vdns/httpsrr.h:29:
/home/baidu/scrapanium-experiments/scrapanium-wss-recv-cold-20260924/build/wss-recv-coalescing/backend-work/build/deps/install/include/ares.h:421:19: warning: identifier '_S6_u8' is reserved because it starts with '_' followed by a capital letter [-Wreserved-identifier]
  421 |     unsigned char _S6_u8[16];
      |                   ^
/home/baidu/scrapanium-experiments/scrapanium-wss-recv-cold-20260924/build/wss-recv-coalescing/backend-work/build/deps/install/include/ares.h:422:5: warning: identifier '_S6_un' is reserved because it starts with '_' followed by a capital letter [-Wreserved-identifier]
  422 |   } _S6_un;
      |     ^
2 warnings generated.
[282/443] Building C object lib/CMakeFiles/libcurl_shared.dir/openldap.c.o
[283/443] Building C object lib/CMakeFiles/libcurl_shared.dir/netrc.c.o
In file included from /home/baidu/scrapanium-experiments/scrapanium-wss-recv-cold-20260924/build/wss-recv-coalescing/backend-work/build/deps/src/curl/lib/netrc.c:39:
In file included from /home/baidu/scrapanium-experiments/scrapanium-wss-recv-cold-20260924/build/wss-recv-coalescing/backend-work/build/deps/src/curl/lib/urldata.h:73:
In file included from /home/baidu/scrapanium-experiments/scrapanium-wss-recv-cold-20260924/build/wss-recv-coalescing/backend-work/build/deps/src/curl/lib/vdns/asyn.h:29:
In file included from /home/baidu/scrapanium-experiments/scrapanium-wss-recv-cold-20260924/build/wss-recv-coalescing/backend-work/build/deps/src/curl/lib/vdns/httpsrr.h:29:
/home/baidu/scrapanium-experiments/scrapanium-wss-recv-cold-20260924/build/wss-recv-coalescing/backend-work/build/deps/install/include/ares.h:421:19: warning: identifier '_S6_u8' is reserved because it starts with '_' followed by a capital letter [-Wreserved-identifier]
  421 |     unsigned char _S6_u8[16];
      |                   ^
/home/baidu/scrapanium-experiments/scrapanium-wss-recv-cold-20260924/build/wss-recv-coalescing/backend-work/build/deps/install/include/ares.h:422:5: warning: identifier '_S6_un' is reserved because it starts with '_' followed by a capital letter [-Wreserved-identifier]
  422 |   } _S6_un;
      |     ^
2 warnings generated.
[284/443] Building C object lib/CMakeFiles/libcurl_shared.dir/parsedate.c.o
[285/443] Building C object lib/CMakeFiles/libcurl_shared.dir/peer.c.o
In file included from /home/baidu/scrapanium-experiments/scrapanium-wss-recv-cold-20260924/build/wss-recv-coalescing/backend-work/build/deps/src/curl/lib/peer.c:70:
In file included from /home/baidu/scrapanium-experiments/scrapanium-wss-recv-cold-20260924/build/wss-recv-coalescing/backend-work/build/deps/src/curl/lib/http_proxy.h:30:
In file included from /home/baidu/scrapanium-experiments/scrapanium-wss-recv-cold-20260924/build/wss-recv-coalescing/backend-work/build/deps/src/curl/lib/urldata.h:73:
In file included from /home/baidu/scrapanium-experiments/scrapanium-wss-recv-cold-20260924/build/wss-recv-coalescing/backend-work/build/deps/src/curl/lib/vdns/asyn.h:29:
In file included from /home/baidu/scrapanium-experiments/scrapanium-wss-recv-cold-20260924/build/wss-recv-coalescing/backend-work/build/deps/src/curl/lib/vdns/httpsrr.h:29:
/home/baidu/scrapanium-experiments/scrapanium-wss-recv-cold-20260924/build/wss-recv-coalescing/backend-work/build/deps/install/include/ares.h:421:19: warning: identifier '_S6_u8' is reserved because it starts with '_' followed by a capital letter [-Wreserved-identifier]
  421 |     unsigned char _S6_u8[16];
      |                   ^
/home/baidu/scrapanium-experiments/scrapanium-wss-recv-cold-20260924/build/wss-recv-coalescing/backend-work/build/deps/install/include/ares.h:422:5: warning: identifier '_S6_un' is reserved because it starts with '_' followed by a capital letter [-Wreserved-identifier]
  422 |   } _S6_un;
      |     ^
2 warnings generated.
[286/443] Building C object lib/CMakeFiles/libcurl_shared.dir/pingpong.c.o
In file included from /home/baidu/scrapanium-experiments/scrapanium-wss-recv-cold-20260924/build/wss-recv-coalescing/backend-work/build/deps/src/curl/lib/pingpong.c:29:
In file included from /home/baidu/scrapanium-experiments/scrapanium-wss-recv-cold-20260924/build/wss-recv-coalescing/backend-work/build/deps/src/curl/lib/urldata.h:73:
In file included from /home/baidu/scrapanium-experiments/scrapanium-wss-recv-cold-20260924/build/wss-recv-coalescing/backend-work/build/deps/src/curl/lib/vdns/asyn.h:29:
In file included from /home/baidu/scrapanium-experiments/scrapanium-wss-recv-cold-20260924/build/wss-recv-coalescing/backend-work/build/deps/src/curl/lib/vdns/httpsrr.h:29:
/home/baidu/scrapanium-experiments/scrapanium-wss-recv-cold-20260924/build/wss-recv-coalescing/backend-work/build/deps/install/include/ares.h:421:19: warning: identifier '_S6_u8' is reserved because it starts with '_' followed by a capital letter [-Wreserved-identifier]
  421 |     unsigned char _S6_u8[16];
      |                   ^
/home/baidu/scrapanium-experiments/scrapanium-wss-recv-cold-20260924/build/wss-recv-coalescing/backend-work/build/deps/install/include/ares.h:422:5: warning: identifier '_S6_un' is reserved because it starts with '_' followed by a capital letter [-Wreserved-identifier]
  422 |   } _S6_un;
      |     ^
2 warnings generated.
[287/443] Building C object lib/CMakeFiles/libcurl_shared.dir/protocol.c.o
In file included from /home/baidu/scrapanium-experiments/scrapanium-wss-recv-cold-20260924/build/wss-recv-coalescing/backend-work/build/deps/src/curl/lib/protocol.c:44:
In file included from /home/baidu/scrapanium-experiments/scrapanium-wss-recv-cold-20260924/build/wss-recv-coalescing/backend-work/build/deps/src/curl/lib/vssh/ssh.h:27:
In file included from /home/baidu/scrapanium-experiments/scrapanium-wss-recv-cold-20260924/build/wss-recv-coalescing/backend-work/build/deps/src/curl/lib/urldata.h:73:
In file included from /home/baidu/scrapanium-experiments/scrapanium-wss-recv-cold-20260924/build/wss-recv-coalescing/backend-work/build/deps/src/curl/lib/vdns/asyn.h:29:
In file included from /home/baidu/scrapanium-experiments/scrapanium-wss-recv-cold-20260924/build/wss-recv-coalescing/backend-work/build/deps/src/curl/lib/vdns/httpsrr.h:29:
/home/baidu/scrapanium-experiments/scrapanium-wss-recv-cold-20260924/build/wss-recv-coalescing/backend-work/build/deps/install/include/ares.h:421:19: warning: identifier '_S6_u8' is reserved because it starts with '_' followed by a capital letter [-Wreserved-identifier]
  421 |     unsigned char _S6_u8[16];
      |                   ^
/home/baidu/scrapanium-experiments/scrapanium-wss-recv-cold-20260924/build/wss-recv-coalescing/backend-work/build/deps/install/include/ares.h:422:5: warning: identifier '_S6_un' is reserved because it starts with '_' followed by a capital letter [-Wreserved-identifier]
  422 |   } _S6_un;
      |     ^
2 warnings generated.
[288/443] Building C object lib/CMakeFiles/libcurl_shared.dir/multi.c.o
In file included from /home/baidu/scrapanium-experiments/scrapanium-wss-recv-cold-20260924/build/wss-recv-coalescing/backend-work/build/deps/src/curl/lib/multi.c:26:
In file included from /home/baidu/scrapanium-experiments/scrapanium-wss-recv-cold-20260924/build/wss-recv-coalescing/backend-work/build/deps/src/curl/lib/urldata.h:73:
In file included from /home/baidu/scrapanium-experiments/scrapanium-wss-recv-cold-20260924/build/wss-recv-coalescing/backend-work/build/deps/src/curl/lib/vdns/asyn.h:29:
In file included from /home/baidu/scrapanium-experiments/scrapanium-wss-recv-cold-20260924/build/wss-recv-coalescing/backend-work/build/deps/src/curl/lib/vdns/httpsrr.h:29:
/home/baidu/scrapanium-experiments/scrapanium-wss-recv-cold-20260924/build/wss-recv-coalescing/backend-work/build/deps/install/include/ares.h:421:19: warning: identifier '_S6_u8' is reserved because it starts with '_' followed by a capital letter [-Wreserved-identifier]
  421 |     unsigned char _S6_u8[16];
      |                   ^
/home/baidu/scrapanium-experiments/scrapanium-wss-recv-cold-20260924/build/wss-recv-coalescing/backend-work/build/deps/install/include/ares.h:422:5: warning: identifier '_S6_un' is reserved because it starts with '_' followed by a capital letter [-Wreserved-identifier]
  422 |   } _S6_un;
      |     ^
2 warnings generated.
[289/443] Building C object lib/CMakeFiles/libcurl_shared.dir/progress.c.o
In file included from /home/baidu/scrapanium-experiments/scrapanium-wss-recv-cold-20260924/build/wss-recv-coalescing/backend-work/build/deps/src/curl/lib/progress.c:26:
In file included from /home/baidu/scrapanium-experiments/scrapanium-wss-recv-cold-20260924/build/wss-recv-coalescing/backend-work/build/deps/src/curl/lib/urldata.h:73:
In file included from /home/baidu/scrapanium-experiments/scrapanium-wss-recv-cold-20260924/build/wss-recv-coalescing/backend-work/build/deps/src/curl/lib/vdns/asyn.h:29:
In file included from /home/baidu/scrapanium-experiments/scrapanium-wss-recv-cold-20260924/build/wss-recv-coalescing/backend-work/build/deps/src/curl/lib/vdns/httpsrr.h:29:
/home/baidu/scrapanium-experiments/scrapanium-wss-recv-cold-20260924/build/wss-recv-coalescing/backend-work/build/deps/install/include/ares.h:421:19: warning: identifier '_S6_u8' is reserved because it starts with '_' followed by a capital letter [-Wreserved-identifier]
  421 |     unsigned char _S6_u8[16];
      |                   ^
/home/baidu/scrapanium-experiments/scrapanium-wss-recv-cold-20260924/build/wss-recv-coalescing/backend-work/build/deps/install/include/ares.h:422:5: warning: identifier '_S6_un' is reserved because it starts with '_' followed by a capital letter [-Wreserved-identifier]
  422 |   } _S6_un;
      |     ^
2 warnings generated.
[290/443] Building C object lib/CMakeFiles/libcurl_shared.dir/pop3.c.o
In file included from /home/baidu/scrapanium-experiments/scrapanium-wss-recv-cold-20260924/build/wss-recv-coalescing/backend-work/build/deps/src/curl/lib/pop3.c:40:
In file included from /home/baidu/scrapanium-experiments/scrapanium-wss-recv-cold-20260924/build/wss-recv-coalescing/backend-work/build/deps/src/curl/lib/urldata.h:73:
In file included from /home/baidu/scrapanium-experiments/scrapanium-wss-recv-cold-20260924/build/wss-recv-coalescing/backend-work/build/deps/src/curl/lib/vdns/asyn.h:29:
In file included from /home/baidu/scrapanium-experiments/scrapanium-wss-recv-cold-20260924/build/wss-recv-coalescing/backend-work/build/deps/src/curl/lib/vdns/httpsrr.h:29:
/home/baidu/scrapanium-experiments/scrapanium-wss-recv-cold-20260924/build/wss-recv-coalescing/backend-work/build/deps/install/include/ares.h:421:19: warning: identifier '_S6_u8' is reserved because it starts with '_' followed by a capital letter [-Wreserved-identifier]
  421 |     unsigned char _S6_u8[16];
      |                   ^
/home/baidu/scrapanium-experiments/scrapanium-wss-recv-cold-20260924/build/wss-recv-coalescing/backend-work/build/deps/install/include/ares.h:422:5: warning: identifier '_S6_un' is reserved because it starts with '_' followed by a capital letter [-Wreserved-identifier]
  422 |   } _S6_un;
      |     ^
2 warnings generated.
[291/443] Building C object lib/CMakeFiles/libcurl_shared.dir/psl.c.o
[292/443] Building C object lib/CMakeFiles/libcurl_shared.dir/rand.c.o
In file included from /home/baidu/scrapanium-experiments/scrapanium-wss-recv-cold-20260924/build/wss-recv-coalescing/backend-work/build/deps/src/curl/lib/rand.c:30:
In file included from /home/baidu/scrapanium-experiments/scrapanium-wss-recv-cold-20260924/build/wss-recv-coalescing/backend-work/build/deps/src/curl/lib/urldata.h:73:
In file included from /home/baidu/scrapanium-experiments/scrapanium-wss-recv-cold-20260924/build/wss-recv-coalescing/backend-work/build/deps/src/curl/lib/vdns/asyn.h:29:
In file included from /home/baidu/scrapanium-experiments/scrapanium-wss-recv-cold-20260924/build/wss-recv-coalescing/backend-work/build/deps/src/curl/lib/vdns/httpsrr.h:29:
/home/baidu/scrapanium-experiments/scrapanium-wss-recv-cold-20260924/build/wss-recv-coalescing/backend-work/build/deps/install/include/ares.h:421:19: warning: identifier '_S6_u8' is reserved because it starts with '_' followed by a capital letter [-Wreserved-identifier]
  421 |     unsigned char _S6_u8[16];
      |                   ^
/home/baidu/scrapanium-experiments/scrapanium-wss-recv-cold-20260924/build/wss-recv-coalescing/backend-work/build/deps/install/include/ares.h:422:5: warning: identifier '_S6_un' is reserved because it starts with '_' followed by a capital letter [-Wreserved-identifier]
  422 |   } _S6_un;
      |     ^
2 warnings generated.
[293/443] Building C object lib/CMakeFiles/libcurl_shared.dir/ratelimit.c.o
In file included from /home/baidu/scrapanium-experiments/scrapanium-wss-recv-cold-20260924/build/wss-recv-coalescing/backend-work/build/deps/src/curl/lib/ratelimit.c:26:
In file included from /home/baidu/scrapanium-experiments/scrapanium-wss-recv-cold-20260924/build/wss-recv-coalescing/backend-work/build/deps/src/curl/lib/urldata.h:73:
In file included from /home/baidu/scrapanium-experiments/scrapanium-wss-recv-cold-20260924/build/wss-recv-coalescing/backend-work/build/deps/src/curl/lib/vdns/asyn.h:29:
In file included from /home/baidu/scrapanium-experiments/scrapanium-wss-recv-cold-20260924/build/wss-recv-coalescing/backend-work/build/deps/src/curl/lib/vdns/httpsrr.h:29:
/home/baidu/scrapanium-experiments/scrapanium-wss-recv-cold-20260924/build/wss-recv-coalescing/backend-work/build/deps/install/include/ares.h:421:19: warning: identifier '_S6_u8' is reserved because it starts with '_' followed by a capital letter [-Wreserved-identifier]
  421 |     unsigned char _S6_u8[16];
      |                   ^
/home/baidu/scrapanium-experiments/scrapanium-wss-recv-cold-20260924/build/wss-recv-coalescing/backend-work/build/deps/install/include/ares.h:422:5: warning: identifier '_S6_un' is reserved because it starts with '_' followed by a capital letter [-Wreserved-identifier]
  422 |   } _S6_un;
      |     ^
2 warnings generated.
[294/443] Building C object lib/CMakeFiles/libcurl_shared.dir/proxy.c.o
In file included from /home/baidu/scrapanium-experiments/scrapanium-wss-recv-cold-20260924/build/wss-recv-coalescing/backend-work/build/deps/src/curl/lib/proxy.c:28:
In file included from /home/baidu/scrapanium-experiments/scrapanium-wss-recv-cold-20260924/build/wss-recv-coalescing/backend-work/build/deps/src/curl/lib/urldata.h:73:
In file included from /home/baidu/scrapanium-experiments/scrapanium-wss-recv-cold-20260924/build/wss-recv-coalescing/backend-work/build/deps/src/curl/lib/vdns/asyn.h:29:
In file included from /home/baidu/scrapanium-experiments/scrapanium-wss-recv-cold-20260924/build/wss-recv-coalescing/backend-work/build/deps/src/curl/lib/vdns/httpsrr.h:29:
/home/baidu/scrapanium-experiments/scrapanium-wss-recv-cold-20260924/build/wss-recv-coalescing/backend-work/build/deps/install/include/ares.h:421:19: warning: identifier '_S6_u8' is reserved because it starts with '_' followed by a capital letter [-Wreserved-identifier]
  421 |     unsigned char _S6_u8[16];
      |                   ^
/home/baidu/scrapanium-experiments/scrapanium-wss-recv-cold-20260924/build/wss-recv-coalescing/backend-work/build/deps/install/include/ares.h:422:5: warning: identifier '_S6_un' is reserved because it starts with '_' followed by a capital letter [-Wreserved-identifier]
  422 |   } _S6_un;
      |     ^
2 warnings generated.
[295/443] Building C object lib/CMakeFiles/libcurl_shared.dir/request.c.o
In file included from /home/baidu/scrapanium-experiments/scrapanium-wss-recv-cold-20260924/build/wss-recv-coalescing/backend-work/build/deps/src/curl/lib/request.c:26:
In file included from /home/baidu/scrapanium-experiments/scrapanium-wss-recv-cold-20260924/build/wss-recv-coalescing/backend-work/build/deps/src/curl/lib/urldata.h:73:
In file included from /home/baidu/scrapanium-experiments/scrapanium-wss-recv-cold-20260924/build/wss-recv-coalescing/backend-work/build/deps/src/curl/lib/vdns/asyn.h:29:
In file included from /home/baidu/scrapanium-experiments/scrapanium-wss-recv-cold-20260924/build/wss-recv-coalescing/backend-work/build/deps/src/curl/lib/vdns/httpsrr.h:29:
/home/baidu/scrapanium-experiments/scrapanium-wss-recv-cold-20260924/build/wss-recv-coalescing/backend-work/build/deps/install/include/ares.h:421:19: warning: identifier '_S6_u8' is reserved because it starts with '_' followed by a capital letter [-Wreserved-identifier]
  421 |     unsigned char _S6_u8[16];
      |                   ^
/home/baidu/scrapanium-experiments/scrapanium-wss-recv-cold-20260924/build/wss-recv-coalescing/backend-work/build/deps/install/include/ares.h:422:5: warning: identifier '_S6_un' is reserved because it starts with '_' followed by a capital letter [-Wreserved-identifier]
  422 |   } _S6_un;
      |     ^
2 warnings generated.
[296/443] Building C object lib/CMakeFiles/libcurl_shared.dir/rtsp.c.o
In file included from /home/baidu/scrapanium-experiments/scrapanium-wss-recv-cold-20260924/build/wss-recv-coalescing/backend-work/build/deps/src/curl/lib/rtsp.c:25:
In file included from /home/baidu/scrapanium-experiments/scrapanium-wss-recv-cold-20260924/build/wss-recv-coalescing/backend-work/build/deps/src/curl/lib/urldata.h:73:
In file included from /home/baidu/scrapanium-experiments/scrapanium-wss-recv-cold-20260924/build/wss-recv-coalescing/backend-work/build/deps/src/curl/lib/vdns/asyn.h:29:
In file included from /home/baidu/scrapanium-experiments/scrapanium-wss-recv-cold-20260924/build/wss-recv-coalescing/backend-work/build/deps/src/curl/lib/vdns/httpsrr.h:29:
/home/baidu/scrapanium-experiments/scrapanium-wss-recv-cold-20260924/build/wss-recv-coalescing/backend-work/build/deps/install/include/ares.h:421:19: warning: identifier '_S6_u8' is reserved because it starts with '_' followed by a capital letter [-Wreserved-identifier]
  421 |     unsigned char _S6_u8[16];
      |                   ^
/home/baidu/scrapanium-experiments/scrapanium-wss-recv-cold-20260924/build/wss-recv-coalescing/backend-work/build/deps/install/include/ares.h:422:5: warning: identifier '_S6_un' is reserved because it starts with '_' followed by a capital letter [-Wreserved-identifier]
  422 |   } _S6_un;
      |     ^
2 warnings generated.
[297/443] Building C object lib/CMakeFiles/libcurl_shared.dir/select.c.o
In file included from /home/baidu/scrapanium-experiments/scrapanium-wss-recv-cold-20260924/build/wss-recv-coalescing/backend-work/build/deps/src/curl/lib/select.c:32:
In file included from /home/baidu/scrapanium-experiments/scrapanium-wss-recv-cold-20260924/build/wss-recv-coalescing/backend-work/build/deps/src/curl/lib/urldata.h:73:
In file included from /home/baidu/scrapanium-experiments/scrapanium-wss-recv-cold-20260924/build/wss-recv-coalescing/backend-work/build/deps/src/curl/lib/vdns/asyn.h:29:
In file included from /home/baidu/scrapanium-experiments/scrapanium-wss-recv-cold-20260924/build/wss-recv-coalescing/backend-work/build/deps/src/curl/lib/vdns/httpsrr.h:29:
/home/baidu/scrapanium-experiments/scrapanium-wss-recv-cold-20260924/build/wss-recv-coalescing/backend-work/build/deps/install/include/ares.h:421:19: warning: identifier '_S6_u8' is reserved because it starts with '_' followed by a capital letter [-Wreserved-identifier]
  421 |     unsigned char _S6_u8[16];
      |                   ^
/home/baidu/scrapanium-experiments/scrapanium-wss-recv-cold-20260924/build/wss-recv-coalescing/backend-work/build/deps/install/include/ares.h:422:5: warning: identifier '_S6_un' is reserved because it starts with '_' followed by a capital letter [-Wreserved-identifier]
  422 |   } _S6_un;
      |     ^
2 warnings generated.
[298/443] Building C object lib/CMakeFiles/libcurl_shared.dir/sha256.c.o
[299/443] Building C object lib/CMakeFiles/libcurl_shared.dir/slist.c.o
[300/443] Building C object lib/CMakeFiles/libcurl_shared.dir/smb.c.o
In file included from /home/baidu/scrapanium-experiments/scrapanium-wss-recv-cold-20260924/build/wss-recv-coalescing/backend-work/build/deps/src/curl/lib/smb.c:26:
In file included from /home/baidu/scrapanium-experiments/scrapanium-wss-recv-cold-20260924/build/wss-recv-coalescing/backend-work/build/deps/src/curl/lib/urldata.h:73:
In file included from /home/baidu/scrapanium-experiments/scrapanium-wss-recv-cold-20260924/build/wss-recv-coalescing/backend-work/build/deps/src/curl/lib/vdns/asyn.h:29:
In file included from /home/baidu/scrapanium-experiments/scrapanium-wss-recv-cold-20260924/build/wss-recv-coalescing/backend-work/build/deps/src/curl/lib/vdns/httpsrr.h:29:
/home/baidu/scrapanium-experiments/scrapanium-wss-recv-cold-20260924/build/wss-recv-coalescing/backend-work/build/deps/install/include/ares.h:421:19: warning: identifier '_S6_u8' is reserved because it starts with '_' followed by a capital letter [-Wreserved-identifier]
  421 |     unsigned char _S6_u8[16];
      |                   ^
/home/baidu/scrapanium-experiments/scrapanium-wss-recv-cold-20260924/build/wss-recv-coalescing/backend-work/build/deps/install/include/ares.h:422:5: warning: identifier '_S6_un' is reserved because it starts with '_' followed by a capital letter [-Wreserved-identifier]
  422 |   } _S6_un;
      |     ^
2 warnings generated.
[301/443] Building C object lib/CMakeFiles/libcurl_shared.dir/sendf.c.o
In file included from /home/baidu/scrapanium-experiments/scrapanium-wss-recv-cold-20260924/build/wss-recv-coalescing/backend-work/build/deps/src/curl/lib/sendf.c:36:
In file included from /home/baidu/scrapanium-experiments/scrapanium-wss-recv-cold-20260924/build/wss-recv-coalescing/backend-work/build/deps/src/curl/lib/urldata.h:73:
In file included from /home/baidu/scrapanium-experiments/scrapanium-wss-recv-cold-20260924/build/wss-recv-coalescing/backend-work/build/deps/src/curl/lib/vdns/asyn.h:29:
In file included from /home/baidu/scrapanium-experiments/scrapanium-wss-recv-cold-20260924/build/wss-recv-coalescing/backend-work/build/deps/src/curl/lib/vdns/httpsrr.h:29:
/home/baidu/scrapanium-experiments/scrapanium-wss-recv-cold-20260924/build/wss-recv-coalescing/backend-work/build/deps/install/include/ares.h:421:19: warning: identifier '_S6_u8' is reserved because it starts with '_' followed by a capital letter [-Wreserved-identifier]
  421 |     unsigned char _S6_u8[16];
      |                   ^
/home/baidu/scrapanium-experiments/scrapanium-wss-recv-cold-20260924/build/wss-recv-coalescing/backend-work/build/deps/install/include/ares.h:422:5: warning: identifier '_S6_un' is reserved because it starts with '_' followed by a capital letter [-Wreserved-identifier]
  422 |   } _S6_un;
      |     ^
2 warnings generated.
[302/443] Building C object lib/CMakeFiles/libcurl_shared.dir/socketpair.c.o
In file included from /home/baidu/scrapanium-experiments/scrapanium-wss-recv-cold-20260924/build/wss-recv-coalescing/backend-work/build/deps/src/curl/lib/socketpair.c:27:
In file included from /home/baidu/scrapanium-experiments/scrapanium-wss-recv-cold-20260924/build/wss-recv-coalescing/backend-work/build/deps/src/curl/lib/urldata.h:73:
In file included from /home/baidu/scrapanium-experiments/scrapanium-wss-recv-cold-20260924/build/wss-recv-coalescing/backend-work/build/deps/src/curl/lib/vdns/asyn.h:29:
In file included from /home/baidu/scrapanium-experiments/scrapanium-wss-recv-cold-20260924/build/wss-recv-coalescing/backend-work/build/deps/src/curl/lib/vdns/httpsrr.h:29:
/home/baidu/scrapanium-experiments/scrapanium-wss-recv-cold-20260924/build/wss-recv-coalescing/backend-work/build/deps/install/include/ares.h:421:19: warning: identifier '_S6_u8' is reserved because it starts with '_' followed by a capital letter [-Wreserved-identifier]
  421 |     unsigned char _S6_u8[16];
      |                   ^
/home/baidu/scrapanium-experiments/scrapanium-wss-recv-cold-20260924/build/wss-recv-coalescing/backend-work/build/deps/install/include/ares.h:422:5: warning: identifier '_S6_un' is reserved because it starts with '_' followed by a capital letter [-Wreserved-identifier]
  422 |   } _S6_un;
      |     ^
2 warnings generated.
[303/443] Building C object lib/CMakeFiles/libcurl_shared.dir/setopt.c.o
In file included from /home/baidu/scrapanium-experiments/scrapanium-wss-recv-cold-20260924/build/wss-recv-coalescing/backend-work/build/deps/src/curl/lib/setopt.c:36:
In file included from /home/baidu/scrapanium-experiments/scrapanium-wss-recv-cold-20260924/build/wss-recv-coalescing/backend-work/build/deps/src/curl/lib/urldata.h:73:
In file included from /home/baidu/scrapanium-experiments/scrapanium-wss-recv-cold-20260924/build/wss-recv-coalescing/backend-work/build/deps/src/curl/lib/vdns/asyn.h:29:
In file included from /home/baidu/scrapanium-experiments/scrapanium-wss-recv-cold-20260924/build/wss-recv-coalescing/backend-work/build/deps/src/curl/lib/vdns/httpsrr.h:29:
/home/baidu/scrapanium-experiments/scrapanium-wss-recv-cold-20260924/build/wss-recv-coalescing/backend-work/build/deps/install/include/ares.h:421:19: warning: identifier '_S6_u8' is reserved because it starts with '_' followed by a capital letter [-Wreserved-identifier]
  421 |     unsigned char _S6_u8[16];
      |                   ^
/home/baidu/scrapanium-experiments/scrapanium-wss-recv-cold-20260924/build/wss-recv-coalescing/backend-work/build/deps/install/include/ares.h:422:5: warning: identifier '_S6_un' is reserved because it starts with '_' followed by a capital letter [-Wreserved-identifier]
  422 |   } _S6_un;
      |     ^
2 warnings generated.
[304/443] Building C object lib/CMakeFiles/libcurl_shared.dir/socks_gssapi.c.o
[305/443] Building C object lib/CMakeFiles/libcurl_shared.dir/socks_sspi.c.o
[306/443] Building C object lib/CMakeFiles/libcurl_shared.dir/splay.c.o
In file included from /home/baidu/scrapanium-experiments/scrapanium-wss-recv-cold-20260924/build/wss-recv-coalescing/backend-work/build/deps/src/curl/lib/splay.c:26:
In file included from /home/baidu/scrapanium-experiments/scrapanium-wss-recv-cold-20260924/build/wss-recv-coalescing/backend-work/build/deps/src/curl/lib/urldata.h:73:
In file included from /home/baidu/scrapanium-experiments/scrapanium-wss-recv-cold-20260924/build/wss-recv-coalescing/backend-work/build/deps/src/curl/lib/vdns/asyn.h:29:
In file included from /home/baidu/scrapanium-experiments/scrapanium-wss-recv-cold-20260924/build/wss-recv-coalescing/backend-work/build/deps/src/curl/lib/vdns/httpsrr.h:29:
/home/baidu/scrapanium-experiments/scrapanium-wss-recv-cold-20260924/build/wss-recv-coalescing/backend-work/build/deps/install/include/ares.h:421:19: warning: identifier '_S6_u8' is reserved because it starts with '_' followed by a capital letter [-Wreserved-identifier]
  421 |     unsigned char _S6_u8[16];
      |                   ^
/home/baidu/scrapanium-experiments/scrapanium-wss-recv-cold-20260924/build/wss-recv-coalescing/backend-work/build/deps/install/include/ares.h:422:5: warning: identifier '_S6_un' is reserved because it starts with '_' followed by a capital letter [-Wreserved-identifier]
  422 |   } _S6_un;
      |     ^
2 warnings generated.
[307/443] Building C object lib/CMakeFiles/libcurl_shared.dir/smtp.c.o
In file included from /home/baidu/scrapanium-experiments/scrapanium-wss-recv-cold-20260924/build/wss-recv-coalescing/backend-work/build/deps/src/curl/lib/smtp.c:42:
In file included from /home/baidu/scrapanium-experiments/scrapanium-wss-recv-cold-20260924/build/wss-recv-coalescing/backend-work/build/deps/src/curl/lib/urldata.h:73:
In file included from /home/baidu/scrapanium-experiments/scrapanium-wss-recv-cold-20260924/build/wss-recv-coalescing/backend-work/build/deps/src/curl/lib/vdns/asyn.h:29:
In file included from /home/baidu/scrapanium-experiments/scrapanium-wss-recv-cold-20260924/build/wss-recv-coalescing/backend-work/build/deps/src/curl/lib/vdns/httpsrr.h:29:
/home/baidu/scrapanium-experiments/scrapanium-wss-recv-cold-20260924/build/wss-recv-coalescing/backend-work/build/deps/install/include/ares.h:421:19: warning: identifier '_S6_u8' is reserved because it starts with '_' followed by a capital letter [-Wreserved-identifier]
  421 |     unsigned char _S6_u8[16];
      |                   ^
/home/baidu/scrapanium-experiments/scrapanium-wss-recv-cold-20260924/build/wss-recv-coalescing/backend-work/build/deps/install/include/ares.h:422:5: warning: identifier '_S6_un' is reserved because it starts with '_' followed by a capital letter [-Wreserved-identifier]
  422 |   } _S6_un;
      |     ^
2 warnings generated.
[308/443] Building C object lib/CMakeFiles/libcurl_shared.dir/strcase.c.o
[309/443] Building C object lib/CMakeFiles/libcurl_shared.dir/socks.c.o
In file included from /home/baidu/scrapanium-experiments/scrapanium-wss-recv-cold-20260924/build/wss-recv-coalescing/backend-work/build/deps/src/curl/lib/socks.c:35:
In file included from /home/baidu/scrapanium-experiments/scrapanium-wss-recv-cold-20260924/build/wss-recv-coalescing/backend-work/build/deps/src/curl/lib/urldata.h:73:
In file included from /home/baidu/scrapanium-experiments/scrapanium-wss-recv-cold-20260924/build/wss-recv-coalescing/backend-work/build/deps/src/curl/lib/vdns/asyn.h:29:
In file included from /home/baidu/scrapanium-experiments/scrapanium-wss-recv-cold-20260924/build/wss-recv-coalescing/backend-work/build/deps/src/curl/lib/vdns/httpsrr.h:29:
/home/baidu/scrapanium-experiments/scrapanium-wss-recv-cold-20260924/build/wss-recv-coalescing/backend-work/build/deps/install/include/ares.h:421:19: warning: identifier '_S6_u8' is reserved because it starts with '_' followed by a capital letter [-Wreserved-identifier]
  421 |     unsigned char _S6_u8[16];
      |                   ^
/home/baidu/scrapanium-experiments/scrapanium-wss-recv-cold-20260924/build/wss-recv-coalescing/backend-work/build/deps/install/include/ares.h:422:5: warning: identifier '_S6_un' is reserved because it starts with '_' followed by a capital letter [-Wreserved-identifier]
  422 |   } _S6_un;
      |     ^
2 warnings generated.
[310/443] Building C object lib/CMakeFiles/libcurl_shared.dir/strequal.c.o
[311/443] Building C object lib/CMakeFiles/libcurl_shared.dir/system_win32.c.o
[312/443] Building C object lib/CMakeFiles/libcurl_shared.dir/strerror.c.o
[313/443] Building C object lib/CMakeFiles/libcurl_shared.dir/thrdpool.c.o
[314/443] Building C object lib/CMakeFiles/libcurl_shared.dir/thrdqueue.c.o
[315/443] Building C object lib/CMakeFiles/libcurl_shared.dir/uint-bset.c.o
[316/443] Building C object lib/CMakeFiles/libcurl_shared.dir/tftp.c.o
In file included from /home/baidu/scrapanium-experiments/scrapanium-wss-recv-cold-20260924/build/wss-recv-coalescing/backend-work/build/deps/src/curl/lib/tftp.c:25:
In file included from /home/baidu/scrapanium-experiments/scrapanium-wss-recv-cold-20260924/build/wss-recv-coalescing/backend-work/build/deps/src/curl/lib/urldata.h:73:
In file included from /home/baidu/scrapanium-experiments/scrapanium-wss-recv-cold-20260924/build/wss-recv-coalescing/backend-work/build/deps/src/curl/lib/vdns/asyn.h:29:
In file included from /home/baidu/scrapanium-experiments/scrapanium-wss-recv-cold-20260924/build/wss-recv-coalescing/backend-work/build/deps/src/curl/lib/vdns/httpsrr.h:29:
/home/baidu/scrapanium-experiments/scrapanium-wss-recv-cold-20260924/build/wss-recv-coalescing/backend-work/build/deps/install/include/ares.h:421:19: warning: identifier '_S6_u8' is reserved because it starts with '_' followed by a capital letter [-Wreserved-identifier]
  421 |     unsigned char _S6_u8[16];
      |                   ^
/home/baidu/scrapanium-experiments/scrapanium-wss-recv-cold-20260924/build/wss-recv-coalescing/backend-work/build/deps/install/include/ares.h:422:5: warning: identifier '_S6_un' is reserved because it starts with '_' followed by a capital letter [-Wreserved-identifier]
  422 |   } _S6_un;
      |     ^
2 warnings generated.
[317/443] Building C object lib/CMakeFiles/libcurl_shared.dir/uint-hash.c.o
[318/443] Building C object lib/CMakeFiles/libcurl_shared.dir/transfer.c.o
In file included from /home/baidu/scrapanium-experiments/scrapanium-wss-recv-cold-20260924/build/wss-recv-coalescing/backend-work/build/deps/src/curl/lib/transfer.c:57:
In file included from /home/baidu/scrapanium-experiments/scrapanium-wss-recv-cold-20260924/build/wss-recv-coalescing/backend-work/build/deps/src/curl/lib/urldata.h:73:
In file included from /home/baidu/scrapanium-experiments/scrapanium-wss-recv-cold-20260924/build/wss-recv-coalescing/backend-work/build/deps/src/curl/lib/vdns/asyn.h:29:
In file included from /home/baidu/scrapanium-experiments/scrapanium-wss-recv-cold-20260924/build/wss-recv-coalescing/backend-work/build/deps/src/curl/lib/vdns/httpsrr.h:29:
/home/baidu/scrapanium-experiments/scrapanium-wss-recv-cold-20260924/build/wss-recv-coalescing/backend-work/build/deps/install/include/ares.h:421:19: warning: identifier '_S6_u8' is reserved because it starts with '_' followed by a capital letter [-Wreserved-identifier]
  421 |     unsigned char _S6_u8[16];
      |                   ^
/home/baidu/scrapanium-experiments/scrapanium-wss-recv-cold-20260924/build/wss-recv-coalescing/backend-work/build/deps/install/include/ares.h:422:5: warning: identifier '_S6_un' is reserved because it starts with '_' followed by a capital letter [-Wreserved-identifier]
  422 |   } _S6_un;
      |     ^
/home/baidu/scrapanium-experiments/scrapanium-wss-recv-cold-20260924/build/wss-recv-coalescing/backend-work/build/deps/src/curl/lib/transfer.c:89:64: warning: cast from 'const struct Curl_easy *' to 'struct Curl_easy *' drops const qualifier [-Wcast-qual]
   89 |   if(data->conn && (Curl_conn_http_version((struct Curl_easy *)data,
      |                                                                ^
3 warnings generated.
[319/443] Building C object lib/CMakeFiles/libcurl_shared.dir/uint-hashset.c.o
[320/443] Building C object lib/CMakeFiles/libcurl_shared.dir/telnet.c.o
In file included from /home/baidu/scrapanium-experiments/scrapanium-wss-recv-cold-20260924/build/wss-recv-coalescing/backend-work/build/deps/src/curl/lib/telnet.c:25:
In file included from /home/baidu/scrapanium-experiments/scrapanium-wss-recv-cold-20260924/build/wss-recv-coalescing/backend-work/build/deps/src/curl/lib/urldata.h:73:
In file included from /home/baidu/scrapanium-experiments/scrapanium-wss-recv-cold-20260924/build/wss-recv-coalescing/backend-work/build/deps/src/curl/lib/vdns/asyn.h:29:
In file included from /home/baidu/scrapanium-experiments/scrapanium-wss-recv-cold-20260924/build/wss-recv-coalescing/backend-work/build/deps/src/curl/lib/vdns/httpsrr.h:29:
/home/baidu/scrapanium-experiments/scrapanium-wss-recv-cold-20260924/build/wss-recv-coalescing/backend-work/build/deps/install/include/ares.h:421:19: warning: identifier '_S6_u8' is reserved because it starts with '_' followed by a capital letter [-Wreserved-identifier]
  421 |     unsigned char _S6_u8[16];
      |                   ^
/home/baidu/scrapanium-experiments/scrapanium-wss-recv-cold-20260924/build/wss-recv-coalescing/backend-work/build/deps/install/include/ares.h:422:5: warning: identifier '_S6_un' is reserved because it starts with '_' followed by a capital letter [-Wreserved-identifier]
  422 |   } _S6_un;
      |     ^
2 warnings generated.
[321/443] Building C object lib/CMakeFiles/libcurl_shared.dir/uint-spbset.c.o
[322/443] Building C object lib/CMakeFiles/libcurl_shared.dir/uint-table.c.o
[323/443] Building C object lib/CMakeFiles/libcurl_shared.dir/version.c.o
In file included from /home/baidu/scrapanium-experiments/scrapanium-wss-recv-cold-20260924/build/wss-recv-coalescing/backend-work/build/deps/src/curl/lib/version.c:30:
In file included from /home/baidu/scrapanium-experiments/scrapanium-wss-recv-cold-20260924/build/wss-recv-coalescing/backend-work/build/deps/src/curl/lib/urldata.h:73:
In file included from /home/baidu/scrapanium-experiments/scrapanium-wss-recv-cold-20260924/build/wss-recv-coalescing/backend-work/build/deps/src/curl/lib/vdns/asyn.h:29:
In file included from /home/baidu/scrapanium-experiments/scrapanium-wss-recv-cold-20260924/build/wss-recv-coalescing/backend-work/build/deps/src/curl/lib/vdns/httpsrr.h:29:
/home/baidu/scrapanium-experiments/scrapanium-wss-recv-cold-20260924/build/wss-recv-coalescing/backend-work/build/deps/install/include/ares.h:421:19: warning: identifier '_S6_u8' is reserved because it starts with '_' followed by a capital letter [-Wreserved-identifier]
  421 |     unsigned char _S6_u8[16];
      |                   ^
/home/baidu/scrapanium-experiments/scrapanium-wss-recv-cold-20260924/build/wss-recv-coalescing/backend-work/build/deps/install/include/ares.h:422:5: warning: identifier '_S6_un' is reserved because it starts with '_' followed by a capital letter [-Wreserved-identifier]
  422 |   } _S6_un;
      |     ^
2 warnings generated.
[324/443] Building C object lib/CMakeFiles/libcurl_shared.dir/vauth/cleartext.c.o
In file included from /home/baidu/scrapanium-experiments/scrapanium-wss-recv-cold-20260924/build/wss-recv-coalescing/backend-work/build/deps/src/curl/lib/vauth/cleartext.c:33:
In file included from /home/baidu/scrapanium-experiments/scrapanium-wss-recv-cold-20260924/build/wss-recv-coalescing/backend-work/build/deps/src/curl/lib/vauth/vauth.h:30:
In file included from /home/baidu/scrapanium-experiments/scrapanium-wss-recv-cold-20260924/build/wss-recv-coalescing/backend-work/build/deps/src/curl/lib/urldata.h:73:
In file included from /home/baidu/scrapanium-experiments/scrapanium-wss-recv-cold-20260924/build/wss-recv-coalescing/backend-work/build/deps/src/curl/lib/vdns/asyn.h:29:
In file included from /home/baidu/scrapanium-experiments/scrapanium-wss-recv-cold-20260924/build/wss-recv-coalescing/backend-work/build/deps/src/curl/lib/vdns/httpsrr.h:29:
/home/baidu/scrapanium-experiments/scrapanium-wss-recv-cold-20260924/build/wss-recv-coalescing/backend-work/build/deps/install/include/ares.h:421:19: warning: identifier '_S6_u8' is reserved because it starts with '_' followed by a capital letter [-Wreserved-identifier]
  421 |     unsigned char _S6_u8[16];
      |                   ^
/home/baidu/scrapanium-experiments/scrapanium-wss-recv-cold-20260924/build/wss-recv-coalescing/backend-work/build/deps/install/include/ares.h:422:5: warning: identifier '_S6_un' is reserved because it starts with '_' followed by a capital letter [-Wreserved-identifier]
  422 |   } _S6_un;
      |     ^
2 warnings generated.
[325/443] Building C object lib/CMakeFiles/libcurl_shared.dir/vauth/cram.c.o
In file included from /home/baidu/scrapanium-experiments/scrapanium-wss-recv-cold-20260924/build/wss-recv-coalescing/backend-work/build/deps/src/curl/lib/vauth/cram.c:30:
In file included from /home/baidu/scrapanium-experiments/scrapanium-wss-recv-cold-20260924/build/wss-recv-coalescing/backend-work/build/deps/src/curl/lib/vauth/vauth.h:30:
In file included from /home/baidu/scrapanium-experiments/scrapanium-wss-recv-cold-20260924/build/wss-recv-coalescing/backend-work/build/deps/src/curl/lib/urldata.h:73:
In file included from /home/baidu/scrapanium-experiments/scrapanium-wss-recv-cold-20260924/build/wss-recv-coalescing/backend-work/build/deps/src/curl/lib/vdns/asyn.h:29:
In file included from /home/baidu/scrapanium-experiments/scrapanium-wss-recv-cold-20260924/build/wss-recv-coalescing/backend-work/build/deps/src/curl/lib/vdns/httpsrr.h:29:
/home/baidu/scrapanium-experiments/scrapanium-wss-recv-cold-20260924/build/wss-recv-coalescing/backend-work/build/deps/install/include/ares.h:421:19: warning: identifier '_S6_u8' is reserved because it starts with '_' followed by a capital letter [-Wreserved-identifier]
  421 |     unsigned char _S6_u8[16];
      |                   ^
/home/baidu/scrapanium-experiments/scrapanium-wss-recv-cold-20260924/build/wss-recv-coalescing/backend-work/build/deps/install/include/ares.h:422:5: warning: identifier '_S6_un' is reserved because it starts with '_' followed by a capital letter [-Wreserved-identifier]
  422 |   } _S6_un;
      |     ^
2 warnings generated.
[326/443] Building C object lib/CMakeFiles/libcurl_shared.dir/url.c.o
In file included from /home/baidu/scrapanium-experiments/scrapanium-wss-recv-cold-20260924/build/wss-recv-coalescing/backend-work/build/deps/src/curl/lib/url.c:68:
In file included from /home/baidu/scrapanium-experiments/scrapanium-wss-recv-cold-20260924/build/wss-recv-coalescing/backend-work/build/deps/src/curl/lib/urldata.h:73:
In file included from /home/baidu/scrapanium-experiments/scrapanium-wss-recv-cold-20260924/build/wss-recv-coalescing/backend-work/build/deps/src/curl/lib/vdns/asyn.h:29:
In file included from /home/baidu/scrapanium-experiments/scrapanium-wss-recv-cold-20260924/build/wss-recv-coalescing/backend-work/build/deps/src/curl/lib/vdns/httpsrr.h:29:
/home/baidu/scrapanium-experiments/scrapanium-wss-recv-cold-20260924/build/wss-recv-coalescing/backend-work/build/deps/install/include/ares.h:421:19: warning: identifier '_S6_u8' is reserved because it starts with '_' followed by a capital letter [-Wreserved-identifier]
  421 |     unsigned char _S6_u8[16];
      |                   ^
/home/baidu/scrapanium-experiments/scrapanium-wss-recv-cold-20260924/build/wss-recv-coalescing/backend-work/build/deps/install/include/ares.h:422:5: warning: identifier '_S6_un' is reserved because it starts with '_' followed by a capital letter [-Wreserved-identifier]
  422 |   } _S6_un;
      |     ^
2 warnings generated.
[327/443] Building C object lib/CMakeFiles/libcurl_shared.dir/vauth/digest_sspi.c.o
[328/443] Building C object lib/CMakeFiles/libcurl_shared.dir/urlapi.c.o
In file included from /home/baidu/scrapanium-experiments/scrapanium-wss-recv-cold-20260924/build/wss-recv-coalescing/backend-work/build/deps/src/curl/lib/urlapi.c:26:
In file included from /home/baidu/scrapanium-experiments/scrapanium-wss-recv-cold-20260924/build/wss-recv-coalescing/backend-work/build/deps/src/curl/lib/urldata.h:73:
In file included from /home/baidu/scrapanium-experiments/scrapanium-wss-recv-cold-20260924/build/wss-recv-coalescing/backend-work/build/deps/src/curl/lib/vdns/asyn.h:29:
In file included from /home/baidu/scrapanium-experiments/scrapanium-wss-recv-cold-20260924/build/wss-recv-coalescing/backend-work/build/deps/src/curl/lib/vdns/httpsrr.h:29:
/home/baidu/scrapanium-experiments/scrapanium-wss-recv-cold-20260924/build/wss-recv-coalescing/backend-work/build/deps/install/include/ares.h:421:19: warning: identifier '_S6_u8' is reserved because it starts with '_' followed by a capital letter [-Wreserved-identifier]
  421 |     unsigned char _S6_u8[16];
      |                   ^
/home/baidu/scrapanium-experiments/scrapanium-wss-recv-cold-20260924/build/wss-recv-coalescing/backend-work/build/deps/install/include/ares.h:422:5: warning: identifier '_S6_un' is reserved because it starts with '_' followed by a capital letter [-Wreserved-identifier]
  422 |   } _S6_un;
      |     ^
2 warnings generated.
[329/443] Building C object lib/CMakeFiles/libcurl_shared.dir/vauth/gsasl.c.o
[330/443] Building C object lib/CMakeFiles/libcurl_shared.dir/vauth/krb5_gssapi.c.o
[331/443] Building C object lib/CMakeFiles/libcurl_shared.dir/vauth/krb5_sspi.c.o
[332/443] Building C object lib/CMakeFiles/libcurl_shared.dir/vauth/ntlm.c.o
[333/443] Building C object lib/CMakeFiles/libcurl_shared.dir/vauth/digest.c.o
In file included from /home/baidu/scrapanium-experiments/scrapanium-wss-recv-cold-20260924/build/wss-recv-coalescing/backend-work/build/deps/src/curl/lib/vauth/digest.c:31:
In file included from /home/baidu/scrapanium-experiments/scrapanium-wss-recv-cold-20260924/build/wss-recv-coalescing/backend-work/build/deps/src/curl/lib/vauth/vauth.h:30:
In file included from /home/baidu/scrapanium-experiments/scrapanium-wss-recv-cold-20260924/build/wss-recv-coalescing/backend-work/build/deps/src/curl/lib/urldata.h:73:
In file included from /home/baidu/scrapanium-experiments/scrapanium-wss-recv-cold-20260924/build/wss-recv-coalescing/backend-work/build/deps/src/curl/lib/vdns/asyn.h:29:
In file included from /home/baidu/scrapanium-experiments/scrapanium-wss-recv-cold-20260924/build/wss-recv-coalescing/backend-work/build/deps/src/curl/lib/vdns/httpsrr.h:29:
/home/baidu/scrapanium-experiments/scrapanium-wss-recv-cold-20260924/build/wss-recv-coalescing/backend-work/build/deps/install/include/ares.h:421:19: warning: identifier '_S6_u8' is reserved because it starts with '_' followed by a capital letter [-Wreserved-identifier]
  421 |     unsigned char _S6_u8[16];
      |                   ^
/home/baidu/scrapanium-experiments/scrapanium-wss-recv-cold-20260924/build/wss-recv-coalescing/backend-work/build/deps/install/include/ares.h:422:5: warning: identifier '_S6_un' is reserved because it starts with '_' followed by a capital letter [-Wreserved-identifier]
  422 |   } _S6_un;
      |     ^
2 warnings generated.
[334/443] Building C object lib/CMakeFiles/libcurl_shared.dir/vauth/ntlm_sspi.c.o
[335/443] Building C object lib/CMakeFiles/libcurl_shared.dir/vauth/spnego_gssapi.c.o
[336/443] Building C object lib/CMakeFiles/libcurl_shared.dir/vauth/oauth2.c.o
In file included from /home/baidu/scrapanium-experiments/scrapanium-wss-recv-cold-20260924/build/wss-recv-coalescing/backend-work/build/deps/src/curl/lib/vauth/oauth2.c:32:
In file included from /home/baidu/scrapanium-experiments/scrapanium-wss-recv-cold-20260924/build/wss-recv-coalescing/backend-work/build/deps/src/curl/lib/vauth/vauth.h:30:
In file included from /home/baidu/scrapanium-experiments/scrapanium-wss-recv-cold-20260924/build/wss-recv-coalescing/backend-work/build/deps/src/curl/lib/urldata.h:73:
In file included from /home/baidu/scrapanium-experiments/scrapanium-wss-recv-cold-20260924/build/wss-recv-coalescing/backend-work/build/deps/src/curl/lib/vdns/asyn.h:29:
In file included from /home/baidu/scrapanium-experiments/scrapanium-wss-recv-cold-20260924/build/wss-recv-coalescing/backend-work/build/deps/src/curl/lib/vdns/httpsrr.h:29:
/home/baidu/scrapanium-experiments/scrapanium-wss-recv-cold-20260924/build/wss-recv-coalescing/backend-work/build/deps/install/include/ares.h:421:19: warning: identifier '_S6_u8' is reserved because it starts with '_' followed by a capital letter [-Wreserved-identifier]
  421 |     unsigned char _S6_u8[16];
      |                   ^
/home/baidu/scrapanium-experiments/scrapanium-wss-recv-cold-20260924/build/wss-recv-coalescing/backend-work/build/deps/install/include/ares.h:422:5: warning: identifier '_S6_un' is reserved because it starts with '_' followed by a capital letter [-Wreserved-identifier]
  422 |   } _S6_un;
      |     ^
2 warnings generated.
[337/443] Building C object lib/CMakeFiles/libcurl_shared.dir/vauth/spnego_sspi.c.o
[338/443] Building C object lib/CMakeFiles/libcurl_shared.dir/ws.c.o
In file included from /home/baidu/scrapanium-experiments/scrapanium-wss-recv-cold-20260924/build/wss-recv-coalescing/backend-work/build/deps/src/curl/lib/ws.c:25:
In file included from /home/baidu/scrapanium-experiments/scrapanium-wss-recv-cold-20260924/build/wss-recv-coalescing/backend-work/build/deps/src/curl/lib/urldata.h:73:
In file included from /home/baidu/scrapanium-experiments/scrapanium-wss-recv-cold-20260924/build/wss-recv-coalescing/backend-work/build/deps/src/curl/lib/vdns/asyn.h:29:
In file included from /home/baidu/scrapanium-experiments/scrapanium-wss-recv-cold-20260924/build/wss-recv-coalescing/backend-work/build/deps/src/curl/lib/vdns/httpsrr.h:29:
/home/baidu/scrapanium-experiments/scrapanium-wss-recv-cold-20260924/build/wss-recv-coalescing/backend-work/build/deps/install/include/ares.h:421:19: warning: identifier '_S6_u8' is reserved because it starts with '_' followed by a capital letter [-Wreserved-identifier]
  421 |     unsigned char _S6_u8[16];
      |                   ^
/home/baidu/scrapanium-experiments/scrapanium-wss-recv-cold-20260924/build/wss-recv-coalescing/backend-work/build/deps/install/include/ares.h:422:5: warning: identifier '_S6_un' is reserved because it starts with '_' followed by a capital letter [-Wreserved-identifier]
  422 |   } _S6_un;
      |     ^
2 warnings generated.
[339/443] Building C object lib/CMakeFiles/libcurl_shared.dir/vauth/vauth.c.o
In file included from /home/baidu/scrapanium-experiments/scrapanium-wss-recv-cold-20260924/build/wss-recv-coalescing/backend-work/build/deps/src/curl/lib/vauth/vauth.c:26:
In file included from /home/baidu/scrapanium-experiments/scrapanium-wss-recv-cold-20260924/build/wss-recv-coalescing/backend-work/build/deps/src/curl/lib/vauth/vauth.h:30:
In file included from /home/baidu/scrapanium-experiments/scrapanium-wss-recv-cold-20260924/build/wss-recv-coalescing/backend-work/build/deps/src/curl/lib/urldata.h:73:
In file included from /home/baidu/scrapanium-experiments/scrapanium-wss-recv-cold-20260924/build/wss-recv-coalescing/backend-work/build/deps/src/curl/lib/vdns/asyn.h:29:
In file included from /home/baidu/scrapanium-experiments/scrapanium-wss-recv-cold-20260924/build/wss-recv-coalescing/backend-work/build/deps/src/curl/lib/vdns/httpsrr.h:29:
/home/baidu/scrapanium-experiments/scrapanium-wss-recv-cold-20260924/build/wss-recv-coalescing/backend-work/build/deps/install/include/ares.h:421:19: warning: identifier '_S6_u8' is reserved because it starts with '_' followed by a capital letter [-Wreserved-identifier]
  421 |     unsigned char _S6_u8[16];
      |                   ^
/home/baidu/scrapanium-experiments/scrapanium-wss-recv-cold-20260924/build/wss-recv-coalescing/backend-work/build/deps/install/include/ares.h:422:5: warning: identifier '_S6_un' is reserved because it starts with '_' followed by a capital letter [-Wreserved-identifier]
  422 |   } _S6_un;
      |     ^
2 warnings generated.
[340/443] Building C object lib/CMakeFiles/libcurl_shared.dir/vdns/asyn-thrdd.c.o
[341/443] Building C object lib/CMakeFiles/libcurl_shared.dir/vdns/asyn-base.c.o
In file included from /home/baidu/scrapanium-experiments/scrapanium-wss-recv-cold-20260924/build/wss-recv-coalescing/backend-work/build/deps/src/curl/lib/vdns/asyn-base.c:41:
/home/baidu/scrapanium-experiments/scrapanium-wss-recv-cold-20260924/build/wss-recv-coalescing/backend-work/build/deps/install/include/ares.h:421:19: warning: identifier '_S6_u8' is reserved because it starts with '_' followed by a capital letter [-Wreserved-identifier]
  421 |     unsigned char _S6_u8[16];
      |                   ^
/home/baidu/scrapanium-experiments/scrapanium-wss-recv-cold-20260924/build/wss-recv-coalescing/backend-work/build/deps/install/include/ares.h:422:5: warning: identifier '_S6_un' is reserved because it starts with '_' followed by a capital letter [-Wreserved-identifier]
  422 |   } _S6_un;
      |     ^
2 warnings generated.
[342/443] Building C object lib/CMakeFiles/libcurl_shared.dir/vdns/asyn-ares.c.o
In file included from /home/baidu/scrapanium-experiments/scrapanium-wss-recv-cold-20260924/build/wss-recv-coalescing/backend-work/build/deps/src/curl/lib/vdns/asyn-ares.c:48:
In file included from /home/baidu/scrapanium-experiments/scrapanium-wss-recv-cold-20260924/build/wss-recv-coalescing/backend-work/build/deps/src/curl/lib/urldata.h:73:
In file included from /home/baidu/scrapanium-experiments/scrapanium-wss-recv-cold-20260924/build/wss-recv-coalescing/backend-work/build/deps/src/curl/lib/vdns/asyn.h:29:
In file included from /home/baidu/scrapanium-experiments/scrapanium-wss-recv-cold-20260924/build/wss-recv-coalescing/backend-work/build/deps/src/curl/lib/vdns/httpsrr.h:29:
/home/baidu/scrapanium-experiments/scrapanium-wss-recv-cold-20260924/build/wss-recv-coalescing/backend-work/build/deps/install/include/ares.h:421:19: warning: identifier '_S6_u8' is reserved because it starts with '_' followed by a capital letter [-Wreserved-identifier]
  421 |     unsigned char _S6_u8[16];
      |                   ^
/home/baidu/scrapanium-experiments/scrapanium-wss-recv-cold-20260924/build/wss-recv-coalescing/backend-work/build/deps/install/include/ares.h:422:5: warning: identifier '_S6_un' is reserved because it starts with '_' followed by a capital letter [-Wreserved-identifier]
  422 |   } _S6_un;
      |     ^
2 warnings generated.
[343/443] Building C object lib/CMakeFiles/libcurl_shared.dir/vdns/cf-dns.c.o
In file included from /home/baidu/scrapanium-experiments/scrapanium-wss-recv-cold-20260924/build/wss-recv-coalescing/backend-work/build/deps/src/curl/lib/vdns/cf-dns.c:26:
In file included from /home/baidu/scrapanium-experiments/scrapanium-wss-recv-cold-20260924/build/wss-recv-coalescing/backend-work/build/deps/src/curl/lib/urldata.h:73:
In file included from /home/baidu/scrapanium-experiments/scrapanium-wss-recv-cold-20260924/build/wss-recv-coalescing/backend-work/build/deps/src/curl/lib/vdns/asyn.h:29:
In file included from /home/baidu/scrapanium-experiments/scrapanium-wss-recv-cold-20260924/build/wss-recv-coalescing/backend-work/build/deps/src/curl/lib/vdns/httpsrr.h:29:
/home/baidu/scrapanium-experiments/scrapanium-wss-recv-cold-20260924/build/wss-recv-coalescing/backend-work/build/deps/install/include/ares.h:421:19: warning: identifier '_S6_u8' is reserved because it starts with '_' followed by a capital letter [-Wreserved-identifier]
  421 |     unsigned char _S6_u8[16];
      |                   ^
/home/baidu/scrapanium-experiments/scrapanium-wss-recv-cold-20260924/build/wss-recv-coalescing/backend-work/build/deps/install/include/ares.h:422:5: warning: identifier '_S6_un' is reserved because it starts with '_' followed by a capital letter [-Wreserved-identifier]
  422 |   } _S6_un;
      |     ^
2 warnings generated.
[344/443] Building C object lib/CMakeFiles/libcurl_shared.dir/vdns/hostip4.c.o
[345/443] Building C object lib/CMakeFiles/libcurl_shared.dir/vdns/dnscache.c.o
In file included from /home/baidu/scrapanium-experiments/scrapanium-wss-recv-cold-20260924/build/wss-recv-coalescing/backend-work/build/deps/src/curl/lib/vdns/dnscache.c:43:
In file included from /home/baidu/scrapanium-experiments/scrapanium-wss-recv-cold-20260924/build/wss-recv-coalescing/backend-work/build/deps/src/curl/lib/urldata.h:73:
In file included from /home/baidu/scrapanium-experiments/scrapanium-wss-recv-cold-20260924/build/wss-recv-coalescing/backend-work/build/deps/src/curl/lib/vdns/asyn.h:29:
In file included from /home/baidu/scrapanium-experiments/scrapanium-wss-recv-cold-20260924/build/wss-recv-coalescing/backend-work/build/deps/src/curl/lib/vdns/httpsrr.h:29:
/home/baidu/scrapanium-experiments/scrapanium-wss-recv-cold-20260924/build/wss-recv-coalescing/backend-work/build/deps/install/include/ares.h:421:19: warning: identifier '_S6_u8' is reserved because it starts with '_' followed by a capital letter [-Wreserved-identifier]
  421 |     unsigned char _S6_u8[16];
      |                   ^
/home/baidu/scrapanium-experiments/scrapanium-wss-recv-cold-20260924/build/wss-recv-coalescing/backend-work/build/deps/install/include/ares.h:422:5: warning: identifier '_S6_un' is reserved because it starts with '_' followed by a capital letter [-Wreserved-identifier]
  422 |   } _S6_un;
      |     ^
2 warnings generated.
[346/443] Building C object lib/CMakeFiles/libcurl_shared.dir/vdns/hostip6.c.o
In file included from /home/baidu/scrapanium-experiments/scrapanium-wss-recv-cold-20260924/build/wss-recv-coalescing/backend-work/build/deps/src/curl/lib/vdns/hostip6.c:45:
In file included from /home/baidu/scrapanium-experiments/scrapanium-wss-recv-cold-20260924/build/wss-recv-coalescing/backend-work/build/deps/src/curl/lib/urldata.h:73:
In file included from /home/baidu/scrapanium-experiments/scrapanium-wss-recv-cold-20260924/build/wss-recv-coalescing/backend-work/build/deps/src/curl/lib/vdns/asyn.h:29:
In file included from /home/baidu/scrapanium-experiments/scrapanium-wss-recv-cold-20260924/build/wss-recv-coalescing/backend-work/build/deps/src/curl/lib/vdns/httpsrr.h:29:
/home/baidu/scrapanium-experiments/scrapanium-wss-recv-cold-20260924/build/wss-recv-coalescing/backend-work/build/deps/install/include/ares.h:421:19: warning: identifier '_S6_u8' is reserved because it starts with '_' followed by a capital letter [-Wreserved-identifier]
  421 |     unsigned char _S6_u8[16];
      |                   ^
/home/baidu/scrapanium-experiments/scrapanium-wss-recv-cold-20260924/build/wss-recv-coalescing/backend-work/build/deps/install/include/ares.h:422:5: warning: identifier '_S6_un' is reserved because it starts with '_' followed by a capital letter [-Wreserved-identifier]
  422 |   } _S6_un;
      |     ^
2 warnings generated.
[347/443] Building C object lib/CMakeFiles/libcurl_shared.dir/vdns/hostip.c.o
In file included from /home/baidu/scrapanium-experiments/scrapanium-wss-recv-cold-20260924/build/wss-recv-coalescing/backend-work/build/deps/src/curl/lib/vdns/hostip.c:46:
In file included from /home/baidu/scrapanium-experiments/scrapanium-wss-recv-cold-20260924/build/wss-recv-coalescing/backend-work/build/deps/src/curl/lib/urldata.h:73:
In file included from /home/baidu/scrapanium-experiments/scrapanium-wss-recv-cold-20260924/build/wss-recv-coalescing/backend-work/build/deps/src/curl/lib/vdns/asyn.h:29:
In file included from /home/baidu/scrapanium-experiments/scrapanium-wss-recv-cold-20260924/build/wss-recv-coalescing/backend-work/build/deps/src/curl/lib/vdns/httpsrr.h:29:
/home/baidu/scrapanium-experiments/scrapanium-wss-recv-cold-20260924/build/wss-recv-coalescing/backend-work/build/deps/install/include/ares.h:421:19: warning: identifier '_S6_u8' is reserved because it starts with '_' followed by a capital letter [-Wreserved-identifier]
  421 |     unsigned char _S6_u8[16];
      |                   ^
/home/baidu/scrapanium-experiments/scrapanium-wss-recv-cold-20260924/build/wss-recv-coalescing/backend-work/build/deps/install/include/ares.h:422:5: warning: identifier '_S6_un' is reserved because it starts with '_' followed by a capital letter [-Wreserved-identifier]
  422 |   } _S6_un;
      |     ^
2 warnings generated.
[348/443] Building C object lib/CMakeFiles/libcurl_shared.dir/vtls/cipher_suite.c.o
[349/443] Building C object lib/CMakeFiles/libcurl_shared.dir/vtls/apple.c.o
[350/443] Building C object lib/CMakeFiles/libcurl_shared.dir/vdns/httpsrr.c.o
In file included from /home/baidu/scrapanium-experiments/scrapanium-wss-recv-cold-20260924/build/wss-recv-coalescing/backend-work/build/deps/src/curl/lib/vdns/httpsrr.c:28:
In file included from /home/baidu/scrapanium-experiments/scrapanium-wss-recv-cold-20260924/build/wss-recv-coalescing/backend-work/build/deps/src/curl/lib/urldata.h:73:
In file included from /home/baidu/scrapanium-experiments/scrapanium-wss-recv-cold-20260924/build/wss-recv-coalescing/backend-work/build/deps/src/curl/lib/vdns/asyn.h:29:
In file included from /home/baidu/scrapanium-experiments/scrapanium-wss-recv-cold-20260924/build/wss-recv-coalescing/backend-work/build/deps/src/curl/lib/vdns/httpsrr.h:29:
/home/baidu/scrapanium-experiments/scrapanium-wss-recv-cold-20260924/build/wss-recv-coalescing/backend-work/build/deps/install/include/ares.h:421:19: warning: identifier '_S6_u8' is reserved because it starts with '_' followed by a capital letter [-Wreserved-identifier]
  421 |     unsigned char _S6_u8[16];
      |                   ^
/home/baidu/scrapanium-experiments/scrapanium-wss-recv-cold-20260924/build/wss-recv-coalescing/backend-work/build/deps/install/include/ares.h:422:5: warning: identifier '_S6_un' is reserved because it starts with '_' followed by a capital letter [-Wreserved-identifier]
  422 |   } _S6_un;
      |     ^
2 warnings generated.
[351/443] Building C object lib/CMakeFiles/libcurl_shared.dir/vtls/gtls.c.o
[352/443] Building C object lib/CMakeFiles/libcurl_shared.dir/vtls/hostcheck.c.o
[353/443] Building C object lib/CMakeFiles/libcurl_shared.dir/vtls/keylog.c.o
[354/443] Building C object lib/CMakeFiles/libcurl_shared.dir/vtls/mbedtls.c.o
[355/443] Building C object lib/CMakeFiles/libcurl_shared.dir/vdns/doh.c.o
In file included from /home/baidu/scrapanium-experiments/scrapanium-wss-recv-cold-20260924/build/wss-recv-coalescing/backend-work/build/deps/src/curl/lib/vdns/doh.c:28:
In file included from /home/baidu/scrapanium-experiments/scrapanium-wss-recv-cold-20260924/build/wss-recv-coalescing/backend-work/build/deps/src/curl/lib/urldata.h:73:
In file included from /home/baidu/scrapanium-experiments/scrapanium-wss-recv-cold-20260924/build/wss-recv-coalescing/backend-work/build/deps/src/curl/lib/vdns/asyn.h:29:
In file included from /home/baidu/scrapanium-experiments/scrapanium-wss-recv-cold-20260924/build/wss-recv-coalescing/backend-work/build/deps/src/curl/lib/vdns/httpsrr.h:29:
/home/baidu/scrapanium-experiments/scrapanium-wss-recv-cold-20260924/build/wss-recv-coalescing/backend-work/build/deps/install/include/ares.h:421:19: warning: identifier '_S6_u8' is reserved because it starts with '_' followed by a capital letter [-Wreserved-identifier]
  421 |     unsigned char _S6_u8[16];
      |                   ^
/home/baidu/scrapanium-experiments/scrapanium-wss-recv-cold-20260924/build/wss-recv-coalescing/backend-work/build/deps/install/include/ares.h:422:5: warning: identifier '_S6_un' is reserved because it starts with '_' followed by a capital letter [-Wreserved-identifier]
  422 |   } _S6_un;
      |     ^
2 warnings generated.
[356/443] Building C object lib/CMakeFiles/libcurl_shared.dir/vtls/rustls.c.o
[357/443] Building C object lib/CMakeFiles/libcurl_shared.dir/vtls/schannel_verify.c.o
[358/443] Building C object lib/CMakeFiles/libcurl_shared.dir/vtls/schannel.c.o
[359/443] Building C object lib/CMakeFiles/libcurl_shared.dir/vtls/vtls_config.c.o
In file included from /home/baidu/scrapanium-experiments/scrapanium-wss-recv-cold-20260924/build/wss-recv-coalescing/backend-work/build/deps/src/curl/lib/vtls/vtls_config.c:43:
In file included from /home/baidu/scrapanium-experiments/scrapanium-wss-recv-cold-20260924/build/wss-recv-coalescing/backend-work/build/deps/src/curl/lib/urldata.h:73:
In file included from /home/baidu/scrapanium-experiments/scrapanium-wss-recv-cold-20260924/build/wss-recv-coalescing/backend-work/build/deps/src/curl/lib/vdns/asyn.h:29:
In file included from /home/baidu/scrapanium-experiments/scrapanium-wss-recv-cold-20260924/build/wss-recv-coalescing/backend-work/build/deps/src/curl/lib/vdns/httpsrr.h:29:
/home/baidu/scrapanium-experiments/scrapanium-wss-recv-cold-20260924/build/wss-recv-coalescing/backend-work/build/deps/install/include/ares.h:421:19: warning: identifier '_S6_u8' is reserved because it starts with '_' followed by a capital letter [-Wreserved-identifier]
  421 |     unsigned char _S6_u8[16];
      |                   ^
/home/baidu/scrapanium-experiments/scrapanium-wss-recv-cold-20260924/build/wss-recv-coalescing/backend-work/build/deps/install/include/ares.h:422:5: warning: identifier '_S6_un' is reserved because it starts with '_' followed by a capital letter [-Wreserved-identifier]
  422 |   } _S6_un;
      |     ^
2 warnings generated.
[360/443] Building C object lib/CMakeFiles/libcurl_shared.dir/vtls/vtls_spack.c.o
In file included from /home/baidu/scrapanium-experiments/scrapanium-wss-recv-cold-20260924/build/wss-recv-coalescing/backend-work/build/deps/src/curl/lib/vtls/vtls_spack.c:28:
In file included from /home/baidu/scrapanium-experiments/scrapanium-wss-recv-cold-20260924/build/wss-recv-coalescing/backend-work/build/deps/src/curl/lib/urldata.h:73:
In file included from /home/baidu/scrapanium-experiments/scrapanium-wss-recv-cold-20260924/build/wss-recv-coalescing/backend-work/build/deps/src/curl/lib/vdns/asyn.h:29:
In file included from /home/baidu/scrapanium-experiments/scrapanium-wss-recv-cold-20260924/build/wss-recv-coalescing/backend-work/build/deps/src/curl/lib/vdns/httpsrr.h:29:
/home/baidu/scrapanium-experiments/scrapanium-wss-recv-cold-20260924/build/wss-recv-coalescing/backend-work/build/deps/install/include/ares.h:421:19: warning: identifier '_S6_u8' is reserved because it starts with '_' followed by a capital letter [-Wreserved-identifier]
  421 |     unsigned char _S6_u8[16];
      |                   ^
/home/baidu/scrapanium-experiments/scrapanium-wss-recv-cold-20260924/build/wss-recv-coalescing/backend-work/build/deps/install/include/ares.h:422:5: warning: identifier '_S6_un' is reserved because it starts with '_' followed by a capital letter [-Wreserved-identifier]
  422 |   } _S6_un;
      |     ^
2 warnings generated.
[361/443] Building C object lib/CMakeFiles/libcurl_shared.dir/vtls/vtls_scache.c.o
In file included from /home/baidu/scrapanium-experiments/scrapanium-wss-recv-cold-20260924/build/wss-recv-coalescing/backend-work/build/deps/src/curl/lib/vtls/vtls_scache.c:28:
In file included from /home/baidu/scrapanium-experiments/scrapanium-wss-recv-cold-20260924/build/wss-recv-coalescing/backend-work/build/deps/src/curl/lib/urldata.h:73:
In file included from /home/baidu/scrapanium-experiments/scrapanium-wss-recv-cold-20260924/build/wss-recv-coalescing/backend-work/build/deps/src/curl/lib/vdns/asyn.h:29:
In file included from /home/baidu/scrapanium-experiments/scrapanium-wss-recv-cold-20260924/build/wss-recv-coalescing/backend-work/build/deps/src/curl/lib/vdns/httpsrr.h:29:
/home/baidu/scrapanium-experiments/scrapanium-wss-recv-cold-20260924/build/wss-recv-coalescing/backend-work/build/deps/install/include/ares.h:421:19: warning: identifier '_S6_u8' is reserved because it starts with '_' followed by a capital letter [-Wreserved-identifier]
  421 |     unsigned char _S6_u8[16];
      |                   ^
/home/baidu/scrapanium-experiments/scrapanium-wss-recv-cold-20260924/build/wss-recv-coalescing/backend-work/build/deps/install/include/ares.h:422:5: warning: identifier '_S6_un' is reserved because it starts with '_' followed by a capital letter [-Wreserved-identifier]
  422 |   } _S6_un;
      |     ^
2 warnings generated.
[362/443] Building C object lib/CMakeFiles/libcurl_shared.dir/vtls/wolfssl.c.o
[363/443] Building C object lib/CMakeFiles/libcurl_shared.dir/vtls/x509asn1.c.o
[364/443] Building C object lib/CMakeFiles/libcurl_shared.dir/vtls/vtls.c.o
In file included from /home/baidu/scrapanium-experiments/scrapanium-wss-recv-cold-20260924/build/wss-recv-coalescing/backend-work/build/deps/src/curl/lib/vtls/vtls.c:43:
In file included from /home/baidu/scrapanium-experiments/scrapanium-wss-recv-cold-20260924/build/wss-recv-coalescing/backend-work/build/deps/src/curl/lib/urldata.h:73:
In file included from /home/baidu/scrapanium-experiments/scrapanium-wss-recv-cold-20260924/build/wss-recv-coalescing/backend-work/build/deps/src/curl/lib/vdns/asyn.h:29:
In file included from /home/baidu/scrapanium-experiments/scrapanium-wss-recv-cold-20260924/build/wss-recv-coalescing/backend-work/build/deps/src/curl/lib/vdns/httpsrr.h:29:
/home/baidu/scrapanium-experiments/scrapanium-wss-recv-cold-20260924/build/wss-recv-coalescing/backend-work/build/deps/install/include/ares.h:421:19: warning: identifier '_S6_u8' is reserved because it starts with '_' followed by a capital letter [-Wreserved-identifier]
  421 |     unsigned char _S6_u8[16];
      |                   ^
/home/baidu/scrapanium-experiments/scrapanium-wss-recv-cold-20260924/build/wss-recv-coalescing/backend-work/build/deps/install/include/ares.h:422:5: warning: identifier '_S6_un' is reserved because it starts with '_' followed by a capital letter [-Wreserved-identifier]
  422 |   } _S6_un;
      |     ^
In file included from /home/baidu/scrapanium-experiments/scrapanium-wss-recv-cold-20260924/build/wss-recv-coalescing/backend-work/build/deps/src/curl/lib/vtls/vtls.c:51:
In file included from /home/baidu/scrapanium-experiments/scrapanium-wss-recv-cold-20260924/build/wss-recv-coalescing/backend-work/build/deps/src/curl/lib/vtls/openssl.h:69:
In file included from /home/baidu/scrapanium-experiments/scrapanium-wss-recv-cold-20260924/build/wss-recv-coalescing/backend-work/build/deps/src/boringssl/include/openssl/ssl.h:22:
In file included from /home/baidu/scrapanium-experiments/scrapanium-wss-recv-cold-20260924/build/wss-recv-coalescing/backend-work/build/deps/src/boringssl/include/openssl/bio.h:25:
/home/baidu/scrapanium-experiments/scrapanium-wss-recv-cold-20260924/build/wss-recv-coalescing/backend-work/build/deps/src/boringssl/include/openssl/stack.h:325:23: warning: identifier '_STACK' is reserved because it starts with '_' followed by a capital letter [-Wreserved-identifier]
  325 | typedef OPENSSL_STACK _STACK;
      |                       ^
3 warnings generated.
[365/443] Building C object lib/CMakeFiles/libcurl_shared.dir/vquic/capsule.c.o
In file included from /home/baidu/scrapanium-experiments/scrapanium-wss-recv-cold-20260924/build/wss-recv-coalescing/backend-work/build/deps/src/curl/lib/vquic/capsule.c:34:
In file included from /home/baidu/scrapanium-experiments/scrapanium-wss-recv-cold-20260924/build/wss-recv-coalescing/backend-work/build/deps/src/curl/lib/urldata.h:73:
In file included from /home/baidu/scrapanium-experiments/scrapanium-wss-recv-cold-20260924/build/wss-recv-coalescing/backend-work/build/deps/src/curl/lib/vdns/asyn.h:29:
In file included from /home/baidu/scrapanium-experiments/scrapanium-wss-recv-cold-20260924/build/wss-recv-coalescing/backend-work/build/deps/src/curl/lib/vdns/httpsrr.h:29:
/home/baidu/scrapanium-experiments/scrapanium-wss-recv-cold-20260924/build/wss-recv-coalescing/backend-work/build/deps/install/include/ares.h:421:19: warning: identifier '_S6_u8' is reserved because it starts with '_' followed by a capital letter [-Wreserved-identifier]
  421 |     unsigned char _S6_u8[16];
      |                   ^
/home/baidu/scrapanium-experiments/scrapanium-wss-recv-cold-20260924/build/wss-recv-coalescing/backend-work/build/deps/install/include/ares.h:422:5: warning: identifier '_S6_un' is reserved because it starts with '_' followed by a capital letter [-Wreserved-identifier]
  422 |   } _S6_un;
      |     ^
2 warnings generated.
[366/443] Building C object lib/CMakeFiles/libcurl_shared.dir/vquic/cf-capsule.c.o
In file included from /home/baidu/scrapanium-experiments/scrapanium-wss-recv-cold-20260924/build/wss-recv-coalescing/backend-work/build/deps/src/curl/lib/vquic/cf-capsule.c:28:
In file included from /home/baidu/scrapanium-experiments/scrapanium-wss-recv-cold-20260924/build/wss-recv-coalescing/backend-work/build/deps/src/curl/lib/urldata.h:73:
In file included from /home/baidu/scrapanium-experiments/scrapanium-wss-recv-cold-20260924/build/wss-recv-coalescing/backend-work/build/deps/src/curl/lib/vdns/asyn.h:29:
In file included from /home/baidu/scrapanium-experiments/scrapanium-wss-recv-cold-20260924/build/wss-recv-coalescing/backend-work/build/deps/src/curl/lib/vdns/httpsrr.h:29:
/home/baidu/scrapanium-experiments/scrapanium-wss-recv-cold-20260924/build/wss-recv-coalescing/backend-work/build/deps/install/include/ares.h:421:19: warning: identifier '_S6_u8' is reserved because it starts with '_' followed by a capital letter [-Wreserved-identifier]
  421 |     unsigned char _S6_u8[16];
      |                   ^
/home/baidu/scrapanium-experiments/scrapanium-wss-recv-cold-20260924/build/wss-recv-coalescing/backend-work/build/deps/install/include/ares.h:422:5: warning: identifier '_S6_un' is reserved because it starts with '_' followed by a capital letter [-Wreserved-identifier]
  422 |   } _S6_un;
      |     ^
2 warnings generated.
[367/443] Building C object lib/CMakeFiles/libcurl_shared.dir/vtls/openssl.c.o
In file included from /home/baidu/scrapanium-experiments/scrapanium-wss-recv-cold-20260924/build/wss-recv-coalescing/backend-work/build/deps/src/curl/lib/vtls/openssl.c:32:
In file included from /home/baidu/scrapanium-experiments/scrapanium-wss-recv-cold-20260924/build/wss-recv-coalescing/backend-work/build/deps/src/curl/lib/urldata.h:73:
In file included from /home/baidu/scrapanium-experiments/scrapanium-wss-recv-cold-20260924/build/wss-recv-coalescing/backend-work/build/deps/src/curl/lib/vdns/asyn.h:29:
In file included from /home/baidu/scrapanium-experiments/scrapanium-wss-recv-cold-20260924/build/wss-recv-coalescing/backend-work/build/deps/src/curl/lib/vdns/httpsrr.h:29:
/home/baidu/scrapanium-experiments/scrapanium-wss-recv-cold-20260924/build/wss-recv-coalescing/backend-work/build/deps/install/include/ares.h:421:19: warning: identifier '_S6_u8' is reserved because it starts with '_' followed by a capital letter [-Wreserved-identifier]
  421 |     unsigned char _S6_u8[16];
      |                   ^
/home/baidu/scrapanium-experiments/scrapanium-wss-recv-cold-20260924/build/wss-recv-coalescing/backend-work/build/deps/install/include/ares.h:422:5: warning: identifier '_S6_un' is reserved because it starts with '_' followed by a capital letter [-Wreserved-identifier]
  422 |   } _S6_un;
      |     ^
In file included from /home/baidu/scrapanium-experiments/scrapanium-wss-recv-cold-20260924/build/wss-recv-coalescing/backend-work/build/deps/src/curl/lib/vtls/openssl.c:37:
In file included from /home/baidu/scrapanium-experiments/scrapanium-wss-recv-cold-20260924/build/wss-recv-coalescing/backend-work/build/deps/src/curl/lib/vtls/openssl.h:69:
In file included from /home/baidu/scrapanium-experiments/scrapanium-wss-recv-cold-20260924/build/wss-recv-coalescing/backend-work/build/deps/src/boringssl/include/openssl/ssl.h:22:
In file included from /home/baidu/scrapanium-experiments/scrapanium-wss-recv-cold-20260924/build/wss-recv-coalescing/backend-work/build/deps/src/boringssl/include/openssl/bio.h:25:
/home/baidu/scrapanium-experiments/scrapanium-wss-recv-cold-20260924/build/wss-recv-coalescing/backend-work/build/deps/src/boringssl/include/openssl/stack.h:325:23: warning: identifier '_STACK' is reserved because it starts with '_' followed by a capital letter [-Wreserved-identifier]
  325 | typedef OPENSSL_STACK _STACK;
      |                       ^
/home/baidu/scrapanium-experiments/scrapanium-wss-recv-cold-20260924/build/wss-recv-coalescing/backend-work/build/deps/src/curl/lib/vtls/openssl.c:243:18: warning: variable length array used [-Wvla]
  243 |     char algname[kMaxSignatureAlgorithmNameLen + 1];
      |                  ^~~~~~~~~~~~~~~~~~~~~~~~~~~~~~~~~
/home/baidu/scrapanium-experiments/scrapanium-wss-recv-cold-20260924/build/wss-recv-coalescing/backend-work/build/deps/src/curl/lib/vtls/openssl.c:271:18: warning: comparison of integers of different signs: 'int' and 'unsigned long' [-Wsign-compare]
  271 |     for(i = 0; i < MAX_SIG_ALGS; i++) {
      |                ~ ^ ~~~~~~~~~~~~
/home/baidu/scrapanium-experiments/scrapanium-wss-recv-cold-20260924/build/wss-recv-coalescing/backend-work/build/deps/src/curl/lib/vtls/openssl.c:2593:27: warning: cast from 'const unsigned char *' to 'unsigned char *' drops const qualifier [-Wcast-qual]
 2593 |   strm.next_in = (Bytef *)in;
      |                           ^
/home/baidu/scrapanium-experiments/scrapanium-wss-recv-cold-20260924/build/wss-recv-coalescing/backend-work/build/deps/src/curl/lib/vtls/openssl.c:2577:29: warning: unused parameter 'ssl' [-Wunused-parameter]
 2577 | int DecompressZlibCert(SSL *ssl,
      |                             ^
/home/baidu/scrapanium-experiments/scrapanium-wss-recv-cold-20260924/build/wss-recv-coalescing/backend-work/build/deps/src/curl/lib/vtls/openssl.c:2577:5: warning: no previous prototype for function 'DecompressZlibCert' [-Wmissing-prototypes]
 2577 | int DecompressZlibCert(SSL *ssl,
      |     ^
/home/baidu/scrapanium-experiments/scrapanium-wss-recv-cold-20260924/build/wss-recv-coalescing/backend-work/build/deps/src/curl/lib/vtls/openssl.c:2577:1: note: declare 'static' if the function is not intended to be used outside of this translation unit
 2577 | int DecompressZlibCert(SSL *ssl,
      | ^
      | static 
/home/baidu/scrapanium-experiments/scrapanium-wss-recv-cold-20260924/build/wss-recv-coalescing/backend-work/build/deps/src/curl/lib/vtls/openssl.c:2594:19: warning: implicit conversion loses integer precision: 'size_t' (aka 'unsigned long') to 'uInt' (aka 'unsigned int') [-Wshorten-64-to-32]
 2594 |   strm.avail_in = in_len;
      |                 ~ ^~~~~~
/home/baidu/scrapanium-experiments/scrapanium-wss-recv-cold-20260924/build/wss-recv-coalescing/backend-work/build/deps/src/curl/lib/vtls/openssl.c:2596:20: warning: implicit conversion loses integer precision: 'size_t' (aka 'unsigned long') to 'uInt' (aka 'unsigned int') [-Wshorten-64-to-32]
 2596 |   strm.avail_out = uncompressed_len;
      |                  ~ ^~~~~~~~~~~~~~~~
/home/baidu/scrapanium-experiments/scrapanium-wss-recv-cold-20260924/build/wss-recv-coalescing/backend-work/build/deps/src/curl/lib/vtls/openssl.c:2633:10: warning: mixing declarations and code is incompatible with standards before C99 [-Wdeclaration-after-statement]
 2633 |   size_t output_size = uncompressed_len;
      |          ^
/home/baidu/scrapanium-experiments/scrapanium-wss-recv-cold-20260924/build/wss-recv-coalescing/backend-work/build/deps/src/curl/lib/vtls/openssl.c:2622:31: warning: unused parameter 'ssl' [-Wunused-parameter]
 2622 | int DecompressBrotliCert(SSL* ssl,
      |                               ^
/home/baidu/scrapanium-experiments/scrapanium-wss-recv-cold-20260924/build/wss-recv-coalescing/backend-work/build/deps/src/curl/lib/vtls/openssl.c:2622:5: warning: no previous prototype for function 'DecompressBrotliCert' [-Wmissing-prototypes]
 2622 | int DecompressBrotliCert(SSL* ssl,
      |     ^
/home/baidu/scrapanium-experiments/scrapanium-wss-recv-cold-20260924/build/wss-recv-coalescing/backend-work/build/deps/src/curl/lib/vtls/openssl.c:2622:1: note: declare 'static' if the function is not intended to be used outside of this translation unit
 2622 | int DecompressBrotliCert(SSL* ssl,
      | ^
      | static 
/home/baidu/scrapanium-experiments/scrapanium-wss-recv-cold-20260924/build/wss-recv-coalescing/backend-work/build/deps/src/curl/lib/vtls/openssl.c:2648:29: warning: unused parameter 'ssl' [-Wunused-parameter]
 2648 | int DecompressZstdCert(SSL* ssl,
      |                             ^
/home/baidu/scrapanium-experiments/scrapanium-wss-recv-cold-20260924/build/wss-recv-coalescing/backend-work/build/deps/src/curl/lib/vtls/openssl.c:2648:5: warning: no previous prototype for function 'DecompressZstdCert' [-Wmissing-prototypes]
 2648 | int DecompressZstdCert(SSL* ssl,
      |     ^
/home/baidu/scrapanium-experiments/scrapanium-wss-recv-cold-20260924/build/wss-recv-coalescing/backend-work/build/deps/src/curl/lib/vtls/openssl.c:2648:1: note: declare 'static' if the function is not intended to be used outside of this translation unit
 2648 | int DecompressZstdCert(SSL* ssl,
      | ^
      | static 
/home/baidu/scrapanium-experiments/scrapanium-wss-recv-cold-20260924/build/wss-recv-coalescing/backend-work/build/deps/src/curl/lib/vtls/openssl.c:2682:4: warning: initializing 'char *' with an expression of type 'const char[5]' discards qualifiers [-Wincompatible-pointer-types-discards-qualifiers]
 2682 |   {"zlib", TLSEXT_cert_compression_zlib, NULL, DecompressZlibCert},
      |    ^~~~~~
/home/baidu/scrapanium-experiments/scrapanium-wss-recv-cold-20260924/build/wss-recv-coalescing/backend-work/build/deps/src/curl/lib/vtls/openssl.c:2685:4: warning: initializing 'char *' with an expression of type 'const char[7]' discards qualifiers [-Wincompatible-pointer-types-discards-qualifiers]
 2685 |   {"brotli", TLSEXT_cert_compression_brotli, NULL, DecompressBrotliCert},
      |    ^~~~~~~~
/home/baidu/scrapanium-experiments/scrapanium-wss-recv-cold-20260924/build/wss-recv-coalescing/backend-work/build/deps/src/curl/lib/vtls/openssl.c:2688:4: warning: initializing 'char *' with an expression of type 'const char[5]' discards qualifiers [-Wincompatible-pointer-types-discards-qualifiers]
 2688 |   {"zstd", TLSEXT_cert_compression_zstd, NULL, DecompressZstdCert},
      |    ^~~~~~
/home/baidu/scrapanium-experiments/scrapanium-wss-recv-cold-20260924/build/wss-recv-coalescing/backend-work/build/deps/src/curl/lib/vtls/openssl.c:2714:18: warning: comparison of integers of different signs: 'int' and 'unsigned long' [-Wsign-compare]
 2714 |     for(i = 0; i < NUM_CERT_COMPRESSION_ALGS; i++) {
      |                ~ ^ ~~~~~~~~~~~~~~~~~~~~~~~~~
/home/baidu/scrapanium-experiments/scrapanium-wss-recv-cold-20260924/build/wss-recv-coalescing/backend-work/build/deps/src/curl/lib/vtls/openssl.c:3977:47: warning: passing 'const char[10]' to parameter of type 'const uint8_t *' (aka 'const unsigned char *') converts between pointers to integer types where one is of the unique plain 'char' type and the other is not [-Wpointer-sign]
 3977 |       SSL_add_application_settings(octx->ssl, alps->entries[i],
      |                                               ^~~~~~~~~~~~~~~~
/home/baidu/scrapanium-experiments/scrapanium-wss-recv-cold-20260924/build/wss-recv-coalescing/backend-work/build/deps/src/boringssl/include/openssl/ssl.h:3526:74: note: passing argument to parameter 'proto' here
 3526 | OPENSSL_EXPORT int SSL_add_application_settings(SSL *ssl, const uint8_t *proto,
      |                                                                          ^
/home/baidu/scrapanium-experiments/scrapanium-wss-recv-cold-20260924/build/wss-recv-coalescing/backend-work/build/deps/src/curl/lib/vtls/openssl.c:4451:16: warning: declaration shadows a local variable [-Wshadow]
 4451 |       CURLcode result = parse_sig_algs(data, signature_algorithms, algs,
      |                ^
/home/baidu/scrapanium-experiments/scrapanium-wss-recv-cold-20260924/build/wss-recv-coalescing/backend-work/build/deps/src/curl/lib/vtls/openssl.c:4191:12: note: previous declaration is here
 4191 |   CURLcode result = CURLE_OK;
      |            ^
/home/baidu/scrapanium-experiments/scrapanium-wss-recv-cold-20260924/build/wss-recv-coalescing/backend-work/build/deps/src/curl/lib/vtls/openssl.c:4489:14: warning: declaration shadows a local variable [-Wshadow]
 4489 |     CURLcode result = set_trust_anchors(data, octx->ssl_ctx,
      |              ^
/home/baidu/scrapanium-experiments/scrapanium-wss-recv-cold-20260924/build/wss-recv-coalescing/backend-work/build/deps/src/curl/lib/vtls/openssl.c:4191:12: note: previous declaration is here
 4191 |   CURLcode result = CURLE_OK;
      |            ^
/home/baidu/scrapanium-experiments/scrapanium-wss-recv-cold-20260924/build/wss-recv-coalescing/backend-work/build/deps/src/curl/lib/vtls/openssl.c:4526:45: warning: implicit conversion loses integer precision: 'int' to 'uint16_t' (aka 'unsigned short') [-Wimplicit-int-conversion]
 4525 |     SSL_CTX_set_record_size_limit(octx->ssl_ctx,
      |     ~~~~~~~~~~~~~~~~~~~~~~~~~~~~~
 4526 |                                   data->set.tls_record_size_limit);
      |                                   ~~~~~~~~~~^~~~~~~~~~~~~~~~~~~~~
/home/baidu/scrapanium-experiments/scrapanium-wss-recv-cold-20260924/build/wss-recv-coalescing/backend-work/build/deps/src/curl/lib/vtls/openssl.c:4530:44: warning: implicit conversion loses integer precision: 'int' to 'uint8_t' (aka 'unsigned char') [-Wimplicit-int-conversion]
 4529 |     SSL_CTX_set_key_shares_limit(octx->ssl_ctx,
      |     ~~~~~~~~~~~~~~~~~~~~~~~~~~~~
 4530 |                                  data->set.tls_key_shares_limit);
      |                                  ~~~~~~~~~~^~~~~~~~~~~~~~~~~~~~
24 warnings generated.
[368/443] Building C object lib/CMakeFiles/libcurl_shared.dir/vquic/cf-quiche.c.o
[369/443] Building C object lib/CMakeFiles/libcurl_shared.dir/vquic/cf-ngtcp2.c.o
In file included from /home/baidu/scrapanium-experiments/scrapanium-wss-recv-cold-20260924/build/wss-recv-coalescing/backend-work/build/deps/src/curl/lib/vquic/cf-ngtcp2.c:28:
In file included from /home/baidu/scrapanium-experiments/scrapanium-wss-recv-cold-20260924/build/wss-recv-coalescing/backend-work/build/deps/src/curl/lib/urldata.h:73:
In file included from /home/baidu/scrapanium-experiments/scrapanium-wss-recv-cold-20260924/build/wss-recv-coalescing/backend-work/build/deps/src/curl/lib/vdns/asyn.h:29:
In file included from /home/baidu/scrapanium-experiments/scrapanium-wss-recv-cold-20260924/build/wss-recv-coalescing/backend-work/build/deps/src/curl/lib/vdns/httpsrr.h:29:
/home/baidu/scrapanium-experiments/scrapanium-wss-recv-cold-20260924/build/wss-recv-coalescing/backend-work/build/deps/install/include/ares.h:421:19: warning: identifier '_S6_u8' is reserved because it starts with '_' followed by a capital letter [-Wreserved-identifier]
  421 |     unsigned char _S6_u8[16];
      |                   ^
/home/baidu/scrapanium-experiments/scrapanium-wss-recv-cold-20260924/build/wss-recv-coalescing/backend-work/build/deps/install/include/ares.h:422:5: warning: identifier '_S6_un' is reserved because it starts with '_' followed by a capital letter [-Wreserved-identifier]
  422 |   } _S6_un;
      |     ^
In file included from /home/baidu/scrapanium-experiments/scrapanium-wss-recv-cold-20260924/build/wss-recv-coalescing/backend-work/build/deps/src/curl/lib/vquic/cf-ngtcp2.c:47:
In file included from /home/baidu/scrapanium-experiments/scrapanium-wss-recv-cold-20260924/build/wss-recv-coalescing/backend-work/build/deps/src/curl/lib/vquic/cf-ngtcp2-cmn.h:36:
In file included from /home/baidu/scrapanium-experiments/scrapanium-wss-recv-cold-20260924/build/wss-recv-coalescing/backend-work/build/deps/install/include/ngtcp2/ngtcp2_crypto_boringssl.h:30:
In file included from /home/baidu/scrapanium-experiments/scrapanium-wss-recv-cold-20260924/build/wss-recv-coalescing/backend-work/build/deps/src/boringssl/include/openssl/ssl.h:22:
In file included from /home/baidu/scrapanium-experiments/scrapanium-wss-recv-cold-20260924/build/wss-recv-coalescing/backend-work/build/deps/src/boringssl/include/openssl/bio.h:25:
/home/baidu/scrapanium-experiments/scrapanium-wss-recv-cold-20260924/build/wss-recv-coalescing/backend-work/build/deps/src/boringssl/include/openssl/stack.h:325:23: warning: identifier '_STACK' is reserved because it starts with '_' followed by a capital letter [-Wreserved-identifier]
  325 | typedef OPENSSL_STACK _STACK;
      |                       ^
/home/baidu/scrapanium-experiments/scrapanium-wss-recv-cold-20260924/build/wss-recv-coalescing/backend-work/build/deps/src/curl/lib/vquic/cf-ngtcp2.c:431:14: warning: result of comparison 'uint64_t' (aka 'unsigned long') > 18446744073709551615 is always false [-Wtautological-type-limit-compare]
  431 |     if(value > (uint64_t)SIZE_MAX)
      |        ~~~~~ ^ ~~~~~~~~~~~~~~~~~~
/home/baidu/scrapanium-experiments/scrapanium-wss-recv-cold-20260924/build/wss-recv-coalescing/backend-work/build/deps/src/curl/lib/vquic/cf-ngtcp2.c:440:14: warning: result of comparison 'uint64_t' (aka 'unsigned long') > 18446744073709551615 is always false [-Wtautological-type-limit-compare]
  440 |     if(value > (uint64_t)SIZE_MAX)
      |        ~~~~~ ^ ~~~~~~~~~~~~~~~~~~
5 warnings generated.
[370/443] Building C object lib/CMakeFiles/libcurl_shared.dir/vquic/cf-ngtcp2-proxy.c.o
In file included from /home/baidu/scrapanium-experiments/scrapanium-wss-recv-cold-20260924/build/wss-recv-coalescing/backend-work/build/deps/src/curl/lib/vquic/cf-ngtcp2-proxy.c:30:
In file included from /home/baidu/scrapanium-experiments/scrapanium-wss-recv-cold-20260924/build/wss-recv-coalescing/backend-work/build/deps/src/curl/lib/urldata.h:73:
In file included from /home/baidu/scrapanium-experiments/scrapanium-wss-recv-cold-20260924/build/wss-recv-coalescing/backend-work/build/deps/src/curl/lib/vdns/asyn.h:29:
In file included from /home/baidu/scrapanium-experiments/scrapanium-wss-recv-cold-20260924/build/wss-recv-coalescing/backend-work/build/deps/src/curl/lib/vdns/httpsrr.h:29:
/home/baidu/scrapanium-experiments/scrapanium-wss-recv-cold-20260924/build/wss-recv-coalescing/backend-work/build/deps/install/include/ares.h:421:19: warning: identifier '_S6_u8' is reserved because it starts with '_' followed by a capital letter [-Wreserved-identifier]
  421 |     unsigned char _S6_u8[16];
      |                   ^
/home/baidu/scrapanium-experiments/scrapanium-wss-recv-cold-20260924/build/wss-recv-coalescing/backend-work/build/deps/install/include/ares.h:422:5: warning: identifier '_S6_un' is reserved because it starts with '_' followed by a capital letter [-Wreserved-identifier]
  422 |   } _S6_un;
      |     ^
In file included from /home/baidu/scrapanium-experiments/scrapanium-wss-recv-cold-20260924/build/wss-recv-coalescing/backend-work/build/deps/src/curl/lib/vquic/cf-ngtcp2-proxy.c:41:
In file included from /home/baidu/scrapanium-experiments/scrapanium-wss-recv-cold-20260924/build/wss-recv-coalescing/backend-work/build/deps/src/curl/lib/vquic/cf-ngtcp2-cmn.h:36:
In file included from /home/baidu/scrapanium-experiments/scrapanium-wss-recv-cold-20260924/build/wss-recv-coalescing/backend-work/build/deps/install/include/ngtcp2/ngtcp2_crypto_boringssl.h:30:
In file included from /home/baidu/scrapanium-experiments/scrapanium-wss-recv-cold-20260924/build/wss-recv-coalescing/backend-work/build/deps/src/boringssl/include/openssl/ssl.h:22:
In file included from /home/baidu/scrapanium-experiments/scrapanium-wss-recv-cold-20260924/build/wss-recv-coalescing/backend-work/build/deps/src/boringssl/include/openssl/bio.h:25:
/home/baidu/scrapanium-experiments/scrapanium-wss-recv-cold-20260924/build/wss-recv-coalescing/backend-work/build/deps/src/boringssl/include/openssl/stack.h:325:23: warning: identifier '_STACK' is reserved because it starts with '_' followed by a capital letter [-Wreserved-identifier]
  325 | typedef OPENSSL_STACK _STACK;
      |                       ^
3 warnings generated.
[371/443] Building C object lib/CMakeFiles/libcurl_shared.dir/vssh/libssh.c.o
[372/443] Building C object lib/CMakeFiles/libcurl_shared.dir/vquic/vquic-tls.c.o
In file included from /home/baidu/scrapanium-experiments/scrapanium-wss-recv-cold-20260924/build/wss-recv-coalescing/backend-work/build/deps/src/curl/lib/vquic/vquic-tls.c:31:
In file included from /home/baidu/scrapanium-experiments/scrapanium-wss-recv-cold-20260924/build/wss-recv-coalescing/backend-work/build/deps/src/curl/lib/vtls/openssl.h:69:
In file included from /home/baidu/scrapanium-experiments/scrapanium-wss-recv-cold-20260924/build/wss-recv-coalescing/backend-work/build/deps/src/boringssl/include/openssl/ssl.h:22:
In file included from /home/baidu/scrapanium-experiments/scrapanium-wss-recv-cold-20260924/build/wss-recv-coalescing/backend-work/build/deps/src/boringssl/include/openssl/bio.h:25:
/home/baidu/scrapanium-experiments/scrapanium-wss-recv-cold-20260924/build/wss-recv-coalescing/backend-work/build/deps/src/boringssl/include/openssl/stack.h:325:23: warning: identifier '_STACK' is reserved because it starts with '_' followed by a capital letter [-Wreserved-identifier]
  325 | typedef OPENSSL_STACK _STACK;
      |                       ^
In file included from /home/baidu/scrapanium-experiments/scrapanium-wss-recv-cold-20260924/build/wss-recv-coalescing/backend-work/build/deps/src/curl/lib/vquic/vquic-tls.c:31:
In file included from /home/baidu/scrapanium-experiments/scrapanium-wss-recv-cold-20260924/build/wss-recv-coalescing/backend-work/build/deps/src/curl/lib/vtls/openssl.h:71:
In file included from /home/baidu/scrapanium-experiments/scrapanium-wss-recv-cold-20260924/build/wss-recv-coalescing/backend-work/build/deps/src/curl/lib/urldata.h:73:
In file included from /home/baidu/scrapanium-experiments/scrapanium-wss-recv-cold-20260924/build/wss-recv-coalescing/backend-work/build/deps/src/curl/lib/vdns/asyn.h:29:
In file included from /home/baidu/scrapanium-experiments/scrapanium-wss-recv-cold-20260924/build/wss-recv-coalescing/backend-work/build/deps/src/curl/lib/vdns/httpsrr.h:29:
/home/baidu/scrapanium-experiments/scrapanium-wss-recv-cold-20260924/build/wss-recv-coalescing/backend-work/build/deps/install/include/ares.h:421:19: warning: identifier '_S6_u8' is reserved because it starts with '_' followed by a capital letter [-Wreserved-identifier]
  421 |     unsigned char _S6_u8[16];
      |                   ^
/home/baidu/scrapanium-experiments/scrapanium-wss-recv-cold-20260924/build/wss-recv-coalescing/backend-work/build/deps/install/include/ares.h:422:5: warning: identifier '_S6_un' is reserved because it starts with '_' followed by a capital letter [-Wreserved-identifier]
  422 |   } _S6_un;
      |     ^
3 warnings generated.
[373/443] Building C object lib/CMakeFiles/libcurl_shared.dir/vssh/libssh2.c.o
[374/443] Building C object lib/CMakeFiles/libcurl_shared.dir/vquic/vquic.c.o
In file included from /home/baidu/scrapanium-experiments/scrapanium-wss-recv-cold-20260924/build/wss-recv-coalescing/backend-work/build/deps/src/curl/lib/vquic/vquic.c:25:
In file included from /home/baidu/scrapanium-experiments/scrapanium-wss-recv-cold-20260924/build/wss-recv-coalescing/backend-work/build/deps/src/curl/lib/urldata.h:73:
In file included from /home/baidu/scrapanium-experiments/scrapanium-wss-recv-cold-20260924/build/wss-recv-coalescing/backend-work/build/deps/src/curl/lib/vdns/asyn.h:29:
In file included from /home/baidu/scrapanium-experiments/scrapanium-wss-recv-cold-20260924/build/wss-recv-coalescing/backend-work/build/deps/src/curl/lib/vdns/httpsrr.h:29:
/home/baidu/scrapanium-experiments/scrapanium-wss-recv-cold-20260924/build/wss-recv-coalescing/backend-work/build/deps/install/include/ares.h:421:19: warning: identifier '_S6_u8' is reserved because it starts with '_' followed by a capital letter [-Wreserved-identifier]
  421 |     unsigned char _S6_u8[16];
      |                   ^
/home/baidu/scrapanium-experiments/scrapanium-wss-recv-cold-20260924/build/wss-recv-coalescing/backend-work/build/deps/install/include/ares.h:422:5: warning: identifier '_S6_un' is reserved because it starts with '_' followed by a capital letter [-Wreserved-identifier]
  422 |   } _S6_un;
      |     ^
In file included from /home/baidu/scrapanium-experiments/scrapanium-wss-recv-cold-20260924/build/wss-recv-coalescing/backend-work/build/deps/src/curl/lib/vquic/vquic.c:59:
In file included from /home/baidu/scrapanium-experiments/scrapanium-wss-recv-cold-20260924/build/wss-recv-coalescing/backend-work/build/deps/src/curl/lib/vquic/cf-ngtcp2.h:40:
In file included from /home/baidu/scrapanium-experiments/scrapanium-wss-recv-cold-20260924/build/wss-recv-coalescing/backend-work/build/deps/src/boringssl/include/openssl/ssl.h:22:
In file included from /home/baidu/scrapanium-experiments/scrapanium-wss-recv-cold-20260924/build/wss-recv-coalescing/backend-work/build/deps/src/boringssl/include/openssl/bio.h:25:
/home/baidu/scrapanium-experiments/scrapanium-wss-recv-cold-20260924/build/wss-recv-coalescing/backend-work/build/deps/src/boringssl/include/openssl/stack.h:325:23: warning: identifier '_STACK' is reserved because it starts with '_' followed by a capital letter [-Wreserved-identifier]
  325 | typedef OPENSSL_STACK _STACK;
      |                       ^
/home/baidu/scrapanium-experiments/scrapanium-wss-recv-cold-20260924/build/wss-recv-coalescing/backend-work/build/deps/src/curl/lib/vquic/vquic.c:1116:38: warning: format specifies type 'int' but the argument has underlying type 'unsigned int' [-Wformat]
 1115 |       CURL_TRC_CF(data, cf, "recvd %zu packets with %zu bytes -> %d",
      |                                                                  ~~
      |                                                                  %u
 1116 |                   pkts, total_nread, result);
      |                                      ^~~~~~
/home/baidu/scrapanium-experiments/scrapanium-wss-recv-cold-20260924/build/wss-recv-coalescing/backend-work/build/deps/src/curl/lib/curl_trc.h:155:35: note: expanded from macro 'CURL_TRC_CF'
  155 |       Curl_trc_cf_infof(data, cf, __VA_ARGS__); \
      |                                   ^~~~~~~~~~~
4 warnings generated.
[375/443] Building C object lib/CMakeFiles/libcurl_shared.dir/vssh/vssh.c.o
In file included from /home/baidu/scrapanium-experiments/scrapanium-wss-recv-cold-20260924/build/wss-recv-coalescing/backend-work/build/deps/src/curl/lib/vssh/vssh.c:25:
In file included from /home/baidu/scrapanium-experiments/scrapanium-wss-recv-cold-20260924/build/wss-recv-coalescing/backend-work/build/deps/src/curl/lib/vssh/ssh.h:27:
In file included from /home/baidu/scrapanium-experiments/scrapanium-wss-recv-cold-20260924/build/wss-recv-coalescing/backend-work/build/deps/src/curl/lib/urldata.h:73:
In file included from /home/baidu/scrapanium-experiments/scrapanium-wss-recv-cold-20260924/build/wss-recv-coalescing/backend-work/build/deps/src/curl/lib/vdns/asyn.h:29:
In file included from /home/baidu/scrapanium-experiments/scrapanium-wss-recv-cold-20260924/build/wss-recv-coalescing/backend-work/build/deps/src/curl/lib/vdns/httpsrr.h:29:
/home/baidu/scrapanium-experiments/scrapanium-wss-recv-cold-20260924/build/wss-recv-coalescing/backend-work/build/deps/install/include/ares.h:421:19: warning: identifier '_S6_u8' is reserved because it starts with '_' followed by a capital letter [-Wreserved-identifier]
  421 |     unsigned char _S6_u8[16];
      |                   ^
/home/baidu/scrapanium-experiments/scrapanium-wss-recv-cold-20260924/build/wss-recv-coalescing/backend-work/build/deps/install/include/ares.h:422:5: warning: identifier '_S6_un' is reserved because it starts with '_' followed by a capital letter [-Wreserved-identifier]
  422 |   } _S6_un;
      |     ^
2 warnings generated.
[376/443] Building C object lib/CMakeFiles/libcurl_shared.dir/curlx/base64.c.o
[377/443] Building C object lib/CMakeFiles/libcurl_shared.dir/vquic/cf-ngtcp2-cmn.c.o
In file included from /home/baidu/scrapanium-experiments/scrapanium-wss-recv-cold-20260924/build/wss-recv-coalescing/backend-work/build/deps/src/curl/lib/vquic/cf-ngtcp2-cmn.c:33:
In file included from /home/baidu/scrapanium-experiments/scrapanium-wss-recv-cold-20260924/build/wss-recv-coalescing/backend-work/build/deps/install/include/ngtcp2/ngtcp2_crypto_boringssl.h:30:
In file included from /home/baidu/scrapanium-experiments/scrapanium-wss-recv-cold-20260924/build/wss-recv-coalescing/backend-work/build/deps/src/boringssl/include/openssl/ssl.h:22:
In file included from /home/baidu/scrapanium-experiments/scrapanium-wss-recv-cold-20260924/build/wss-recv-coalescing/backend-work/build/deps/src/boringssl/include/openssl/bio.h:25:
/home/baidu/scrapanium-experiments/scrapanium-wss-recv-cold-20260924/build/wss-recv-coalescing/backend-work/build/deps/src/boringssl/include/openssl/stack.h:325:23: warning: identifier '_STACK' is reserved because it starts with '_' followed by a capital letter [-Wreserved-identifier]
  325 | typedef OPENSSL_STACK _STACK;
      |                       ^
In file included from /home/baidu/scrapanium-experiments/scrapanium-wss-recv-cold-20260924/build/wss-recv-coalescing/backend-work/build/deps/src/curl/lib/vquic/cf-ngtcp2-cmn.c:39:
In file included from /home/baidu/scrapanium-experiments/scrapanium-wss-recv-cold-20260924/build/wss-recv-coalescing/backend-work/build/deps/src/curl/lib/vtls/openssl.h:71:
In file included from /home/baidu/scrapanium-experiments/scrapanium-wss-recv-cold-20260924/build/wss-recv-coalescing/backend-work/build/deps/src/curl/lib/urldata.h:73:
In file included from /home/baidu/scrapanium-experiments/scrapanium-wss-recv-cold-20260924/build/wss-recv-coalescing/backend-work/build/deps/src/curl/lib/vdns/asyn.h:29:
In file included from /home/baidu/scrapanium-experiments/scrapanium-wss-recv-cold-20260924/build/wss-recv-coalescing/backend-work/build/deps/src/curl/lib/vdns/httpsrr.h:29:
/home/baidu/scrapanium-experiments/scrapanium-wss-recv-cold-20260924/build/wss-recv-coalescing/backend-work/build/deps/install/include/ares.h:421:19: warning: identifier '_S6_u8' is reserved because it starts with '_' followed by a capital letter [-Wreserved-identifier]
  421 |     unsigned char _S6_u8[16];
      |                   ^
/home/baidu/scrapanium-experiments/scrapanium-wss-recv-cold-20260924/build/wss-recv-coalescing/backend-work/build/deps/install/include/ares.h:422:5: warning: identifier '_S6_un' is reserved because it starts with '_' followed by a capital letter [-Wreserved-identifier]
  422 |   } _S6_un;
      |     ^
3 warnings generated.
[378/443] Building C object lib/CMakeFiles/libcurl_shared.dir/curlx/basename.c.o
[379/443] Building C object lib/CMakeFiles/libcurl_shared.dir/curlx/fopen.c.o
[380/443] Building C object lib/CMakeFiles/libcurl_shared.dir/curlx/dynbuf.c.o
[381/443] Building C object lib/CMakeFiles/libcurl_shared.dir/curlx/multibyte.c.o
[382/443] Building C object lib/CMakeFiles/libcurl_shared.dir/curlx/nonblock.c.o
[383/443] Building C object lib/CMakeFiles/libcurl_shared.dir/curlx/inet_pton.c.o
[384/443] Building C object lib/CMakeFiles/libcurl_shared.dir/curlx/inet_ntop.c.o
[385/443] Building C object lib/CMakeFiles/libcurl_shared.dir/curlx/snprintf.c.o
[386/443] Building C object lib/CMakeFiles/libcurl_shared.dir/curlx/strcopy.c.o
[387/443] Building C object lib/CMakeFiles/libcurl_shared.dir/curlx/strdup.c.o
[388/443] Building C object lib/CMakeFiles/libcurl_shared.dir/curlx/strerr.c.o
[389/443] Building C object lib/CMakeFiles/libcurl_shared.dir/curlx/timediff.c.o
[390/443] Building C object lib/CMakeFiles/libcurl_shared.dir/curlx/version_win32.c.o
[391/443] Building C object lib/CMakeFiles/libcurl_shared.dir/curlx/timeval.c.o
[392/443] Building C object lib/CMakeFiles/libcurl_shared.dir/curlx/strparse.c.o
[393/443] Building C object lib/CMakeFiles/libcurl_shared.dir/curlx/wait.c.o
[394/443] Generating libcurl-symbols.md
[395/443] Building C object lib/CMakeFiles/libcurl_shared.dir/curlx/winapi.c.o
[396/443] Building C object lib/CMakeFiles/libcurl_shared.dir/curlx/warnless.c.o
[397/443] Building C object src/CMakeFiles/curl-impersonate.dir/slist_wc.c.o
[398/443] Linking C static library lib/libcurl-impersonate.a
[399/443] Building C object src/CMakeFiles/curl-impersonate.dir/terminal.c.o
[400/443] Building C object src/CMakeFiles/curl-impersonate.dir/tool_cb_dbg.c.o
[401/443] Building C object src/CMakeFiles/curl-impersonate.dir/config2setopts.c.o
/home/baidu/scrapanium-experiments/scrapanium-wss-recv-cold-20260924/build/wss-recv-coalescing/backend-work/build/deps/src/curl/src/config2setopts.c:497:5: warning: ignoring return value of function declared with 'warn_unused_result' attribute [-Wunused-result]
  497 |     my_setopt_str(curl, CURLOPT_SSL_CERT_COMPRESSION,
      |     ^~~~~~~~~~~~~~~~~~~~~~~~~~~~~~~~~~~~~~~~~~~~~~~~~
  498 |                   config->ssl_cert_compression);
      |                   ~~~~~~~~~~~~~~~~~~~~~~~~~~~~~
/home/baidu/scrapanium-experiments/scrapanium-wss-recv-cold-20260924/build/wss-recv-coalescing/backend-work/build/deps/src/curl/src/tool_setopt.h:105:39: note: expanded from macro 'my_setopt_str'
  105 | #define my_setopt_str(x, y, z)        tool_setopt_str(x, config, #y, y, z)
      |                                       ^~~~~~~~~~~~~~~ ~~~~~~~~~~~~~~~~~~~
/home/baidu/scrapanium-experiments/scrapanium-wss-recv-cold-20260924/build/wss-recv-coalescing/backend-work/build/deps/src/curl/src/config2setopts.c:500:5: warning: ignoring return value of function declared with 'warn_unused_result' attribute [-Wunused-result]
  500 |     my_setopt_str(curl, CURLOPT_WS_SSL_CERT_COMPRESSION,
      |     ^~~~~~~~~~~~~~~~~~~~~~~~~~~~~~~~~~~~~~~~~~~~~~~~~~~~
  501 |                   config->ws_ssl_cert_compression);
      |                   ~~~~~~~~~~~~~~~~~~~~~~~~~~~~~~~~
/home/baidu/scrapanium-experiments/scrapanium-wss-recv-cold-20260924/build/wss-recv-coalescing/backend-work/build/deps/src/curl/src/tool_setopt.h:105:39: note: expanded from macro 'my_setopt_str'
  105 | #define my_setopt_str(x, y, z)        tool_setopt_str(x, config, #y, y, z)
      |                                       ^~~~~~~~~~~~~~~ ~~~~~~~~~~~~~~~~~~~
/home/baidu/scrapanium-experiments/scrapanium-wss-recv-cold-20260924/build/wss-recv-coalescing/backend-work/build/deps/src/curl/src/config2setopts.c:516:5: warning: ignoring return value of function declared with 'warn_unused_result' attribute [-Wunused-result]
  516 |     my_setopt_str(curl, CURLOPT_TLS_EXTENSION_ORDER, config->tls_extension_order);
      |     ^~~~~~~~~~~~~~~~~~~~~~~~~~~~~~~~~~~~~~~~~~~~~~~~~~~~~~~~~~~~~~~~~~~~~~~~~~~~~
/home/baidu/scrapanium-experiments/scrapanium-wss-recv-cold-20260924/build/wss-recv-coalescing/backend-work/build/deps/src/curl/src/tool_setopt.h:105:39: note: expanded from macro 'my_setopt_str'
  105 | #define my_setopt_str(x, y, z)        tool_setopt_str(x, config, #y, y, z)
      |                                       ^~~~~~~~~~~~~~~ ~~~~~~~~~~~~~~~~~~~
/home/baidu/scrapanium-experiments/scrapanium-wss-recv-cold-20260924/build/wss-recv-coalescing/backend-work/build/deps/src/curl/src/config2setopts.c:522:5: warning: ignoring return value of function declared with 'warn_unused_result' attribute [-Wunused-result]
  522 |     my_setopt_str(curl, CURLOPT_TLS_DELEGATED_CREDENTIALS,
      |     ^~~~~~~~~~~~~~~~~~~~~~~~~~~~~~~~~~~~~~~~~~~~~~~~~~~~~~
  523 |                   config->tls_delegated_credentials);
      |                   ~~~~~~~~~~~~~~~~~~~~~~~~~~~~~~~~~~
/home/baidu/scrapanium-experiments/scrapanium-wss-recv-cold-20260924/build/wss-recv-coalescing/backend-work/build/deps/src/curl/src/tool_setopt.h:105:39: note: expanded from macro 'my_setopt_str'
  105 | #define my_setopt_str(x, y, z)        tool_setopt_str(x, config, #y, y, z)
      |                                       ^~~~~~~~~~~~~~~ ~~~~~~~~~~~~~~~~~~~
/home/baidu/scrapanium-experiments/scrapanium-wss-recv-cold-20260924/build/wss-recv-coalescing/backend-work/build/deps/src/curl/src/config2setopts.c:548:5: warning: ignoring return value of function declared with 'warn_unused_result' attribute [-Wunused-result]
  548 |     my_setopt_str(curl, CURLOPT_TLS_TRUST_ANCHORS,
      |     ^~~~~~~~~~~~~~~~~~~~~~~~~~~~~~~~~~~~~~~~~~~~~~
  549 |                   config->tls_trust_anchors);
      |                   ~~~~~~~~~~~~~~~~~~~~~~~~~~
/home/baidu/scrapanium-experiments/scrapanium-wss-recv-cold-20260924/build/wss-recv-coalescing/backend-work/build/deps/src/curl/src/tool_setopt.h:105:39: note: expanded from macro 'my_setopt_str'
  105 | #define my_setopt_str(x, y, z)        tool_setopt_str(x, config, #y, y, z)
      |                                       ^~~~~~~~~~~~~~~ ~~~~~~~~~~~~~~~~~~~
/home/baidu/scrapanium-experiments/scrapanium-wss-recv-cold-20260924/build/wss-recv-coalescing/backend-work/build/deps/src/curl/src/config2setopts.c:774:5: warning: ignoring return value of function declared with 'warn_unused_result' attribute [-Wunused-result]
  774 |     my_setopt_str(curl,
      |     ^~~~~~~~~~~~~~~~~~~
  775 |                   CURLOPT_HTTP2_PSEUDO_HEADERS_ORDER,
      |                   ~~~~~~~~~~~~~~~~~~~~~~~~~~~~~~~~~~~
  776 |                   config->http2_pseudo_headers_order);
      |                   ~~~~~~~~~~~~~~~~~~~~~~~~~~~~~~~~~~~
/home/baidu/scrapanium-experiments/scrapanium-wss-recv-cold-20260924/build/wss-recv-coalescing/backend-work/build/deps/src/curl/src/tool_setopt.h:105:39: note: expanded from macro 'my_setopt_str'
  105 | #define my_setopt_str(x, y, z)        tool_setopt_str(x, config, #y, y, z)
      |                                       ^~~~~~~~~~~~~~~ ~~~~~~~~~~~~~~~~~~~
/home/baidu/scrapanium-experiments/scrapanium-wss-recv-cold-20260924/build/wss-recv-coalescing/backend-work/build/deps/src/curl/src/config2setopts.c:779:5: warning: ignoring return value of function declared with 'warn_unused_result' attribute [-Wunused-result]
  779 |     my_setopt_str(curl,
      |     ^~~~~~~~~~~~~~~~~~~
  780 |                   CURLOPT_HTTPHEADER_ORDER,
      |                   ~~~~~~~~~~~~~~~~~~~~~~~~~
  781 |                   config->http_header_order);
      |                   ~~~~~~~~~~~~~~~~~~~~~~~~~~
/home/baidu/scrapanium-experiments/scrapanium-wss-recv-cold-20260924/build/wss-recv-coalescing/backend-work/build/deps/src/curl/src/tool_setopt.h:105:39: note: expanded from macro 'my_setopt_str'
  105 | #define my_setopt_str(x, y, z)        tool_setopt_str(x, config, #y, y, z)
      |                                       ^~~~~~~~~~~~~~~ ~~~~~~~~~~~~~~~~~~~
/home/baidu/scrapanium-experiments/scrapanium-wss-recv-cold-20260924/build/wss-recv-coalescing/backend-work/build/deps/src/curl/src/config2setopts.c:784:5: warning: ignoring return value of function declared with 'warn_unused_result' attribute [-Wunused-result]
  784 |     my_setopt_str(curl,
      |     ^~~~~~~~~~~~~~~~~~~
  785 |                   CURLOPT_HTTP2_SETTINGS,
      |                   ~~~~~~~~~~~~~~~~~~~~~~~
  786 |                   config->http2_settings);
      |                   ~~~~~~~~~~~~~~~~~~~~~~~
/home/baidu/scrapanium-experiments/scrapanium-wss-recv-cold-20260924/build/wss-recv-coalescing/backend-work/build/deps/src/curl/src/tool_setopt.h:105:39: note: expanded from macro 'my_setopt_str'
  105 | #define my_setopt_str(x, y, z)        tool_setopt_str(x, config, #y, y, z)
      |                                       ^~~~~~~~~~~~~~~ ~~~~~~~~~~~~~~~~~~~
/home/baidu/scrapanium-experiments/scrapanium-wss-recv-cold-20260924/build/wss-recv-coalescing/backend-work/build/deps/src/curl/src/config2setopts.c:801:5: warning: ignoring return value of function declared with 'warn_unused_result' attribute [-Wunused-result]
  801 |     my_setopt_str(curl,
      |     ^~~~~~~~~~~~~~~~~~~
  802 |                   CURLOPT_HTTP2_STREAMS,
      |                   ~~~~~~~~~~~~~~~~~~~~~~
  803 |                   config->http2_streams);
      |                   ~~~~~~~~~~~~~~~~~~~~~~
/home/baidu/scrapanium-experiments/scrapanium-wss-recv-cold-20260924/build/wss-recv-coalescing/backend-work/build/deps/src/curl/src/tool_setopt.h:105:39: note: expanded from macro 'my_setopt_str'
  105 | #define my_setopt_str(x, y, z)        tool_setopt_str(x, config, #y, y, z)
      |                                       ^~~~~~~~~~~~~~~ ~~~~~~~~~~~~~~~~~~~
/home/baidu/scrapanium-experiments/scrapanium-wss-recv-cold-20260924/build/wss-recv-coalescing/backend-work/build/deps/src/curl/src/config2setopts.c:806:5: warning: ignoring return value of function declared with 'warn_unused_result' attribute [-Wunused-result]
  806 |     my_setopt_str(curl,
      |     ^~~~~~~~~~~~~~~~~~~
  807 |                   CURLOPT_HTTP3_PSEUDO_HEADERS_ORDER,
      |                   ~~~~~~~~~~~~~~~~~~~~~~~~~~~~~~~~~~~
  808 |                   config->http3_pseudo_headers_order);
      |                   ~~~~~~~~~~~~~~~~~~~~~~~~~~~~~~~~~~~
/home/baidu/scrapanium-experiments/scrapanium-wss-recv-cold-20260924/build/wss-recv-coalescing/backend-work/build/deps/src/curl/src/tool_setopt.h:105:39: note: expanded from macro 'my_setopt_str'
  105 | #define my_setopt_str(x, y, z)        tool_setopt_str(x, config, #y, y, z)
      |                                       ^~~~~~~~~~~~~~~ ~~~~~~~~~~~~~~~~~~~
/home/baidu/scrapanium-experiments/scrapanium-wss-recv-cold-20260924/build/wss-recv-coalescing/backend-work/build/deps/src/curl/src/config2setopts.c:811:5: warning: ignoring return value of function declared with 'warn_unused_result' attribute [-Wunused-result]
  811 |     my_setopt_str(curl,
      |     ^~~~~~~~~~~~~~~~~~~
  812 |                   CURLOPT_HTTP3_HTTPHEADER_ORDER,
      |                   ~~~~~~~~~~~~~~~~~~~~~~~~~~~~~~~
  813 |                   config->http3_http_header_order);
      |                   ~~~~~~~~~~~~~~~~~~~~~~~~~~~~~~~~
/home/baidu/scrapanium-experiments/scrapanium-wss-recv-cold-20260924/build/wss-recv-coalescing/backend-work/build/deps/src/curl/src/tool_setopt.h:105:39: note: expanded from macro 'my_setopt_str'
  105 | #define my_setopt_str(x, y, z)        tool_setopt_str(x, config, #y, y, z)
      |                                       ^~~~~~~~~~~~~~~ ~~~~~~~~~~~~~~~~~~~
/home/baidu/scrapanium-experiments/scrapanium-wss-recv-cold-20260924/build/wss-recv-coalescing/backend-work/build/deps/src/curl/src/config2setopts.c:816:5: warning: ignoring return value of function declared with 'warn_unused_result' attribute [-Wunused-result]
  816 |     my_setopt_str(curl,
      |     ^~~~~~~~~~~~~~~~~~~
  817 |                   CURLOPT_HTTP3_SETTINGS,
      |                   ~~~~~~~~~~~~~~~~~~~~~~~
  818 |                   config->http3_settings);
      |                   ~~~~~~~~~~~~~~~~~~~~~~~
/home/baidu/scrapanium-experiments/scrapanium-wss-recv-cold-20260924/build/wss-recv-coalescing/backend-work/build/deps/src/curl/src/tool_setopt.h:105:39: note: expanded from macro 'my_setopt_str'
  105 | #define my_setopt_str(x, y, z)        tool_setopt_str(x, config, #y, y, z)
      |                                       ^~~~~~~~~~~~~~~ ~~~~~~~~~~~~~~~~~~~
/home/baidu/scrapanium-experiments/scrapanium-wss-recv-cold-20260924/build/wss-recv-coalescing/backend-work/build/deps/src/curl/src/config2setopts.c:821:5: warning: ignoring return value of function declared with 'warn_unused_result' attribute [-Wunused-result]
  821 |     my_setopt_str(curl,
      |     ^~~~~~~~~~~~~~~~~~~
  822 |                   CURLOPT_HTTP3_SIG_HASH_ALGS,
      |                   ~~~~~~~~~~~~~~~~~~~~~~~~~~~~
  823 |                   config->http3_sig_hash_algs);
      |                   ~~~~~~~~~~~~~~~~~~~~~~~~~~~~
/home/baidu/scrapanium-experiments/scrapanium-wss-recv-cold-20260924/build/wss-recv-coalescing/backend-work/build/deps/src/curl/src/tool_setopt.h:105:39: note: expanded from macro 'my_setopt_str'
  105 | #define my_setopt_str(x, y, z)        tool_setopt_str(x, config, #y, y, z)
      |                                       ^~~~~~~~~~~~~~~ ~~~~~~~~~~~~~~~~~~~
/home/baidu/scrapanium-experiments/scrapanium-wss-recv-cold-20260924/build/wss-recv-coalescing/backend-work/build/deps/src/curl/src/config2setopts.c:826:5: warning: ignoring return value of function declared with 'warn_unused_result' attribute [-Wunused-result]
  826 |     my_setopt_str(curl,
      |     ^~~~~~~~~~~~~~~~~~~
  827 |                   CURLOPT_WS_HTTPHEADER_ORDER,
      |                   ~~~~~~~~~~~~~~~~~~~~~~~~~~~~
  828 |                   config->ws_http_header_order);
      |                   ~~~~~~~~~~~~~~~~~~~~~~~~~~~~~
/home/baidu/scrapanium-experiments/scrapanium-wss-recv-cold-20260924/build/wss-recv-coalescing/backend-work/build/deps/src/curl/src/tool_setopt.h:105:39: note: expanded from macro 'my_setopt_str'
  105 | #define my_setopt_str(x, y, z)        tool_setopt_str(x, config, #y, y, z)
      |                                       ^~~~~~~~~~~~~~~ ~~~~~~~~~~~~~~~~~~~
/home/baidu/scrapanium-experiments/scrapanium-wss-recv-cold-20260924/build/wss-recv-coalescing/backend-work/build/deps/src/curl/src/config2setopts.c:831:5: warning: ignoring return value of function declared with 'warn_unused_result' attribute [-Wunused-result]
  831 |     my_setopt_str(curl,
      |     ^~~~~~~~~~~~~~~~~~~
  832 |                   CURLOPT_HTTP3_TLS_EXTENSION_ORDER,
      |                   ~~~~~~~~~~~~~~~~~~~~~~~~~~~~~~~~~~
  833 |                   config->http3_tls_extension_order);
      |                   ~~~~~~~~~~~~~~~~~~~~~~~~~~~~~~~~~~
/home/baidu/scrapanium-experiments/scrapanium-wss-recv-cold-20260924/build/wss-recv-coalescing/backend-work/build/deps/src/curl/src/tool_setopt.h:105:39: note: expanded from macro 'my_setopt_str'
  105 | #define my_setopt_str(x, y, z)        tool_setopt_str(x, config, #y, y, z)
      |                                       ^~~~~~~~~~~~~~~ ~~~~~~~~~~~~~~~~~~~
/home/baidu/scrapanium-experiments/scrapanium-wss-recv-cold-20260924/build/wss-recv-coalescing/backend-work/build/deps/src/curl/src/config2setopts.c:836:5: warning: ignoring return value of function declared with 'warn_unused_result' attribute [-Wunused-result]
  836 |     my_setopt_str(curl,
      |     ^~~~~~~~~~~~~~~~~~~
  837 |                   CURLOPT_QUIC_CID_LENGTH,
      |                   ~~~~~~~~~~~~~~~~~~~~~~~~
  838 |                   config->quic_cid_length);
      |                   ~~~~~~~~~~~~~~~~~~~~~~~~
/home/baidu/scrapanium-experiments/scrapanium-wss-recv-cold-20260924/build/wss-recv-coalescing/backend-work/build/deps/src/curl/src/tool_setopt.h:105:39: note: expanded from macro 'my_setopt_str'
  105 | #define my_setopt_str(x, y, z)        tool_setopt_str(x, config, #y, y, z)
      |                                       ^~~~~~~~~~~~~~~ ~~~~~~~~~~~~~~~~~~~
/home/baidu/scrapanium-experiments/scrapanium-wss-recv-cold-20260924/build/wss-recv-coalescing/backend-work/build/deps/src/curl/src/config2setopts.c:844:5: warning: ignoring return value of function declared with 'warn_unused_result' attribute [-Wunused-result]
  844 |     my_setopt_str(curl,
      |     ^~~~~~~~~~~~~~~~~~~
  845 |                   CURLOPT_QUIC_TRANSPORT_PARAMETERS,
      |                   ~~~~~~~~~~~~~~~~~~~~~~~~~~~~~~~~~~
  846 |                   config->quic_transport_parameters);
      |                   ~~~~~~~~~~~~~~~~~~~~~~~~~~~~~~~~~~
/home/baidu/scrapanium-experiments/scrapanium-wss-recv-cold-20260924/build/wss-recv-coalescing/backend-work/build/deps/src/curl/src/tool_setopt.h:105:39: note: expanded from macro 'my_setopt_str'
  105 | #define my_setopt_str(x, y, z)        tool_setopt_str(x, config, #y, y, z)
      |                                       ^~~~~~~~~~~~~~~ ~~~~~~~~~~~~~~~~~~~
17 warnings generated.
[402/443] Building C object src/CMakeFiles/curl-impersonate.dir/tool_cb_hdr.c.o
[403/443] Building C object src/CMakeFiles/curl-impersonate.dir/tool_cb_prg.c.o
[404/443] Building C object src/CMakeFiles/curl-impersonate.dir/tool_cb_rea.c.o
[405/443] Building C object src/CMakeFiles/curl-impersonate.dir/tool_cb_see.c.o
[406/443] Building C object src/CMakeFiles/curl-impersonate.dir/tool_cb_soc.c.o
[407/443] Building C object src/CMakeFiles/curl-impersonate.dir/tool_cb_wrt.c.o
[408/443] Linking CXX shared library lib/libcurl-impersonate.so.4.8.0
[409/443] Building C object src/CMakeFiles/curl-impersonate.dir/tool_dirhie.c.o
[410/443] Building C object src/CMakeFiles/curl-impersonate.dir/tool_cfgable.c.o
[411/443] Building C object src/CMakeFiles/curl-impersonate.dir/tool_doswin.c.o
[412/443] Building C object src/CMakeFiles/curl-impersonate.dir/tool_filetime.c.o
[413/443] Building C object src/CMakeFiles/curl-impersonate.dir/tool_easysrc.c.o
[414/443] Building C object src/CMakeFiles/curl-impersonate.dir/tool_findfile.c.o
[415/443] Building C object src/CMakeFiles/curl-impersonate.dir/tool_getpass.c.o
[416/443] Building C object src/CMakeFiles/curl-impersonate.dir/tool_helpers.c.o
[417/443] Building C object src/CMakeFiles/curl-impersonate.dir/tool_help.c.o
[418/443] Building C object src/CMakeFiles/curl-impersonate.dir/tool_formparse.c.o
[419/443] Building C object src/CMakeFiles/curl-impersonate.dir/tool_ipfs.c.o
[420/443] Building C object src/CMakeFiles/curl-impersonate.dir/tool_listhelp.c.o
[421/443] Building C object src/CMakeFiles/curl-impersonate.dir/tool_libinfo.c.o
[422/443] Building C object src/CMakeFiles/curl-impersonate.dir/tool_main.c.o
[423/443] Building C object src/CMakeFiles/curl-impersonate.dir/tool_msgs.c.o
[424/443] Building C object src/CMakeFiles/curl-impersonate.dir/tool_operhlp.c.o
[425/443] Building C object src/CMakeFiles/curl-impersonate.dir/tool_paramhlp.c.o
[426/443] Building C object src/CMakeFiles/curl-impersonate.dir/tool_parsecfg.c.o
[427/443] Building C object src/CMakeFiles/curl-impersonate.dir/tool_progress.c.o
[428/443] Building C object src/CMakeFiles/curl-impersonate.dir/tool_getparam.c.o
[429/443] Building C object src/CMakeFiles/curl-impersonate.dir/tool_ssls.c.o
[430/443] Building C object src/CMakeFiles/curl-impersonate.dir/tool_operate.c.o
[431/443] Building C object src/CMakeFiles/curl-impersonate.dir/tool_stderr.c.o
[432/443] Building C object src/CMakeFiles/curl-impersonate.dir/tool_util.c.o
[433/443] Building C object src/CMakeFiles/curl-impersonate.dir/tool_vms.c.o
[434/443] Building C object src/CMakeFiles/curl-impersonate.dir/tool_setopt.c.o
[435/443] Building C object src/CMakeFiles/curl-impersonate.dir/tool_urlglob.c.o
[436/443] Building C object src/CMakeFiles/curl-impersonate.dir/tool_writeout_json.c.o
[437/443] Building C object src/CMakeFiles/curl-impersonate.dir/tool_xattr.c.o
[438/443] Building C object src/CMakeFiles/curl-impersonate.dir/tool_writeout.c.o
[439/443] Creating library symlink lib/libcurl-impersonate.so.4 lib/libcurl-impersonate.so
[440/443] Building C object src/CMakeFiles/curl-impersonate.dir/toolx/tool_time.c.o
[441/443] Generating curl_easy_cleanup.3, curl_easy_duphandle.3, curl_easy_escape.3, curl_easy_getinfo.3, curl_easy_header.3, curl_easy_init.3, curl_easy_nextheader.3, curl_easy_option_by_id.3, curl_easy_option_by_name.3, curl_easy_option_next.3, curl_easy_pause.3, curl_easy_perform.3, curl_easy_recv.3, curl_easy_reset.3, curl_easy_send.3, curl_easy_setopt.3, curl_easy_ssls_export.3, curl_easy_ssls_import.3, curl_easy_strerror.3, curl_easy_unescape.3, curl_easy_upkeep.3, curl_escape.3, curl_formadd.3, curl_formfree.3, curl_formget.3, curl_free.3, curl_getdate.3, curl_getenv.3, curl_global_cleanup.3, curl_global_init.3, curl_global_init_mem.3, curl_global_sslset.3, curl_global_trace.3, curl_mime_addpart.3, curl_mime_data.3, curl_mime_data_cb.3, curl_mime_encoder.3, curl_mime_filedata.3, curl_mime_filename.3, curl_mime_free.3, curl_mime_headers.3, curl_mime_init.3, curl_mime_name.3, curl_mime_subparts.3, curl_mime_type.3, curl_mprintf.3, curl_multi_add_handle.3, curl_multi_assign.3, curl_multi_cleanup.3, curl_multi_fdset.3, curl_multi_get_handles.3, curl_multi_get_offt.3, curl_multi_info_read.3, curl_multi_init.3, curl_multi_notify_disable.3, curl_multi_notify_enable.3, curl_multi_perform.3, curl_multi_poll.3, curl_multi_remove_handle.3, curl_multi_setopt.3, curl_multi_socket.3, curl_multi_socket_action.3, curl_multi_socket_all.3, curl_multi_strerror.3, curl_multi_timeout.3, curl_multi_wait.3, curl_multi_waitfds.3, curl_multi_wakeup.3, curl_pushheader_byname.3, curl_pushheader_bynum.3, curl_share_cleanup.3, curl_share_init.3, curl_share_setopt.3, curl_share_strerror.3, curl_slist_append.3, curl_slist_free_all.3, curl_strequal.3, curl_strnequal.3, curl_unescape.3, curl_url.3, curl_url_cleanup.3, curl_url_dup.3, curl_url_get.3, curl_url_set.3, curl_url_strerror.3, curl_version.3, curl_version_info.3, curl_ws_meta.3, curl_ws_recv.3, curl_ws_send.3, curl_ws_start_frame.3, libcurl-easy.3, libcurl-env-dbg.3, libcurl-env.3, libcurl-errors.3, libcurl-multi.3, libcurl-security.3, libcurl-share.3, libcurl-symbols.3, libcurl-thread.3, libcurl-tutorial.3, libcurl-url.3, libcurl-ws.3, libcurl.3
[442/443] Building C object src/CMakeFiles/curl-impersonate.dir/var.c.o
[443/443] Linking CXX executable src/curl-impersonate
[72/74] No install step for 'curl'
[73/74] Completed 'curl'
-- Install configuration: ""
-- Installing: /home/baidu/scrapanium-experiments/scrapanium-wss-recv-cold-20260924/build/wss-recv-coalescing/backend-live/bin/curl-impersonate
-- Installing: /home/baidu/scrapanium-experiments/scrapanium-wss-recv-cold-20260924/build/wss-recv-coalescing/backend-live/lib
-- Installing: /home/baidu/scrapanium-experiments/scrapanium-wss-recv-cold-20260924/build/wss-recv-coalescing/backend-live/lib/libcurl-impersonate.so
-- Installing: /home/baidu/scrapanium-experiments/scrapanium-wss-recv-cold-20260924/build/wss-recv-coalescing/backend-live/lib/libcurl-impersonate.a
-- Installing: /home/baidu/scrapanium-experiments/scrapanium-wss-recv-cold-20260924/build/wss-recv-coalescing/backend-live/lib/libcurl-impersonate.so.4.8.0
-- Installing: /home/baidu/scrapanium-experiments/scrapanium-wss-recv-cold-20260924/build/wss-recv-coalescing/backend-live/lib/libcurl-impersonate.so.4
-- Installing: /home/baidu/scrapanium-experiments/scrapanium-wss-recv-cold-20260924/build/wss-recv-coalescing/backend-live/include/curl
-- Installing: /home/baidu/scrapanium-experiments/scrapanium-wss-recv-cold-20260924/build/wss-recv-coalescing/backend-live/include/curl/mprintf.h
-- Installing: /home/baidu/scrapanium-experiments/scrapanium-wss-recv-cold-20260924/build/wss-recv-coalescing/backend-live/include/curl/stdcheaders.h
-- Installing: /home/baidu/scrapanium-experiments/scrapanium-wss-recv-cold-20260924/build/wss-recv-coalescing/backend-live/include/curl/typecheck-gcc.h
-- Installing: /home/baidu/scrapanium-experiments/scrapanium-wss-recv-cold-20260924/build/wss-recv-coalescing/backend-live/include/curl/easy.h
-- Installing: /home/baidu/scrapanium-experiments/scrapanium-wss-recv-cold-20260924/build/wss-recv-coalescing/backend-live/include/curl/urlapi.h
-- Installing: /home/baidu/scrapanium-experiments/scrapanium-wss-recv-cold-20260924/build/wss-recv-coalescing/backend-live/include/curl/options.h
-- Installing: /home/baidu/scrapanium-experiments/scrapanium-wss-recv-cold-20260924/build/wss-recv-coalescing/backend-live/include/curl/system.h
-- Installing: /home/baidu/scrapanium-experiments/scrapanium-wss-recv-cold-20260924/build/wss-recv-coalescing/backend-live/include/curl/curl.h
-- Installing: /home/baidu/scrapanium-experiments/scrapanium-wss-recv-cold-20260924/build/wss-recv-coalescing/backend-live/include/curl/header.h
-- Installing: /home/baidu/scrapanium-experiments/scrapanium-wss-recv-cold-20260924/build/wss-recv-coalescing/backend-live/include/curl/multi.h
-- Installing: /home/baidu/scrapanium-experiments/scrapanium-wss-recv-cold-20260924/build/wss-recv-coalescing/backend-live/include/curl/curlver.h
-- Installing: /home/baidu/scrapanium-experiments/scrapanium-wss-recv-cold-20260924/build/wss-recv-coalescing/backend-live/include/curl/websockets.h
-- Installing: /home/baidu/scrapanium-experiments/scrapanium-wss-recv-cold-20260924/build/wss-recv-coalescing/backend-live/bin/curl_chrome100
-- Installing: /home/baidu/scrapanium-experiments/scrapanium-wss-recv-cold-20260924/build/wss-recv-coalescing/backend-live/bin/curl_chrome101
-- Installing: /home/baidu/scrapanium-experiments/scrapanium-wss-recv-cold-20260924/build/wss-recv-coalescing/backend-live/bin/curl_chrome104
-- Installing: /home/baidu/scrapanium-experiments/scrapanium-wss-recv-cold-20260924/build/wss-recv-coalescing/backend-live/bin/curl_chrome107
-- Installing: /home/baidu/scrapanium-experiments/scrapanium-wss-recv-cold-20260924/build/wss-recv-coalescing/backend-live/bin/curl_chrome110
-- Installing: /home/baidu/scrapanium-experiments/scrapanium-wss-recv-cold-20260924/build/wss-recv-coalescing/backend-live/bin/curl_chrome116
-- Installing: /home/baidu/scrapanium-experiments/scrapanium-wss-recv-cold-20260924/build/wss-recv-coalescing/backend-live/bin/curl_chrome119
-- Installing: /home/baidu/scrapanium-experiments/scrapanium-wss-recv-cold-20260924/build/wss-recv-coalescing/backend-live/bin/curl_chrome120
-- Installing: /home/baidu/scrapanium-experiments/scrapanium-wss-recv-cold-20260924/build/wss-recv-coalescing/backend-live/bin/curl_chrome123
-- Installing: /home/baidu/scrapanium-experiments/scrapanium-wss-recv-cold-20260924/build/wss-recv-coalescing/backend-live/bin/curl_chrome124
-- Installing: /home/baidu/scrapanium-experiments/scrapanium-wss-recv-cold-20260924/build/wss-recv-coalescing/backend-live/bin/curl_chrome131
-- Installing: /home/baidu/scrapanium-experiments/scrapanium-wss-recv-cold-20260924/build/wss-recv-coalescing/backend-live/bin/curl_chrome131_android
-- Installing: /home/baidu/scrapanium-experiments/scrapanium-wss-recv-cold-20260924/build/wss-recv-coalescing/backend-live/bin/curl_chrome133a
-- Installing: /home/baidu/scrapanium-experiments/scrapanium-wss-recv-cold-20260924/build/wss-recv-coalescing/backend-live/bin/curl_chrome136
-- Installing: /home/baidu/scrapanium-experiments/scrapanium-wss-recv-cold-20260924/build/wss-recv-coalescing/backend-live/bin/curl_chrome142
-- Installing: /home/baidu/scrapanium-experiments/scrapanium-wss-recv-cold-20260924/build/wss-recv-coalescing/backend-live/bin/curl_chrome145
-- Installing: /home/baidu/scrapanium-experiments/scrapanium-wss-recv-cold-20260924/build/wss-recv-coalescing/backend-live/bin/curl_chrome146
-- Installing: /home/baidu/scrapanium-experiments/scrapanium-wss-recv-cold-20260924/build/wss-recv-coalescing/backend-live/bin/curl_chrome150
-- Installing: /home/baidu/scrapanium-experiments/scrapanium-wss-recv-cold-20260924/build/wss-recv-coalescing/backend-live/bin/curl_chrome99
-- Installing: /home/baidu/scrapanium-experiments/scrapanium-wss-recv-cold-20260924/build/wss-recv-coalescing/backend-live/bin/curl_chrome99_android
-- Installing: /home/baidu/scrapanium-experiments/scrapanium-wss-recv-cold-20260924/build/wss-recv-coalescing/backend-live/bin/curl_edge101
-- Installing: /home/baidu/scrapanium-experiments/scrapanium-wss-recv-cold-20260924/build/wss-recv-coalescing/backend-live/bin/curl_edge99
-- Installing: /home/baidu/scrapanium-experiments/scrapanium-wss-recv-cold-20260924/build/wss-recv-coalescing/backend-live/bin/curl_firefox133
-- Installing: /home/baidu/scrapanium-experiments/scrapanium-wss-recv-cold-20260924/build/wss-recv-coalescing/backend-live/bin/curl_firefox135
-- Installing: /home/baidu/scrapanium-experiments/scrapanium-wss-recv-cold-20260924/build/wss-recv-coalescing/backend-live/bin/curl_firefox144
-- Installing: /home/baidu/scrapanium-experiments/scrapanium-wss-recv-cold-20260924/build/wss-recv-coalescing/backend-live/bin/curl_firefox147
-- Installing: /home/baidu/scrapanium-experiments/scrapanium-wss-recv-cold-20260924/build/wss-recv-coalescing/backend-live/bin/curl_safari153
-- Installing: /home/baidu/scrapanium-experiments/scrapanium-wss-recv-cold-20260924/build/wss-recv-coalescing/backend-live/bin/curl_safari155
-- Installing: /home/baidu/scrapanium-experiments/scrapanium-wss-recv-cold-20260924/build/wss-recv-coalescing/backend-live/bin/curl_safari170
-- Installing: /home/baidu/scrapanium-experiments/scrapanium-wss-recv-cold-20260924/build/wss-recv-coalescing/backend-live/bin/curl_safari172_ios
-- Installing: /home/baidu/scrapanium-experiments/scrapanium-wss-recv-cold-20260924/build/wss-recv-coalescing/backend-live/bin/curl_safari180
-- Installing: /home/baidu/scrapanium-experiments/scrapanium-wss-recv-cold-20260924/build/wss-recv-coalescing/backend-live/bin/curl_safari180_ios
-- Installing: /home/baidu/scrapanium-experiments/scrapanium-wss-recv-cold-20260924/build/wss-recv-coalescing/backend-live/bin/curl_safari184
-- Installing: /home/baidu/scrapanium-experiments/scrapanium-wss-recv-cold-20260924/build/wss-recv-coalescing/backend-live/bin/curl_safari184_ios
-- Installing: /home/baidu/scrapanium-experiments/scrapanium-wss-recv-cold-20260924/build/wss-recv-coalescing/backend-live/bin/curl_safari260
-- Installing: /home/baidu/scrapanium-experiments/scrapanium-wss-recv-cold-20260924/build/wss-recv-coalescing/backend-live/bin/curl_safari2601
-- Installing: /home/baidu/scrapanium-experiments/scrapanium-wss-recv-cold-20260924/build/wss-recv-coalescing/backend-live/bin/curl_safari260_ios
-- Installing: /home/baidu/scrapanium-experiments/scrapanium-wss-recv-cold-20260924/build/wss-recv-coalescing/backend-live/bin/curl_tor145
Ready: /home/baidu/scrapanium-experiments/scrapanium-wss-recv-cold-20260924/build/wss-recv-coalescing/backend-live
SCRAPANIUM_CURL_DIR=/home/baidu/scrapanium-experiments/scrapanium-wss-recv-cold-20260924/build/wss-recv-coalescing/backend-live python3 scripts/build.py
+ patch --batch --fuzz=0 -p1 -i /home/baidu/scrapanium-experiments/scrapanium-wss-recv-cold-20260924/build/wss-recv-coalescing/patches/curl-ws-recv-coalescing.patch
patching file lib/ws.c
+ cmake --build /home/baidu/scrapanium-experiments/scrapanium-wss-recv-cold-20260924/build/wss-recv-coalescing/backend-work/build/deps/build/curl --config Release --parallel 4 --verbose
Change Dir: '/home/baidu/scrapanium-experiments/scrapanium-wss-recv-cold-20260924/build/wss-recv-coalescing/backend-work/build/deps/build/curl'

Run Build Command(s): /usr/bin/ninja -v -j 4
[1/6] /usr/bin/clang -DBUILDING_LIBCURL -DCURL_HIDDEN_SYMBOLS -DCURL_IMPERSONATE_BUILD_DATE=\"2026-09-24\" -DCURL_IMPERSONATE_VERSION=\"2.2.3-scrapanium.1\" -DHAVE_CONFIG_H -D_GNU_SOURCE -Dlibcurl_shared_EXPORTS -I/home/baidu/scrapanium-experiments/scrapanium-wss-recv-cold-20260924/build/wss-recv-coalescing/backend-work/build/deps/src/curl/include -I/home/baidu/scrapanium-experiments/scrapanium-wss-recv-cold-20260924/build/wss-recv-coalescing/backend-work/build/deps/build/curl/lib -I/home/baidu/scrapanium-experiments/scrapanium-wss-recv-cold-20260924/build/wss-recv-coalescing/backend-work/build/deps/src/curl/lib -I/home/baidu/scrapanium-experiments/scrapanium-wss-recv-cold-20260924/build/wss-recv-coalescing/backend-work/build/deps/src/boringssl/include -I/home/baidu/scrapanium-experiments/scrapanium-wss-recv-cold-20260924/build/wss-recv-coalescing/backend-work/build/deps/install/include -O3 -DNDEBUG -fPIC -Werror-implicit-function-declaration -Wextra -Wall -Wpedantic -Wbad-function-cast -Wconversion -Wmissing-declarations -Wmissing-prototypes -Wnested-externs -Wno-long-long -Wno-multichar -Wpointer-arith -Wshadow -Wsign-compare -Wundef -Wunused -Wwrite-strings -Waddress -Wattributes -Wcast-align -Wcast-qual -Wdeclaration-after-statement -Wdiv-by-zero -Wempty-body -Wendif-labels -Wfloat-equal -Wformat-security -Wignored-qualifiers -Wmissing-field-initializers -Wmissing-noreturn -Wno-padded -Wno-sign-conversion -Wno-switch-default -Wno-switch-enum -Wno-system-headers -Wold-style-definition -Wredundant-decls -Wstrict-prototypes -Wtype-limits -Wunreachable-code -Wunused-parameter -Wvla -Wconditional-uninitialized -Wno-used-but-marked-unused -Wshift-sign-overflow -Wshorten-64-to-32 -Wformat=2 -Wlanguage-extension-token -Wno-covered-switch-default -Wno-disabled-macro-expansion -Wformat-non-iso -Wenum-conversion -Wmissing-variable-declarations -Wno-documentation-unknown-command -Wsometimes-uninitialized -Wdouble-promotion -Wheader-guard -Wpragmas -Wunused-const-variable -Wcomma -Wassign-enum -Wextra-semi-stmt -Wimplicit-fallthrough -Wxor-used-as-pow -Wcast-function-type -Wreserved-identifier -Wno-reserved-macro-identifier -Wno-unsafe-buffer-usage -Wcast-function-type-strict -Wformat-signedness -Warray-compare -Wc++-hidden-decl -Wimplicit-int-enum-cast -Wjump-misses-init -Wno-implicit-void-ptr-cast -Wtentative-definition-compat -Wc++-keyword -fvisibility=hidden -MD -MT lib/CMakeFiles/libcurl_shared.dir/ws.c.o -MF lib/CMakeFiles/libcurl_shared.dir/ws.c.o.d -o lib/CMakeFiles/libcurl_shared.dir/ws.c.o -c /home/baidu/scrapanium-experiments/scrapanium-wss-recv-cold-20260924/build/wss-recv-coalescing/backend-work/build/deps/src/curl/lib/ws.c
In file included from /home/baidu/scrapanium-experiments/scrapanium-wss-recv-cold-20260924/build/wss-recv-coalescing/backend-work/build/deps/src/curl/lib/ws.c:25:
In file included from /home/baidu/scrapanium-experiments/scrapanium-wss-recv-cold-20260924/build/wss-recv-coalescing/backend-work/build/deps/src/curl/lib/urldata.h:73:
In file included from /home/baidu/scrapanium-experiments/scrapanium-wss-recv-cold-20260924/build/wss-recv-coalescing/backend-work/build/deps/src/curl/lib/vdns/asyn.h:29:
In file included from /home/baidu/scrapanium-experiments/scrapanium-wss-recv-cold-20260924/build/wss-recv-coalescing/backend-work/build/deps/src/curl/lib/vdns/httpsrr.h:29:
/home/baidu/scrapanium-experiments/scrapanium-wss-recv-cold-20260924/build/wss-recv-coalescing/backend-work/build/deps/install/include/ares.h:421:19: warning: identifier '_S6_u8' is reserved because it starts with '_' followed by a capital letter [-Wreserved-identifier]
  421 |     unsigned char _S6_u8[16];
      |                   ^
/home/baidu/scrapanium-experiments/scrapanium-wss-recv-cold-20260924/build/wss-recv-coalescing/backend-work/build/deps/install/include/ares.h:422:5: warning: identifier '_S6_un' is reserved because it starts with '_' followed by a capital letter [-Wreserved-identifier]
  422 |   } _S6_un;
      |     ^
2 warnings generated.
[2/6] /usr/bin/clang -DBUILDING_LIBCURL -DCURL_HIDDEN_SYMBOLS -DCURL_IMPERSONATE_BUILD_DATE=\"2026-09-24\" -DCURL_IMPERSONATE_VERSION=\"2.2.3-scrapanium.1\" -DHAVE_CONFIG_H -D_GNU_SOURCE -I/home/baidu/scrapanium-experiments/scrapanium-wss-recv-cold-20260924/build/wss-recv-coalescing/backend-work/build/deps/src/curl/include -I/home/baidu/scrapanium-experiments/scrapanium-wss-recv-cold-20260924/build/wss-recv-coalescing/backend-work/build/deps/build/curl/lib -I/home/baidu/scrapanium-experiments/scrapanium-wss-recv-cold-20260924/build/wss-recv-coalescing/backend-work/build/deps/src/curl/lib -I/home/baidu/scrapanium-experiments/scrapanium-wss-recv-cold-20260924/build/wss-recv-coalescing/backend-work/build/deps/src/boringssl/include -I/home/baidu/scrapanium-experiments/scrapanium-wss-recv-cold-20260924/build/wss-recv-coalescing/backend-work/build/deps/install/include -O3 -DNDEBUG -fPIC -Werror-implicit-function-declaration -Wextra -Wall -Wpedantic -Wbad-function-cast -Wconversion -Wmissing-declarations -Wmissing-prototypes -Wnested-externs -Wno-long-long -Wno-multichar -Wpointer-arith -Wshadow -Wsign-compare -Wundef -Wunused -Wwrite-strings -Waddress -Wattributes -Wcast-align -Wcast-qual -Wdeclaration-after-statement -Wdiv-by-zero -Wempty-body -Wendif-labels -Wfloat-equal -Wformat-security -Wignored-qualifiers -Wmissing-field-initializers -Wmissing-noreturn -Wno-padded -Wno-sign-conversion -Wno-switch-default -Wno-switch-enum -Wno-system-headers -Wold-style-definition -Wredundant-decls -Wstrict-prototypes -Wtype-limits -Wunreachable-code -Wunused-parameter -Wvla -Wconditional-uninitialized -Wno-used-but-marked-unused -Wshift-sign-overflow -Wshorten-64-to-32 -Wformat=2 -Wlanguage-extension-token -Wno-covered-switch-default -Wno-disabled-macro-expansion -Wformat-non-iso -Wenum-conversion -Wmissing-variable-declarations -Wno-documentation-unknown-command -Wsometimes-uninitialized -Wdouble-promotion -Wheader-guard -Wpragmas -Wunused-const-variable -Wcomma -Wassign-enum -Wextra-semi-stmt -Wimplicit-fallthrough -Wxor-used-as-pow -Wcast-function-type -Wreserved-identifier -Wno-reserved-macro-identifier -Wno-unsafe-buffer-usage -Wcast-function-type-strict -Wformat-signedness -Warray-compare -Wc++-hidden-decl -Wimplicit-int-enum-cast -Wjump-misses-init -Wno-implicit-void-ptr-cast -Wtentative-definition-compat -Wc++-keyword -fvisibility=hidden -MD -MT lib/CMakeFiles/libcurl_static.dir/ws.c.o -MF lib/CMakeFiles/libcurl_static.dir/ws.c.o.d -o lib/CMakeFiles/libcurl_static.dir/ws.c.o -c /home/baidu/scrapanium-experiments/scrapanium-wss-recv-cold-20260924/build/wss-recv-coalescing/backend-work/build/deps/src/curl/lib/ws.c
In file included from /home/baidu/scrapanium-experiments/scrapanium-wss-recv-cold-20260924/build/wss-recv-coalescing/backend-work/build/deps/src/curl/lib/ws.c:25:
In file included from /home/baidu/scrapanium-experiments/scrapanium-wss-recv-cold-20260924/build/wss-recv-coalescing/backend-work/build/deps/src/curl/lib/urldata.h:73:
In file included from /home/baidu/scrapanium-experiments/scrapanium-wss-recv-cold-20260924/build/wss-recv-coalescing/backend-work/build/deps/src/curl/lib/vdns/asyn.h:29:
In file included from /home/baidu/scrapanium-experiments/scrapanium-wss-recv-cold-20260924/build/wss-recv-coalescing/backend-work/build/deps/src/curl/lib/vdns/httpsrr.h:29:
/home/baidu/scrapanium-experiments/scrapanium-wss-recv-cold-20260924/build/wss-recv-coalescing/backend-work/build/deps/install/include/ares.h:421:19: warning: identifier '_S6_u8' is reserved because it starts with '_' followed by a capital letter [-Wreserved-identifier]
  421 |     unsigned char _S6_u8[16];
      |                   ^
/home/baidu/scrapanium-experiments/scrapanium-wss-recv-cold-20260924/build/wss-recv-coalescing/backend-work/build/deps/install/include/ares.h:422:5: warning: identifier '_S6_un' is reserved because it starts with '_' followed by a capital letter [-Wreserved-identifier]
  422 |   } _S6_un;
      |     ^
2 warnings generated.
[3/6] : && /usr/bin/cmake -E rm -f lib/libcurl-impersonate.a && /usr/bin/ar qc lib/libcurl-impersonate.a  lib/CMakeFiles/libcurl_static.dir/altsvc.c.o lib/CMakeFiles/libcurl_static.dir/amigaos.c.o lib/CMakeFiles/libcurl_static.dir/api.c.o lib/CMakeFiles/libcurl_static.dir/bufq.c.o lib/CMakeFiles/libcurl_static.dir/bufref.c.o lib/CMakeFiles/libcurl_static.dir/cf-h1-proxy.c.o lib/CMakeFiles/libcurl_static.dir/cf-h2-proxy.c.o lib/CMakeFiles/libcurl_static.dir/cf-haproxy.c.o lib/CMakeFiles/libcurl_static.dir/cf-https-connect.c.o lib/CMakeFiles/libcurl_static.dir/cf-ip-happy.c.o lib/CMakeFiles/libcurl_static.dir/cf-recvbuf.c.o lib/CMakeFiles/libcurl_static.dir/cf-setup.c.o lib/CMakeFiles/libcurl_static.dir/cf-socket.c.o lib/CMakeFiles/libcurl_static.dir/cfilters.c.o lib/CMakeFiles/libcurl_static.dir/conncache.c.o lib/CMakeFiles/libcurl_static.dir/connect.c.o lib/CMakeFiles/libcurl_static.dir/content_encoding.c.o lib/CMakeFiles/libcurl_static.dir/cookie.c.o lib/CMakeFiles/libcurl_static.dir/creds.c.o lib/CMakeFiles/libcurl_static.dir/cshutdn.c.o lib/CMakeFiles/libcurl_static.dir/curl_addrinfo.c.o lib/CMakeFiles/libcurl_static.dir/curl_endian.c.o lib/CMakeFiles/libcurl_static.dir/curl_fnmatch.c.o lib/CMakeFiles/libcurl_static.dir/curl_fopen.c.o lib/CMakeFiles/libcurl_static.dir/curl_get_line.c.o lib/CMakeFiles/libcurl_static.dir/curl_gethostname.c.o lib/CMakeFiles/libcurl_static.dir/curl_gssapi.c.o lib/CMakeFiles/libcurl_static.dir/curl_memrchr.c.o lib/CMakeFiles/libcurl_static.dir/curl_ntlm_core.c.o lib/CMakeFiles/libcurl_static.dir/curl_range.c.o lib/CMakeFiles/libcurl_static.dir/curl_sasl.c.o lib/CMakeFiles/libcurl_static.dir/curl_sha512_256.c.o lib/CMakeFiles/libcurl_static.dir/curl_share.c.o lib/CMakeFiles/libcurl_static.dir/curl_sspi.c.o lib/CMakeFiles/libcurl_static.dir/curl_threads.c.o lib/CMakeFiles/libcurl_static.dir/curl_trc.c.o lib/CMakeFiles/libcurl_static.dir/cw-out.c.o lib/CMakeFiles/libcurl_static.dir/cw-pause.c.o lib/CMakeFiles/libcurl_static.dir/dict.c.o lib/CMakeFiles/libcurl_static.dir/dynhds.c.o lib/CMakeFiles/libcurl_static.dir/easy.c.o lib/CMakeFiles/libcurl_static.dir/easygetopt.c.o lib/CMakeFiles/libcurl_static.dir/easyoptions.c.o lib/CMakeFiles/libcurl_static.dir/escape.c.o lib/CMakeFiles/libcurl_static.dir/fake_addrinfo.c.o lib/CMakeFiles/libcurl_static.dir/file.c.o lib/CMakeFiles/libcurl_static.dir/fileinfo.c.o lib/CMakeFiles/libcurl_static.dir/formdata.c.o lib/CMakeFiles/libcurl_static.dir/ftp.c.o lib/CMakeFiles/libcurl_static.dir/ftplistparser.c.o lib/CMakeFiles/libcurl_static.dir/getenv.c.o lib/CMakeFiles/libcurl_static.dir/getinfo.c.o lib/CMakeFiles/libcurl_static.dir/gopher.c.o lib/CMakeFiles/libcurl_static.dir/hash.c.o lib/CMakeFiles/libcurl_static.dir/headers.c.o lib/CMakeFiles/libcurl_static.dir/hmac.c.o lib/CMakeFiles/libcurl_static.dir/hsts.c.o lib/CMakeFiles/libcurl_static.dir/http.c.o lib/CMakeFiles/libcurl_static.dir/http1.c.o lib/CMakeFiles/libcurl_static.dir/http2.c.o lib/CMakeFiles/libcurl_static.dir/http_aws_sigv4.c.o lib/CMakeFiles/libcurl_static.dir/http_httpsig.c.o lib/CMakeFiles/libcurl_static.dir/curl_ed25519.c.o lib/CMakeFiles/libcurl_static.dir/http_chunks.c.o lib/CMakeFiles/libcurl_static.dir/http_digest.c.o lib/CMakeFiles/libcurl_static.dir/http_negotiate.c.o lib/CMakeFiles/libcurl_static.dir/http_ntlm.c.o lib/CMakeFiles/libcurl_static.dir/http_proxy.c.o lib/CMakeFiles/libcurl_static.dir/idn.c.o lib/CMakeFiles/libcurl_static.dir/if2ip.c.o lib/CMakeFiles/libcurl_static.dir/imap.c.o lib/CMakeFiles/libcurl_static.dir/impersonate.c.o lib/CMakeFiles/libcurl_static.dir/ldap.c.o lib/CMakeFiles/libcurl_static.dir/llist.c.o lib/CMakeFiles/libcurl_static.dir/macos.c.o lib/CMakeFiles/libcurl_static.dir/md4.c.o lib/CMakeFiles/libcurl_static.dir/md5.c.o lib/CMakeFiles/libcurl_static.dir/memdebug.c.o lib/CMakeFiles/libcurl_static.dir/mime.c.o lib/CMakeFiles/libcurl_static.dir/mprintf.c.o lib/CMakeFiles/libcurl_static.dir/mqtt.c.o lib/CMakeFiles/libcurl_static.dir/multi.c.o lib/CMakeFiles/libcurl_static.dir/multi_ev.c.o lib/CMakeFiles/libcurl_static.dir/multi_ntfy.c.o lib/CMakeFiles/libcurl_static.dir/netrc.c.o lib/CMakeFiles/libcurl_static.dir/openldap.c.o lib/CMakeFiles/libcurl_static.dir/parsedate.c.o lib/CMakeFiles/libcurl_static.dir/peer.c.o lib/CMakeFiles/libcurl_static.dir/pingpong.c.o lib/CMakeFiles/libcurl_static.dir/pop3.c.o lib/CMakeFiles/libcurl_static.dir/progress.c.o lib/CMakeFiles/libcurl_static.dir/protocol.c.o lib/CMakeFiles/libcurl_static.dir/proxy.c.o lib/CMakeFiles/libcurl_static.dir/psl.c.o lib/CMakeFiles/libcurl_static.dir/rand.c.o lib/CMakeFiles/libcurl_static.dir/ratelimit.c.o lib/CMakeFiles/libcurl_static.dir/request.c.o lib/CMakeFiles/libcurl_static.dir/rtsp.c.o lib/CMakeFiles/libcurl_static.dir/select.c.o lib/CMakeFiles/libcurl_static.dir/sendf.c.o lib/CMakeFiles/libcurl_static.dir/setopt.c.o lib/CMakeFiles/libcurl_static.dir/sha256.c.o lib/CMakeFiles/libcurl_static.dir/slist.c.o lib/CMakeFiles/libcurl_static.dir/smb.c.o lib/CMakeFiles/libcurl_static.dir/smtp.c.o lib/CMakeFiles/libcurl_static.dir/socketpair.c.o lib/CMakeFiles/libcurl_static.dir/socks.c.o lib/CMakeFiles/libcurl_static.dir/socks_gssapi.c.o lib/CMakeFiles/libcurl_static.dir/socks_sspi.c.o lib/CMakeFiles/libcurl_static.dir/splay.c.o lib/CMakeFiles/libcurl_static.dir/strcase.c.o lib/CMakeFiles/libcurl_static.dir/strequal.c.o lib/CMakeFiles/libcurl_static.dir/strerror.c.o lib/CMakeFiles/libcurl_static.dir/system_win32.c.o lib/CMakeFiles/libcurl_static.dir/telnet.c.o lib/CMakeFiles/libcurl_static.dir/tftp.c.o lib/CMakeFiles/libcurl_static.dir/thrdpool.c.o lib/CMakeFiles/libcurl_static.dir/thrdqueue.c.o lib/CMakeFiles/libcurl_static.dir/transfer.c.o lib/CMakeFiles/libcurl_static.dir/uint-bset.c.o lib/CMakeFiles/libcurl_static.dir/uint-hash.c.o lib/CMakeFiles/libcurl_static.dir/uint-hashset.c.o lib/CMakeFiles/libcurl_static.dir/uint-spbset.c.o lib/CMakeFiles/libcurl_static.dir/uint-table.c.o lib/CMakeFiles/libcurl_static.dir/url.c.o lib/CMakeFiles/libcurl_static.dir/urlapi.c.o lib/CMakeFiles/libcurl_static.dir/version.c.o lib/CMakeFiles/libcurl_static.dir/ws.c.o lib/CMakeFiles/libcurl_static.dir/vauth/cleartext.c.o lib/CMakeFiles/libcurl_static.dir/vauth/cram.c.o lib/CMakeFiles/libcurl_static.dir/vauth/digest.c.o lib/CMakeFiles/libcurl_static.dir/vauth/digest_sspi.c.o lib/CMakeFiles/libcurl_static.dir/vauth/gsasl.c.o lib/CMakeFiles/libcurl_static.dir/vauth/krb5_gssapi.c.o lib/CMakeFiles/libcurl_static.dir/vauth/krb5_sspi.c.o lib/CMakeFiles/libcurl_static.dir/vauth/ntlm.c.o lib/CMakeFiles/libcurl_static.dir/vauth/ntlm_sspi.c.o lib/CMakeFiles/libcurl_static.dir/vauth/oauth2.c.o lib/CMakeFiles/libcurl_static.dir/vauth/spnego_gssapi.c.o lib/CMakeFiles/libcurl_static.dir/vauth/spnego_sspi.c.o lib/CMakeFiles/libcurl_static.dir/vauth/vauth.c.o lib/CMakeFiles/libcurl_static.dir/vdns/asyn-ares.c.o lib/CMakeFiles/libcurl_static.dir/vdns/asyn-base.c.o lib/CMakeFiles/libcurl_static.dir/vdns/asyn-thrdd.c.o lib/CMakeFiles/libcurl_static.dir/vdns/cf-dns.c.o lib/CMakeFiles/libcurl_static.dir/vdns/dnscache.c.o lib/CMakeFiles/libcurl_static.dir/vdns/doh.c.o lib/CMakeFiles/libcurl_static.dir/vdns/hostip.c.o lib/CMakeFiles/libcurl_static.dir/vdns/hostip4.c.o lib/CMakeFiles/libcurl_static.dir/vdns/hostip6.c.o lib/CMakeFiles/libcurl_static.dir/vdns/httpsrr.c.o lib/CMakeFiles/libcurl_static.dir/vtls/apple.c.o lib/CMakeFiles/libcurl_static.dir/vtls/cipher_suite.c.o lib/CMakeFiles/libcurl_static.dir/vtls/gtls.c.o lib/CMakeFiles/libcurl_static.dir/vtls/hostcheck.c.o lib/CMakeFiles/libcurl_static.dir/vtls/keylog.c.o lib/CMakeFiles/libcurl_static.dir/vtls/mbedtls.c.o lib/CMakeFiles/libcurl_static.dir/vtls/openssl.c.o lib/CMakeFiles/libcurl_static.dir/vtls/rustls.c.o lib/CMakeFiles/libcurl_static.dir/vtls/schannel.c.o lib/CMakeFiles/libcurl_static.dir/vtls/schannel_verify.c.o lib/CMakeFiles/libcurl_static.dir/vtls/vtls.c.o lib/CMakeFiles/libcurl_static.dir/vtls/vtls_config.c.o lib/CMakeFiles/libcurl_static.dir/vtls/vtls_scache.c.o lib/CMakeFiles/libcurl_static.dir/vtls/vtls_spack.c.o lib/CMakeFiles/libcurl_static.dir/vtls/wolfssl.c.o lib/CMakeFiles/libcurl_static.dir/vtls/x509asn1.c.o lib/CMakeFiles/libcurl_static.dir/vquic/capsule.c.o lib/CMakeFiles/libcurl_static.dir/vquic/cf-capsule.c.o lib/CMakeFiles/libcurl_static.dir/vquic/cf-ngtcp2.c.o lib/CMakeFiles/libcurl_static.dir/vquic/cf-ngtcp2-cmn.c.o lib/CMakeFiles/libcurl_static.dir/vquic/cf-ngtcp2-proxy.c.o lib/CMakeFiles/libcurl_static.dir/vquic/cf-quiche.c.o lib/CMakeFiles/libcurl_static.dir/vquic/vquic.c.o lib/CMakeFiles/libcurl_static.dir/vquic/vquic-tls.c.o lib/CMakeFiles/libcurl_static.dir/vssh/libssh.c.o lib/CMakeFiles/libcurl_static.dir/vssh/libssh2.c.o lib/CMakeFiles/libcurl_static.dir/vssh/vssh.c.o lib/CMakeFiles/libcurl_static.dir/curlx/base64.c.o lib/CMakeFiles/libcurl_static.dir/curlx/basename.c.o lib/CMakeFiles/libcurl_static.dir/curlx/dynbuf.c.o lib/CMakeFiles/libcurl_static.dir/curlx/fopen.c.o lib/CMakeFiles/libcurl_static.dir/curlx/inet_ntop.c.o lib/CMakeFiles/libcurl_static.dir/curlx/inet_pton.c.o lib/CMakeFiles/libcurl_static.dir/curlx/multibyte.c.o lib/CMakeFiles/libcurl_static.dir/curlx/nonblock.c.o lib/CMakeFiles/libcurl_static.dir/curlx/snprintf.c.o lib/CMakeFiles/libcurl_static.dir/curlx/strcopy.c.o lib/CMakeFiles/libcurl_static.dir/curlx/strdup.c.o lib/CMakeFiles/libcurl_static.dir/curlx/strerr.c.o lib/CMakeFiles/libcurl_static.dir/curlx/strparse.c.o lib/CMakeFiles/libcurl_static.dir/curlx/timediff.c.o lib/CMakeFiles/libcurl_static.dir/curlx/timeval.c.o lib/CMakeFiles/libcurl_static.dir/curlx/version_win32.c.o lib/CMakeFiles/libcurl_static.dir/curlx/wait.c.o lib/CMakeFiles/libcurl_static.dir/curlx/warnless.c.o lib/CMakeFiles/libcurl_static.dir/curlx/winapi.c.o && /usr/bin/ranlib lib/libcurl-impersonate.a && :
[4/6] : && /usr/bin/clang++ -fPIC -I/home/baidu/scrapanium-experiments/scrapanium-wss-recv-cold-20260924/build/wss-recv-coalescing/backend-work/build/deps/install/include -O3 -DNDEBUG  -shared -Xlinker --dependency-file=lib/CMakeFiles/libcurl_shared.dir/link.d -Wl,-soname,libcurl-impersonate.so.4 -o lib/libcurl-impersonate.so.4.8.0 lib/CMakeFiles/libcurl_shared.dir/altsvc.c.o lib/CMakeFiles/libcurl_shared.dir/amigaos.c.o lib/CMakeFiles/libcurl_shared.dir/api.c.o lib/CMakeFiles/libcurl_shared.dir/bufq.c.o lib/CMakeFiles/libcurl_shared.dir/bufref.c.o lib/CMakeFiles/libcurl_shared.dir/cf-h1-proxy.c.o lib/CMakeFiles/libcurl_shared.dir/cf-h2-proxy.c.o lib/CMakeFiles/libcurl_shared.dir/cf-haproxy.c.o lib/CMakeFiles/libcurl_shared.dir/cf-https-connect.c.o lib/CMakeFiles/libcurl_shared.dir/cf-ip-happy.c.o lib/CMakeFiles/libcurl_shared.dir/cf-recvbuf.c.o lib/CMakeFiles/libcurl_shared.dir/cf-setup.c.o lib/CMakeFiles/libcurl_shared.dir/cf-socket.c.o lib/CMakeFiles/libcurl_shared.dir/cfilters.c.o lib/CMakeFiles/libcurl_shared.dir/conncache.c.o lib/CMakeFiles/libcurl_shared.dir/connect.c.o lib/CMakeFiles/libcurl_shared.dir/content_encoding.c.o lib/CMakeFiles/libcurl_shared.dir/cookie.c.o lib/CMakeFiles/libcurl_shared.dir/creds.c.o lib/CMakeFiles/libcurl_shared.dir/cshutdn.c.o lib/CMakeFiles/libcurl_shared.dir/curl_addrinfo.c.o lib/CMakeFiles/libcurl_shared.dir/curl_endian.c.o lib/CMakeFiles/libcurl_shared.dir/curl_fnmatch.c.o lib/CMakeFiles/libcurl_shared.dir/curl_fopen.c.o lib/CMakeFiles/libcurl_shared.dir/curl_get_line.c.o lib/CMakeFiles/libcurl_shared.dir/curl_gethostname.c.o lib/CMakeFiles/libcurl_shared.dir/curl_gssapi.c.o lib/CMakeFiles/libcurl_shared.dir/curl_memrchr.c.o lib/CMakeFiles/libcurl_shared.dir/curl_ntlm_core.c.o lib/CMakeFiles/libcurl_shared.dir/curl_range.c.o lib/CMakeFiles/libcurl_shared.dir/curl_sasl.c.o lib/CMakeFiles/libcurl_shared.dir/curl_sha512_256.c.o lib/CMakeFiles/libcurl_shared.dir/curl_share.c.o lib/CMakeFiles/libcurl_shared.dir/curl_sspi.c.o lib/CMakeFiles/libcurl_shared.dir/curl_threads.c.o lib/CMakeFiles/libcurl_shared.dir/curl_trc.c.o lib/CMakeFiles/libcurl_shared.dir/cw-out.c.o lib/CMakeFiles/libcurl_shared.dir/cw-pause.c.o lib/CMakeFiles/libcurl_shared.dir/dict.c.o lib/CMakeFiles/libcurl_shared.dir/dynhds.c.o lib/CMakeFiles/libcurl_shared.dir/easy.c.o lib/CMakeFiles/libcurl_shared.dir/easygetopt.c.o lib/CMakeFiles/libcurl_shared.dir/easyoptions.c.o lib/CMakeFiles/libcurl_shared.dir/escape.c.o lib/CMakeFiles/libcurl_shared.dir/fake_addrinfo.c.o lib/CMakeFiles/libcurl_shared.dir/file.c.o lib/CMakeFiles/libcurl_shared.dir/fileinfo.c.o lib/CMakeFiles/libcurl_shared.dir/formdata.c.o lib/CMakeFiles/libcurl_shared.dir/ftp.c.o lib/CMakeFiles/libcurl_shared.dir/ftplistparser.c.o lib/CMakeFiles/libcurl_shared.dir/getenv.c.o lib/CMakeFiles/libcurl_shared.dir/getinfo.c.o lib/CMakeFiles/libcurl_shared.dir/gopher.c.o lib/CMakeFiles/libcurl_shared.dir/hash.c.o lib/CMakeFiles/libcurl_shared.dir/headers.c.o lib/CMakeFiles/libcurl_shared.dir/hmac.c.o lib/CMakeFiles/libcurl_shared.dir/hsts.c.o lib/CMakeFiles/libcurl_shared.dir/http.c.o lib/CMakeFiles/libcurl_shared.dir/http1.c.o lib/CMakeFiles/libcurl_shared.dir/http2.c.o lib/CMakeFiles/libcurl_shared.dir/http_aws_sigv4.c.o lib/CMakeFiles/libcurl_shared.dir/http_httpsig.c.o lib/CMakeFiles/libcurl_shared.dir/curl_ed25519.c.o lib/CMakeFiles/libcurl_shared.dir/http_chunks.c.o lib/CMakeFiles/libcurl_shared.dir/http_digest.c.o lib/CMakeFiles/libcurl_shared.dir/http_negotiate.c.o lib/CMakeFiles/libcurl_shared.dir/http_ntlm.c.o lib/CMakeFiles/libcurl_shared.dir/http_proxy.c.o lib/CMakeFiles/libcurl_shared.dir/idn.c.o lib/CMakeFiles/libcurl_shared.dir/if2ip.c.o lib/CMakeFiles/libcurl_shared.dir/imap.c.o lib/CMakeFiles/libcurl_shared.dir/impersonate.c.o lib/CMakeFiles/libcurl_shared.dir/ldap.c.o lib/CMakeFiles/libcurl_shared.dir/llist.c.o lib/CMakeFiles/libcurl_shared.dir/macos.c.o lib/CMakeFiles/libcurl_shared.dir/md4.c.o lib/CMakeFiles/libcurl_shared.dir/md5.c.o lib/CMakeFiles/libcurl_shared.dir/memdebug.c.o lib/CMakeFiles/libcurl_shared.dir/mime.c.o lib/CMakeFiles/libcurl_shared.dir/mprintf.c.o lib/CMakeFiles/libcurl_shared.dir/mqtt.c.o lib/CMakeFiles/libcurl_shared.dir/multi.c.o lib/CMakeFiles/libcurl_shared.dir/multi_ev.c.o lib/CMakeFiles/libcurl_shared.dir/multi_ntfy.c.o lib/CMakeFiles/libcurl_shared.dir/netrc.c.o lib/CMakeFiles/libcurl_shared.dir/openldap.c.o lib/CMakeFiles/libcurl_shared.dir/parsedate.c.o lib/CMakeFiles/libcurl_shared.dir/peer.c.o lib/CMakeFiles/libcurl_shared.dir/pingpong.c.o lib/CMakeFiles/libcurl_shared.dir/pop3.c.o lib/CMakeFiles/libcurl_shared.dir/progress.c.o lib/CMakeFiles/libcurl_shared.dir/protocol.c.o lib/CMakeFiles/libcurl_shared.dir/proxy.c.o lib/CMakeFiles/libcurl_shared.dir/psl.c.o lib/CMakeFiles/libcurl_shared.dir/rand.c.o lib/CMakeFiles/libcurl_shared.dir/ratelimit.c.o lib/CMakeFiles/libcurl_shared.dir/request.c.o lib/CMakeFiles/libcurl_shared.dir/rtsp.c.o lib/CMakeFiles/libcurl_shared.dir/select.c.o lib/CMakeFiles/libcurl_shared.dir/sendf.c.o lib/CMakeFiles/libcurl_shared.dir/setopt.c.o lib/CMakeFiles/libcurl_shared.dir/sha256.c.o lib/CMakeFiles/libcurl_shared.dir/slist.c.o lib/CMakeFiles/libcurl_shared.dir/smb.c.o lib/CMakeFiles/libcurl_shared.dir/smtp.c.o lib/CMakeFiles/libcurl_shared.dir/socketpair.c.o lib/CMakeFiles/libcurl_shared.dir/socks.c.o lib/CMakeFiles/libcurl_shared.dir/socks_gssapi.c.o lib/CMakeFiles/libcurl_shared.dir/socks_sspi.c.o lib/CMakeFiles/libcurl_shared.dir/splay.c.o lib/CMakeFiles/libcurl_shared.dir/strcase.c.o lib/CMakeFiles/libcurl_shared.dir/strequal.c.o lib/CMakeFiles/libcurl_shared.dir/strerror.c.o lib/CMakeFiles/libcurl_shared.dir/system_win32.c.o lib/CMakeFiles/libcurl_shared.dir/telnet.c.o lib/CMakeFiles/libcurl_shared.dir/tftp.c.o lib/CMakeFiles/libcurl_shared.dir/thrdpool.c.o lib/CMakeFiles/libcurl_shared.dir/thrdqueue.c.o lib/CMakeFiles/libcurl_shared.dir/transfer.c.o lib/CMakeFiles/libcurl_shared.dir/uint-bset.c.o lib/CMakeFiles/libcurl_shared.dir/uint-hash.c.o lib/CMakeFiles/libcurl_shared.dir/uint-hashset.c.o lib/CMakeFiles/libcurl_shared.dir/uint-spbset.c.o lib/CMakeFiles/libcurl_shared.dir/uint-table.c.o lib/CMakeFiles/libcurl_shared.dir/url.c.o lib/CMakeFiles/libcurl_shared.dir/urlapi.c.o lib/CMakeFiles/libcurl_shared.dir/version.c.o lib/CMakeFiles/libcurl_shared.dir/ws.c.o lib/CMakeFiles/libcurl_shared.dir/vauth/cleartext.c.o lib/CMakeFiles/libcurl_shared.dir/vauth/cram.c.o lib/CMakeFiles/libcurl_shared.dir/vauth/digest.c.o lib/CMakeFiles/libcurl_shared.dir/vauth/digest_sspi.c.o lib/CMakeFiles/libcurl_shared.dir/vauth/gsasl.c.o lib/CMakeFiles/libcurl_shared.dir/vauth/krb5_gssapi.c.o lib/CMakeFiles/libcurl_shared.dir/vauth/krb5_sspi.c.o lib/CMakeFiles/libcurl_shared.dir/vauth/ntlm.c.o lib/CMakeFiles/libcurl_shared.dir/vauth/ntlm_sspi.c.o lib/CMakeFiles/libcurl_shared.dir/vauth/oauth2.c.o lib/CMakeFiles/libcurl_shared.dir/vauth/spnego_gssapi.c.o lib/CMakeFiles/libcurl_shared.dir/vauth/spnego_sspi.c.o lib/CMakeFiles/libcurl_shared.dir/vauth/vauth.c.o lib/CMakeFiles/libcurl_shared.dir/vdns/asyn-ares.c.o lib/CMakeFiles/libcurl_shared.dir/vdns/asyn-base.c.o lib/CMakeFiles/libcurl_shared.dir/vdns/asyn-thrdd.c.o lib/CMakeFiles/libcurl_shared.dir/vdns/cf-dns.c.o lib/CMakeFiles/libcurl_shared.dir/vdns/dnscache.c.o lib/CMakeFiles/libcurl_shared.dir/vdns/doh.c.o lib/CMakeFiles/libcurl_shared.dir/vdns/hostip.c.o lib/CMakeFiles/libcurl_shared.dir/vdns/hostip4.c.o lib/CMakeFiles/libcurl_shared.dir/vdns/hostip6.c.o lib/CMakeFiles/libcurl_shared.dir/vdns/httpsrr.c.o lib/CMakeFiles/libcurl_shared.dir/vtls/apple.c.o lib/CMakeFiles/libcurl_shared.dir/vtls/cipher_suite.c.o lib/CMakeFiles/libcurl_shared.dir/vtls/gtls.c.o lib/CMakeFiles/libcurl_shared.dir/vtls/hostcheck.c.o lib/CMakeFiles/libcurl_shared.dir/vtls/keylog.c.o lib/CMakeFiles/libcurl_shared.dir/vtls/mbedtls.c.o lib/CMakeFiles/libcurl_shared.dir/vtls/openssl.c.o lib/CMakeFiles/libcurl_shared.dir/vtls/rustls.c.o lib/CMakeFiles/libcurl_shared.dir/vtls/schannel.c.o lib/CMakeFiles/libcurl_shared.dir/vtls/schannel_verify.c.o lib/CMakeFiles/libcurl_shared.dir/vtls/vtls.c.o lib/CMakeFiles/libcurl_shared.dir/vtls/vtls_config.c.o lib/CMakeFiles/libcurl_shared.dir/vtls/vtls_scache.c.o lib/CMakeFiles/libcurl_shared.dir/vtls/vtls_spack.c.o lib/CMakeFiles/libcurl_shared.dir/vtls/wolfssl.c.o lib/CMakeFiles/libcurl_shared.dir/vtls/x509asn1.c.o lib/CMakeFiles/libcurl_shared.dir/vquic/capsule.c.o lib/CMakeFiles/libcurl_shared.dir/vquic/cf-capsule.c.o lib/CMakeFiles/libcurl_shared.dir/vquic/cf-ngtcp2.c.o lib/CMakeFiles/libcurl_shared.dir/vquic/cf-ngtcp2-cmn.c.o lib/CMakeFiles/libcurl_shared.dir/vquic/cf-ngtcp2-proxy.c.o lib/CMakeFiles/libcurl_shared.dir/vquic/cf-quiche.c.o lib/CMakeFiles/libcurl_shared.dir/vquic/vquic.c.o lib/CMakeFiles/libcurl_shared.dir/vquic/vquic-tls.c.o lib/CMakeFiles/libcurl_shared.dir/vssh/libssh.c.o lib/CMakeFiles/libcurl_shared.dir/vssh/libssh2.c.o lib/CMakeFiles/libcurl_shared.dir/vssh/vssh.c.o lib/CMakeFiles/libcurl_shared.dir/curlx/base64.c.o lib/CMakeFiles/libcurl_shared.dir/curlx/basename.c.o lib/CMakeFiles/libcurl_shared.dir/curlx/dynbuf.c.o lib/CMakeFiles/libcurl_shared.dir/curlx/fopen.c.o lib/CMakeFiles/libcurl_shared.dir/curlx/inet_ntop.c.o lib/CMakeFiles/libcurl_shared.dir/curlx/inet_pton.c.o lib/CMakeFiles/libcurl_shared.dir/curlx/multibyte.c.o lib/CMakeFiles/libcurl_shared.dir/curlx/nonblock.c.o lib/CMakeFiles/libcurl_shared.dir/curlx/snprintf.c.o lib/CMakeFiles/libcurl_shared.dir/curlx/strcopy.c.o lib/CMakeFiles/libcurl_shared.dir/curlx/strdup.c.o lib/CMakeFiles/libcurl_shared.dir/curlx/strerr.c.o lib/CMakeFiles/libcurl_shared.dir/curlx/strparse.c.o lib/CMakeFiles/libcurl_shared.dir/curlx/timediff.c.o lib/CMakeFiles/libcurl_shared.dir/curlx/timeval.c.o lib/CMakeFiles/libcurl_shared.dir/curlx/version_win32.c.o lib/CMakeFiles/libcurl_shared.dir/curlx/wait.c.o lib/CMakeFiles/libcurl_shared.dir/curlx/warnless.c.o lib/CMakeFiles/libcurl_shared.dir/curlx/winapi.c.o  /home/baidu/scrapanium-experiments/scrapanium-wss-recv-cold-20260924/build/wss-recv-coalescing/backend-work/build/deps/install/lib/libssl.a  /home/baidu/scrapanium-experiments/scrapanium-wss-recv-cold-20260924/build/wss-recv-coalescing/backend-work/build/deps/install/lib/libcrypto.a  -lstdc++  /home/baidu/scrapanium-experiments/scrapanium-wss-recv-cold-20260924/build/wss-recv-coalescing/backend-work/build/deps/install/lib/libz.a  /home/baidu/scrapanium-experiments/scrapanium-wss-recv-cold-20260924/build/wss-recv-coalescing/backend-work/build/deps/install/lib/libidn2.a  /home/baidu/scrapanium-experiments/scrapanium-wss-recv-cold-20260924/build/wss-recv-coalescing/backend-work/build/deps/install/lib/libcares.a  -ldl  /home/baidu/scrapanium-experiments/scrapanium-wss-recv-cold-20260924/build/wss-recv-coalescing/backend-work/build/deps/install/lib/libbrotlidec.a  /home/baidu/scrapanium-experiments/scrapanium-wss-recv-cold-20260924/build/wss-recv-coalescing/backend-work/build/deps/install/lib/libbrotlicommon.a  /home/baidu/scrapanium-experiments/scrapanium-wss-recv-cold-20260924/build/wss-recv-coalescing/backend-work/build/deps/install/lib/libzstd.a  /home/baidu/scrapanium-experiments/scrapanium-wss-recv-cold-20260924/build/wss-recv-coalescing/backend-work/build/deps/install/lib/libnghttp2.a  /home/baidu/scrapanium-experiments/scrapanium-wss-recv-cold-20260924/build/wss-recv-coalescing/backend-work/build/deps/install/lib/libngtcp2.a  /home/baidu/scrapanium-experiments/scrapanium-wss-recv-cold-20260924/build/wss-recv-coalescing/backend-work/build/deps/install/lib/libngtcp2_crypto_boringssl.a  /home/baidu/scrapanium-experiments/scrapanium-wss-recv-cold-20260924/build/wss-recv-coalescing/backend-work/build/deps/install/lib/libnghttp3.a && :
[5/6] /usr/bin/cmake -E cmake_symlink_library lib/libcurl-impersonate.so.4.8.0  lib/libcurl-impersonate.so.4 lib/libcurl-impersonate.so && :
[6/6] : && /usr/bin/clang++ -I/home/baidu/scrapanium-experiments/scrapanium-wss-recv-cold-20260924/build/wss-recv-coalescing/backend-work/build/deps/install/include -O3 -DNDEBUG -Xlinker --dependency-file=src/CMakeFiles/curl-impersonate.dir/link.d src/CMakeFiles/curl-impersonate.dir/config2setopts.c.o src/CMakeFiles/curl-impersonate.dir/slist_wc.c.o src/CMakeFiles/curl-impersonate.dir/terminal.c.o src/CMakeFiles/curl-impersonate.dir/tool_cb_dbg.c.o src/CMakeFiles/curl-impersonate.dir/tool_cb_hdr.c.o src/CMakeFiles/curl-impersonate.dir/tool_cb_prg.c.o src/CMakeFiles/curl-impersonate.dir/tool_cb_rea.c.o src/CMakeFiles/curl-impersonate.dir/tool_cb_see.c.o src/CMakeFiles/curl-impersonate.dir/tool_cb_soc.c.o src/CMakeFiles/curl-impersonate.dir/tool_cb_wrt.c.o src/CMakeFiles/curl-impersonate.dir/tool_cfgable.c.o src/CMakeFiles/curl-impersonate.dir/tool_dirhie.c.o src/CMakeFiles/curl-impersonate.dir/tool_doswin.c.o src/CMakeFiles/curl-impersonate.dir/tool_easysrc.c.o src/CMakeFiles/curl-impersonate.dir/tool_filetime.c.o src/CMakeFiles/curl-impersonate.dir/tool_findfile.c.o src/CMakeFiles/curl-impersonate.dir/tool_formparse.c.o src/CMakeFiles/curl-impersonate.dir/tool_getparam.c.o src/CMakeFiles/curl-impersonate.dir/tool_getpass.c.o src/CMakeFiles/curl-impersonate.dir/tool_help.c.o src/CMakeFiles/curl-impersonate.dir/tool_helpers.c.o src/CMakeFiles/curl-impersonate.dir/tool_ipfs.c.o src/CMakeFiles/curl-impersonate.dir/tool_libinfo.c.o src/CMakeFiles/curl-impersonate.dir/tool_listhelp.c.o src/CMakeFiles/curl-impersonate.dir/tool_main.c.o src/CMakeFiles/curl-impersonate.dir/tool_msgs.c.o src/CMakeFiles/curl-impersonate.dir/tool_operate.c.o src/CMakeFiles/curl-impersonate.dir/tool_operhlp.c.o src/CMakeFiles/curl-impersonate.dir/tool_paramhlp.c.o src/CMakeFiles/curl-impersonate.dir/tool_parsecfg.c.o src/CMakeFiles/curl-impersonate.dir/tool_progress.c.o src/CMakeFiles/curl-impersonate.dir/tool_setopt.c.o src/CMakeFiles/curl-impersonate.dir/tool_ssls.c.o src/CMakeFiles/curl-impersonate.dir/tool_stderr.c.o src/CMakeFiles/curl-impersonate.dir/tool_urlglob.c.o src/CMakeFiles/curl-impersonate.dir/tool_util.c.o src/CMakeFiles/curl-impersonate.dir/tool_vms.c.o src/CMakeFiles/curl-impersonate.dir/tool_writeout.c.o src/CMakeFiles/curl-impersonate.dir/tool_writeout_json.c.o src/CMakeFiles/curl-impersonate.dir/tool_xattr.c.o src/CMakeFiles/curl-impersonate.dir/var.c.o src/CMakeFiles/curl-impersonate.dir/toolx/tool_time.c.o -o src/curl-impersonate  lib/libcurl-impersonate.a  /home/baidu/scrapanium-experiments/scrapanium-wss-recv-cold-20260924/build/wss-recv-coalescing/backend-work/build/deps/install/lib/libssl.a  /home/baidu/scrapanium-experiments/scrapanium-wss-recv-cold-20260924/build/wss-recv-coalescing/backend-work/build/deps/install/lib/libcrypto.a  -lstdc++  /home/baidu/scrapanium-experiments/scrapanium-wss-recv-cold-20260924/build/wss-recv-coalescing/backend-work/build/deps/install/lib/libz.a  /home/baidu/scrapanium-experiments/scrapanium-wss-recv-cold-20260924/build/wss-recv-coalescing/backend-work/build/deps/install/lib/libidn2.a  /home/baidu/scrapanium-experiments/scrapanium-wss-recv-cold-20260924/build/wss-recv-coalescing/backend-work/build/deps/install/lib/libcares.a  -ldl  /home/baidu/scrapanium-experiments/scrapanium-wss-recv-cold-20260924/build/wss-recv-coalescing/backend-work/build/deps/install/lib/libbrotlidec.a  /home/baidu/scrapanium-experiments/scrapanium-wss-recv-cold-20260924/build/wss-recv-coalescing/backend-work/build/deps/install/lib/libbrotlicommon.a  /home/baidu/scrapanium-experiments/scrapanium-wss-recv-cold-20260924/build/wss-recv-coalescing/backend-work/build/deps/install/lib/libzstd.a  /home/baidu/scrapanium-experiments/scrapanium-wss-recv-cold-20260924/build/wss-recv-coalescing/backend-work/build/deps/install/lib/libnghttp2.a  /home/baidu/scrapanium-experiments/scrapanium-wss-recv-cold-20260924/build/wss-recv-coalescing/backend-work/build/deps/install/lib/libngtcp2.a  /home/baidu/scrapanium-experiments/scrapanium-wss-recv-cold-20260924/build/wss-recv-coalescing/backend-work/build/deps/install/lib/libngtcp2_crypto_boringssl.a  /home/baidu/scrapanium-experiments/scrapanium-wss-recv-cold-20260924/build/wss-recv-coalescing/backend-work/build/deps/install/lib/libnghttp3.a && :

+ cmake --install /home/baidu/scrapanium-experiments/scrapanium-wss-recv-cold-20260924/build/wss-recv-coalescing/backend-work/build
-- Install configuration: ""
-- Installing: /home/baidu/scrapanium-experiments/scrapanium-wss-recv-cold-20260924/build/wss-recv-coalescing/backend-live/bin/curl-impersonate
-- Up-to-date: /home/baidu/scrapanium-experiments/scrapanium-wss-recv-cold-20260924/build/wss-recv-coalescing/backend-live/lib
-- Up-to-date: /home/baidu/scrapanium-experiments/scrapanium-wss-recv-cold-20260924/build/wss-recv-coalescing/backend-live/lib/libcurl-impersonate.so
-- Installing: /home/baidu/scrapanium-experiments/scrapanium-wss-recv-cold-20260924/build/wss-recv-coalescing/backend-live/lib/libcurl-impersonate.a
-- Installing: /home/baidu/scrapanium-experiments/scrapanium-wss-recv-cold-20260924/build/wss-recv-coalescing/backend-live/lib/libcurl-impersonate.so.4.8.0
-- Up-to-date: /home/baidu/scrapanium-experiments/scrapanium-wss-recv-cold-20260924/build/wss-recv-coalescing/backend-live/lib/libcurl-impersonate.so.4
-- Up-to-date: /home/baidu/scrapanium-experiments/scrapanium-wss-recv-cold-20260924/build/wss-recv-coalescing/backend-live/include/curl
-- Up-to-date: /home/baidu/scrapanium-experiments/scrapanium-wss-recv-cold-20260924/build/wss-recv-coalescing/backend-live/include/curl/mprintf.h
-- Up-to-date: /home/baidu/scrapanium-experiments/scrapanium-wss-recv-cold-20260924/build/wss-recv-coalescing/backend-live/include/curl/stdcheaders.h
-- Up-to-date: /home/baidu/scrapanium-experiments/scrapanium-wss-recv-cold-20260924/build/wss-recv-coalescing/backend-live/include/curl/typecheck-gcc.h
-- Up-to-date: /home/baidu/scrapanium-experiments/scrapanium-wss-recv-cold-20260924/build/wss-recv-coalescing/backend-live/include/curl/easy.h
-- Up-to-date: /home/baidu/scrapanium-experiments/scrapanium-wss-recv-cold-20260924/build/wss-recv-coalescing/backend-live/include/curl/urlapi.h
-- Up-to-date: /home/baidu/scrapanium-experiments/scrapanium-wss-recv-cold-20260924/build/wss-recv-coalescing/backend-live/include/curl/options.h
-- Up-to-date: /home/baidu/scrapanium-experiments/scrapanium-wss-recv-cold-20260924/build/wss-recv-coalescing/backend-live/include/curl/system.h
-- Up-to-date: /home/baidu/scrapanium-experiments/scrapanium-wss-recv-cold-20260924/build/wss-recv-coalescing/backend-live/include/curl/curl.h
-- Up-to-date: /home/baidu/scrapanium-experiments/scrapanium-wss-recv-cold-20260924/build/wss-recv-coalescing/backend-live/include/curl/header.h
-- Up-to-date: /home/baidu/scrapanium-experiments/scrapanium-wss-recv-cold-20260924/build/wss-recv-coalescing/backend-live/include/curl/multi.h
-- Up-to-date: /home/baidu/scrapanium-experiments/scrapanium-wss-recv-cold-20260924/build/wss-recv-coalescing/backend-live/include/curl/curlver.h
-- Up-to-date: /home/baidu/scrapanium-experiments/scrapanium-wss-recv-cold-20260924/build/wss-recv-coalescing/backend-live/include/curl/websockets.h
-- Up-to-date: /home/baidu/scrapanium-experiments/scrapanium-wss-recv-cold-20260924/build/wss-recv-coalescing/backend-live/bin/curl_chrome100
-- Up-to-date: /home/baidu/scrapanium-experiments/scrapanium-wss-recv-cold-20260924/build/wss-recv-coalescing/backend-live/bin/curl_chrome101
-- Up-to-date: /home/baidu/scrapanium-experiments/scrapanium-wss-recv-cold-20260924/build/wss-recv-coalescing/backend-live/bin/curl_chrome104
-- Up-to-date: /home/baidu/scrapanium-experiments/scrapanium-wss-recv-cold-20260924/build/wss-recv-coalescing/backend-live/bin/curl_chrome107
-- Up-to-date: /home/baidu/scrapanium-experiments/scrapanium-wss-recv-cold-20260924/build/wss-recv-coalescing/backend-live/bin/curl_chrome110
-- Up-to-date: /home/baidu/scrapanium-experiments/scrapanium-wss-recv-cold-20260924/build/wss-recv-coalescing/backend-live/bin/curl_chrome116
-- Up-to-date: /home/baidu/scrapanium-experiments/scrapanium-wss-recv-cold-20260924/build/wss-recv-coalescing/backend-live/bin/curl_chrome119
-- Up-to-date: /home/baidu/scrapanium-experiments/scrapanium-wss-recv-cold-20260924/build/wss-recv-coalescing/backend-live/bin/curl_chrome120
-- Up-to-date: /home/baidu/scrapanium-experiments/scrapanium-wss-recv-cold-20260924/build/wss-recv-coalescing/backend-live/bin/curl_chrome123
-- Up-to-date: /home/baidu/scrapanium-experiments/scrapanium-wss-recv-cold-20260924/build/wss-recv-coalescing/backend-live/bin/curl_chrome124
-- Up-to-date: /home/baidu/scrapanium-experiments/scrapanium-wss-recv-cold-20260924/build/wss-recv-coalescing/backend-live/bin/curl_chrome131
-- Up-to-date: /home/baidu/scrapanium-experiments/scrapanium-wss-recv-cold-20260924/build/wss-recv-coalescing/backend-live/bin/curl_chrome131_android
-- Up-to-date: /home/baidu/scrapanium-experiments/scrapanium-wss-recv-cold-20260924/build/wss-recv-coalescing/backend-live/bin/curl_chrome133a
-- Up-to-date: /home/baidu/scrapanium-experiments/scrapanium-wss-recv-cold-20260924/build/wss-recv-coalescing/backend-live/bin/curl_chrome136
-- Up-to-date: /home/baidu/scrapanium-experiments/scrapanium-wss-recv-cold-20260924/build/wss-recv-coalescing/backend-live/bin/curl_chrome142
-- Up-to-date: /home/baidu/scrapanium-experiments/scrapanium-wss-recv-cold-20260924/build/wss-recv-coalescing/backend-live/bin/curl_chrome145
-- Up-to-date: /home/baidu/scrapanium-experiments/scrapanium-wss-recv-cold-20260924/build/wss-recv-coalescing/backend-live/bin/curl_chrome146
-- Up-to-date: /home/baidu/scrapanium-experiments/scrapanium-wss-recv-cold-20260924/build/wss-recv-coalescing/backend-live/bin/curl_chrome150
-- Up-to-date: /home/baidu/scrapanium-experiments/scrapanium-wss-recv-cold-20260924/build/wss-recv-coalescing/backend-live/bin/curl_chrome99
-- Up-to-date: /home/baidu/scrapanium-experiments/scrapanium-wss-recv-cold-20260924/build/wss-recv-coalescing/backend-live/bin/curl_chrome99_android
-- Up-to-date: /home/baidu/scrapanium-experiments/scrapanium-wss-recv-cold-20260924/build/wss-recv-coalescing/backend-live/bin/curl_edge101
-- Up-to-date: /home/baidu/scrapanium-experiments/scrapanium-wss-recv-cold-20260924/build/wss-recv-coalescing/backend-live/bin/curl_edge99
-- Up-to-date: /home/baidu/scrapanium-experiments/scrapanium-wss-recv-cold-20260924/build/wss-recv-coalescing/backend-live/bin/curl_firefox133
-- Up-to-date: /home/baidu/scrapanium-experiments/scrapanium-wss-recv-cold-20260924/build/wss-recv-coalescing/backend-live/bin/curl_firefox135
-- Up-to-date: /home/baidu/scrapanium-experiments/scrapanium-wss-recv-cold-20260924/build/wss-recv-coalescing/backend-live/bin/curl_firefox144
-- Up-to-date: /home/baidu/scrapanium-experiments/scrapanium-wss-recv-cold-20260924/build/wss-recv-coalescing/backend-live/bin/curl_firefox147
-- Up-to-date: /home/baidu/scrapanium-experiments/scrapanium-wss-recv-cold-20260924/build/wss-recv-coalescing/backend-live/bin/curl_safari153
-- Up-to-date: /home/baidu/scrapanium-experiments/scrapanium-wss-recv-cold-20260924/build/wss-recv-coalescing/backend-live/bin/curl_safari155
-- Up-to-date: /home/baidu/scrapanium-experiments/scrapanium-wss-recv-cold-20260924/build/wss-recv-coalescing/backend-live/bin/curl_safari170
-- Up-to-date: /home/baidu/scrapanium-experiments/scrapanium-wss-recv-cold-20260924/build/wss-recv-coalescing/backend-live/bin/curl_safari172_ios
-- Up-to-date: /home/baidu/scrapanium-experiments/scrapanium-wss-recv-cold-20260924/build/wss-recv-coalescing/backend-live/bin/curl_safari180
-- Up-to-date: /home/baidu/scrapanium-experiments/scrapanium-wss-recv-cold-20260924/build/wss-recv-coalescing/backend-live/bin/curl_safari180_ios
-- Up-to-date: /home/baidu/scrapanium-experiments/scrapanium-wss-recv-cold-20260924/build/wss-recv-coalescing/backend-live/bin/curl_safari184
-- Up-to-date: /home/baidu/scrapanium-experiments/scrapanium-wss-recv-cold-20260924/build/wss-recv-coalescing/backend-live/bin/curl_safari184_ios
-- Up-to-date: /home/baidu/scrapanium-experiments/scrapanium-wss-recv-cold-20260924/build/wss-recv-coalescing/backend-live/bin/curl_safari260
-- Up-to-date: /home/baidu/scrapanium-experiments/scrapanium-wss-recv-cold-20260924/build/wss-recv-coalescing/backend-live/bin/curl_safari2601
-- Up-to-date: /home/baidu/scrapanium-experiments/scrapanium-wss-recv-cold-20260924/build/wss-recv-coalescing/backend-live/bin/curl_safari260_ios
-- Up-to-date: /home/baidu/scrapanium-experiments/scrapanium-wss-recv-cold-20260924/build/wss-recv-coalescing/backend-live/bin/curl_tor145
+ git archive --format=tar --output=/home/baidu/scrapanium-experiments/scrapanium-wss-recv-cold-20260924/build/wss-recv-coalescing/baseline.tar 7b412fbaae907f4419b94085d0ae5bf81db94341
+ git archive --format=tar --output=/home/baidu/scrapanium-experiments/scrapanium-wss-recv-cold-20260924/build/wss-recv-coalescing/candidate.tar 7b412fbaae907f4419b94085d0ae5bf81db94341
+ patch --batch --fuzz=0 --dry-run -p1 -i /home/baidu/scrapanium-experiments/scrapanium-wss-recv-cold-20260924/build/wss-recv-coalescing/patches/native-bridge-coalescing.patch
checking file native/websocket.inc.c
+ patch --batch --fuzz=0 -p1 -i /home/baidu/scrapanium-experiments/scrapanium-wss-recv-cold-20260924/build/wss-recv-coalescing/patches/native-bridge-coalescing.patch
patching file native/websocket.inc.c
+ /usr/bin/python3 scripts/build.py -o /home/baidu/scrapanium-experiments/scrapanium-wss-recv-cold-20260924/build/wss-recv-coalescing/client-roots/baseline/build/libscrapanium.so
/home/baidu/scrapanium-experiments/scrapanium-wss-recv-cold-20260924/build/wss-recv-coalescing/client-roots/baseline/build/libscrapanium.so
+ /usr/bin/python3 scripts/build.py benchmarks/websocket_stream.bend -o /home/baidu/scrapanium-experiments/scrapanium-wss-recv-cold-20260924/build/wss-recv-coalescing/client-roots/baseline/build/websocket_stream
bend 2.0.26 is available: run bend update
/home/baidu/scrapanium-experiments/scrapanium-wss-recv-cold-20260924/build/wss-recv-coalescing/client-roots/baseline/build/websocket_stream
+ /usr/bin/python3 scripts/build.py -o /home/baidu/scrapanium-experiments/scrapanium-wss-recv-cold-20260924/build/wss-recv-coalescing/client-roots/candidate/build/libscrapanium.so
/home/baidu/scrapanium-experiments/scrapanium-wss-recv-cold-20260924/build/wss-recv-coalescing/client-roots/candidate/build/libscrapanium.so
+ /usr/bin/python3 scripts/build.py benchmarks/websocket_stream.bend -o /home/baidu/scrapanium-experiments/scrapanium-wss-recv-cold-20260924/build/wss-recv-coalescing/client-roots/candidate/build/websocket_stream
bend 2.0.26 is available: run bend update
/home/baidu/scrapanium-experiments/scrapanium-wss-recv-cold-20260924/build/wss-recv-coalescing/client-roots/candidate/build/websocket_stream
Prepared isolated pair at /home/baidu/scrapanium-experiments/scrapanium-wss-recv-cold-20260924/build/wss-recv-coalescing
Run the correctness smoke before any fixed full measurement.
